,genus,Mean_Score
1,g__0-14-0-10-38-17,0.916826792
2,g__0-14-0-20-30-16,1.765081038
3,g__0-14-0-20-34-12,1.949284558
4,g__0-14-0-20-40-13,1.290983629
5,g__0-14-0-20-44-26,1.69488568
6,g__0-14-0-20-45-22,2.142900426
7,g__0-14-0-20-51-18,2.133196244
8,g__0-14-0-80-44-23,1.809728323
9,g__0-14-0-80-59-12,2.101559884
10,g__0-14-0-80-60-11,2.672995898
11,g__0-14-3-00-41-53,2.37899147
12,g__0-14-3-00-62-12,3.365461142
13,g__01-FULL-36-10b,1.662261236
14,g__01-FULL-36-15b,1.284690777
15,g__01-FULL-38-12b,1.792148441
16,g__01-FULL-39-12b,1.613602715
17,g__01-FULL-43-11b,1.363588083
18,g__01-FULL-43-15b,1.197663213
19,g__01-FULL-44-24b,1.561670148
20,g__01-FULL-45-10b,1.67994116
21,g__01-FULL-45-15b,1.894417193
22,g__01-FULL-45-25b,1.561036311
23,g__01-FULL-45-34b,1.544585803
24,g__01-FULL-48-32b,1.088644305
25,g__01-FULL-49-22b,1.785339374
26,g__01-FULL-54-110,1.500596998
27,g__02-FULL-45-10c,1.664496029
28,g__02-FULL-45-11b,1.453494064
29,g__02-FULL-45-17b,1.58191853
30,g__1-14-0-10-31-34,2.018435553
31,g__1-14-0-10-32-24,1.966914342
32,g__1-14-0-10-34-10,0.878529234
33,g__1-14-0-10-34-76,1.730576302
34,g__1-14-0-10-36-11,1.040951029
35,g__1-14-0-10-36-16,1.549588183
36,g__1-14-0-10-36-19,2.09325468
37,g__1-14-0-10-36-32,1.499331047
38,g__1-14-0-10-37-12,2.877146716
39,g__1-14-0-10-37-14,1.711001513
40,g__1-14-0-10-40-38,1.445434083
41,g__1-14-0-10-41-10,1.479583112
42,g__1-14-0-10-41-12,1.37520922
43,g__1-14-0-10-41-28,1.705231231
44,g__1-14-0-10-42-12,2.082442363
45,g__1-14-0-10-42-19,1.577853224
46,g__1-14-0-10-42-22,1.784762521
47,g__1-14-0-10-43-10,1.351233403
48,g__1-14-0-10-43-11,1.394092375
49,g__1-14-0-10-43-13,1.594620463
50,g__1-14-0-10-43-42,1.583682179
51,g__1-14-0-10-44-13,1.888251013
52,g__1-14-0-10-44-23,1.778199072
53,g__1-14-0-10-45-20,1.980343387
54,g__1-14-0-10-45-29,2.145451709
55,g__1-14-0-10-45-34,2.902931271
56,g__1-14-0-10-46-23,1.386776514
57,g__1-14-0-10-46-36,1.623403221
58,g__1-14-0-10-47-10,1.632401468
59,g__1-14-0-10-47-16,1.978936378
60,g__1-14-0-10-48-11,1.555950191
61,g__1-14-0-10-49-15,1.881162692
62,g__1-14-0-10-49-17,1.800847029
63,g__1-14-0-10-51-16,1.806403134
64,g__1-14-0-10-55-24,1.655073414
65,g__1-14-0-10-56-10,1.106213451
66,g__1-14-0-20-35-14,1.346975387
67,g__1-14-0-20-39-34,2.065584055
68,g__1-14-0-20-39-49,2.904039305
69,g__1-14-0-20-42-23,2.534639311
70,g__1-14-0-20-45-16,2.636167698
71,g__1-14-0-20-46-22,2.509968249
72,g__1-14-0-20-47-16,2.517561672
73,g__1-14-0-20-49-13,2.435341039
74,g__1-14-0-20-64-10,1.706199451
75,g__1-14-0-65-60-17,2.816402372
76,g__1-14-2-50-31-20,2.781708076
77,g__1-14-2-50-48-13,2.773151146
78,g__1-19,5.368972958
79,g__1109,2.617477782
80,g__1162T-S-0a-05,3.230491705
81,g__12-FULL-43-12b,1.617944593
82,g__12-FULL-44-12b,1.571824461
83,g__12-FULL-45-19b,1.462453965
84,g__12-FULL-67-14b,3.128848129
85,g__12844,2.701603291
86,g__13-1-40CM-64-14,2.211533179
87,g__13-1-40CM-70-15,2.421677167
88,g__13-2-20CM-66-19,2.744470642
89,g__13-2-20CM-68-14,2.485153044
90,g__14-2,3.291808602
91,g__16-39-46,2.340474266
92,g__17J80-11,3.577195815
93,g__188UL27-1,3.739568248
94,g__18H4-34,2.805223881
95,g__1XD8-76,3.643349906
96,g__2-01-FULL-33-17,2.298327545
97,g__2-01-FULL-36-15,1.424738185
98,g__2-01-FULL-37-20,1.24794438
99,g__2-01-FULL-38-13,1.504379369
100,g__2-01-FULL-38-21,1.611655984
101,g__2-01-FULL-38-26,1.157574253
102,g__2-01-FULL-39-10,1.485626221
103,g__2-01-FULL-39-10-A,1.678028957
104,g__2-01-FULL-39-12,2.081580717
105,g__2-01-FULL-39-13,1.704119329
106,g__2-01-FULL-39-19,1.562723698
107,g__2-01-FULL-39-21,1.046312465
108,g__2-01-FULL-39-24,1.475994131
109,g__2-01-FULL-39-28,1.671615919
110,g__2-01-FULL-39-33,1.372215716
111,g__2-01-FULL-40-13,1.505266577
112,g__2-01-FULL-40-14,1.57373745
113,g__2-01-FULL-40-24,1.663486377
114,g__2-01-FULL-40-39,1.783409175
115,g__2-01-FULL-40-42,1.44203749
116,g__2-01-FULL-41-11,1.56214225
117,g__2-01-FULL-41-12,1.572536669
118,g__2-01-FULL-41-14,1.947552664
119,g__2-01-FULL-41-18,1.444767596
120,g__2-01-FULL-41-18-A,1.326496489
121,g__2-01-FULL-41-21,1.53283828
122,g__2-01-FULL-41-22,1.504567539
123,g__2-01-FULL-41-26,1.477244593
124,g__2-01-FULL-42-13,1.07719449
125,g__2-01-FULL-42-15,1.394803869
126,g__2-01-FULL-42-20,1.509406365
127,g__2-01-FULL-43-14,1.255617463
128,g__2-01-FULL-43-22,1.510205639
129,g__2-01-FULL-43-38,1.24574092
130,g__2-01-FULL-44-10,1.288439267
131,g__2-01-FULL-44-11,1.510373078
132,g__2-01-FULL-44-17,1.505432792
133,g__2-01-FULL-44-21,1.653111031
134,g__2-01-FULL-44-22,1.518724061
135,g__2-01-FULL-45-10,1.818552463
136,g__2-01-FULL-45-10-A,1.710945936
137,g__2-01-FULL-45-10-B,1.10999437
138,g__2-01-FULL-45-11,1.461070461
139,g__2-01-FULL-45-18,1.382543915
140,g__2-01-FULL-45-33,1.607999435
141,g__2-01-FULL-46-13,1.57255248
142,g__2-01-FULL-46-14,1.762036123
143,g__2-01-FULL-46-14-A,1.319718285
144,g__2-01-FULL-47-10,1.873728999
145,g__2-01-FULL-47-10-A,1.754383754
146,g__2-01-FULL-48-10,1.762216489
147,g__2-01-FULL-48-14,1.760385909
148,g__2-01-FULL-48-16,1.693373463
149,g__2-01-FULL-49-10,1.550600693
150,g__2-01-FULL-49-14,1.322122487
151,g__2-01-FULL-49-17,1.307472529
152,g__2-01-FULL-49-22,1.704391485
153,g__2-01-FULL-50-11,1.570715386
154,g__2-01-FULL-50-23,1.921349065
155,g__2-01-FULL-50-24,1.76613531
156,g__2-01-FULL-50-25,1.636626305
157,g__2-01-FULL-50-28,1.023717997
158,g__2-01-FULL-51-10,1.846264087
159,g__2-01-FULL-51-21,1.479329915
160,g__2-01-FULL-51-34,1.738440639
161,g__2-01-FULL-52-15,1.487447625
162,g__2-01-FULL-53-15,1.863958684
163,g__2-01-FULL-56-20,1.488013446
164,g__2-01-FULL-58-14,1.615769769
165,g__2-01-FULL-59-12,2.019236542
166,g__2-01-FULL-60-11,2.173045921
167,g__2-01-FULL-63-20,1.783234066
168,g__2-01-FULL-64-13,1.668349439
169,g__2-01-FULL-66-17,2.036175161
170,g__2-02-FULL-34-10,1.773953785
171,g__2-02-FULL-34-12,2.095163206
172,g__2-02-FULL-35-15,2.239018765
173,g__2-02-FULL-36-13,1.435118893
174,g__2-02-FULL-37-13,1.426920533
175,g__2-02-FULL-38-14,1.305062399
176,g__2-02-FULL-38-14-A,1.929999822
177,g__2-02-FULL-38-15,1.873159572
178,g__2-02-FULL-38-15-A,2.178656557
179,g__2-02-FULL-39-11,1.177939972
180,g__2-02-FULL-39-13,1.168974595
181,g__2-02-FULL-39-14,1.608932843
182,g__2-02-FULL-39-32,2.018014447
183,g__2-02-FULL-40-10,1.21097133
184,g__2-02-FULL-40-11,2.361171249
185,g__2-02-FULL-40-12,1.17775661
186,g__2-02-FULL-40-13,1.508589298
187,g__2-02-FULL-40-20,1.700726996
188,g__2-02-FULL-42-16,1.434367357
189,g__2-02-FULL-42-43,2.341928804
190,g__2-02-FULL-43-11,1.771573533
191,g__2-02-FULL-43-11-A,1.629064854
192,g__2-02-FULL-43-13,1.764378103
193,g__2-02-FULL-43-16,1.63479865
194,g__2-02-FULL-44-16,2.544826211
195,g__2-02-FULL-44-35,1.591384658
196,g__2-02-FULL-45-10,1.858599456
197,g__2-02-FULL-45-11,1.595830837
198,g__2-02-FULL-45-18,1.570683916
199,g__2-02-FULL-45-21,1.942718691
200,g__2-02-FULL-45-22,2.155568579
201,g__2-02-FULL-45-22_A,2.327487454
202,g__2-02-FULL-46-11,1.588216211
203,g__2-02-FULL-46-13,1.758057677
204,g__2-02-FULL-46-19,1.736524522
205,g__2-02-FULL-47-12,1.82423542
206,g__2-02-FULL-47-50,2.801051034
207,g__2-02-FULL-48-11,1.878002257
208,g__2-02-FULL-48-11-A,1.588920363
209,g__2-02-FULL-48-12,1.87800301
210,g__2-02-FULL-48-14,1.750219677
211,g__2-02-FULL-48-16,1.74166129
212,g__2-02-FULL-49-11,1.501541081
213,g__2-02-FULL-49-12,2.007692298
214,g__2-02-FULL-49-16,1.225404864
215,g__2-02-FULL-50-16,2.826368948
216,g__2-02-FULL-50-16-A,2.200586871
217,g__2-02-FULL-50-9b,2.028323648
218,g__2-02-FULL-51-10,1.63281517
219,g__2-02-FULL-51-18,1.921891481
220,g__2-02-FULL-52-10,1.834257058
221,g__2-02-FULL-52-16,1.736619116
222,g__2-02-FULL-52-23,1.487523474
223,g__2-02-FULL-53-10,1.665742574
224,g__2-02-FULL-55-14,2.220024243
225,g__2-02-FULL-56-15,2.647523775
226,g__2-02-FULL-56-16,1.347898403
227,g__2-02-FULL-58-16,2.574351108
228,g__2-02-FULL-61-13,2.799049182
229,g__2-02-FULL-61-28,3.028909941
230,g__2-02-FULL-62-14,2.400977391
231,g__2-02-FULL-62-17,4.012675343
232,g__2-02-FULL-63-19,3.201430458
233,g__2-02-FULL-65-29,2.882302548
234,g__2-02-FULL-66-14,2.536867153
235,g__2-02-FULL-66-22,2.732918111
236,g__2-02-FULL-67-20,1.666468314
237,g__2-02-FULL-67-57,2.075507256
238,g__2-12-FULL-35-11,2.314056343
239,g__2-12-FULL-35-15,3.286399228
240,g__2-12-FULL-35-23,2.51014166
241,g__2-12-FULL-36-22,1.914919275
242,g__2-12-FULL-37-11,1.320261405
243,g__2-12-FULL-37-12,2.834832369
244,g__2-12-FULL-37-14,2.370291124
245,g__2-12-FULL-37-34,2.332771323
246,g__2-12-FULL-37-7b,1.467315405
247,g__2-12-FULL-38-22,1.71707041
248,g__2-12-FULL-39-13,2.464918711
249,g__2-12-FULL-40-10,1.372820359
250,g__2-12-FULL-40-12,1.65475839
251,g__2-12-FULL-40-28,2.451110838
252,g__2-12-FULL-41-12,1.75831529
253,g__2-12-FULL-41-13,1.531833339
254,g__2-12-FULL-41-16,1.522252055
255,g__2-12-FULL-41-17,1.311444803
256,g__2-12-FULL-41-20,2.095972098
257,g__2-12-FULL-42-10,2.057222591
258,g__2-12-FULL-42-15,2.049722614
259,g__2-12-FULL-43-11,1.524425974
260,g__2-12-FULL-43-12,1.572282036
261,g__2-12-FULL-43-28,2.176020142
262,g__2-12-FULL-44-25,1.153586528
263,g__2-12-FULL-45-10,1.2758684
264,g__2-12-FULL-45-12,1.838319779
265,g__2-12-FULL-45-22,2.762979437
266,g__2-12-FULL-48-17,1.882047103
267,g__2-12-FULL-49-11,2.211460344
268,g__2-12-FULL-50-11,1.572508695
269,g__2-12-FULL-50-11-A,2.193475427
270,g__2-12-FULL-52-36,2.092497452
271,g__2-12-FULL-53-21,2.316136787
272,g__2-12-FULL-54-10,2.60697554
273,g__2-12-FULL-55-11,2.037470679
274,g__2-12-FULL-57-11,1.249560956
275,g__2-12-FULL-57-22,3.19501775
276,g__2-12-FULL-60-19,3.137097707
277,g__2-12-FULL-60-25,1.775496672
278,g__2-12-FULL-62-27,2.824003438
279,g__2-12-FULL-64-23,3.06801943
280,g__2-12-FULL-65-11,2.822063225
281,g__2-12-FULL-66-21,3.569792225
282,g__2-12-FULL-67-15,2.341332123
283,g__2-12-FULL-68-20,2.731749162
284,g__2-12-FULL-69-37,2.446391975
285,g__20-14-0-80-47-9,2.322633746
286,g__20-14-0-80-50-8,1.701528788
287,g__20-14-all-45-10,2.254733169
288,g__20-14-all-54-14,1.607159781
289,g__20-60-12,2.707074842
290,g__2011-GWA2-47-8b,1.524605399
291,g__2011-GWC2-44-17,2.322707516
292,g__2013-40CM-41-45,2.918535562
293,g__20CM-2-55-15,4.037055414
294,g__20CM-2-65-7,2.461609298
295,g__20CM-2-70-11,2.903514725
296,g__20CM-4-69-16,2.278139893
297,g__21-14-0-10-32-9,2.222801773
298,g__21-14-0-10-35-9,2.06263475
299,g__21-14-0-10-42-9,1.64480075
300,g__21-14-0-10-47-8,3.03419341
301,g__21-14-0-10-47-8-A,1.634509543
302,g__21-14-0-20-44-7,2.361216825
303,g__21-14-0-20-46-8,2.12991569
304,g__21-14-0-20-56-8,2.397628556
305,g__21-14-0-20-63-9,1.680361482
306,g__21-14-all-36-13,1.533392528
307,g__21-14-all-37-9,1.144436926
308,g__21-14-all-39-27,4.137839199
309,g__21-14-all-40-8,2.905557312
310,g__21-14-all-47-15,1.713816642
311,g__21-14-all-47-17,1.523717114
312,g__21-64-14,2.671571885
313,g__28-57-27,2.693125657
314,g__28-YEA-48,3.615713976
315,g__3-1-20CM-2-70-9,2.502114374
316,g__3-1-20CM-3-53-8,4.054360468
317,g__3-1-20CM-4-69-9,2.452783909
318,g__3107,2.549340076
319,g__32-111,2.054456675
320,g__33-17,2.763585515
321,g__336-3,3.967561541
322,g__34-128,2.120647193
323,g__34-65-8,2.966780448
324,g__38-11,2.821101838
325,g__39-52-133,3.539561659
326,g__40-19,2.173532199
327,g__40-80,3.760965695
328,g__40CM-2-53-6,2.597404253
329,g__40CM-2-70-7,2.11075266
330,g__40CM-3-55-5,2.730811327
331,g__40CM-3-62-11,2.285126492
332,g__40CM-4-65-16,2.611720116
333,g__40CM-4-68-19,3.209420038
334,g__40CM-4-69-5,2.823417747
335,g__40CM-68-15,3.491603335
336,g__41-12-T18,2.664500248
337,g__41-269,2.329033981
338,g__41T-STBD-0c-01a,3.064733263
339,g__42-11,2.196474233
340,g__42-54-T18,4.402958706
341,g__43-108,2.104427674
342,g__43-37,2.477820891
343,g__4484-100,2.276587277
344,g__4484-107,2.044544493
345,g__4484-113,2.129258706
346,g__4484-171,1.702183644
347,g__4484-188,2.167761171
348,g__4484-190-2,2.973657767
349,g__4484-211,1.360992035
350,g__4484-213,1.685230525
351,g__4484-219,1.814171152
352,g__4484-230,2.89929809
353,g__4484-232,1.73165491
354,g__4484-275,1.850146382
355,g__4484-276,2.493560986
356,g__4484-49,1.490601494
357,g__4484-7,2.005068845
358,g__4484-87,2.562735669
359,g__4484-93,2.043806999
360,g__4484-95,2.331443206
361,g__4572-104,2.22389328
362,g__4572-112,2.604178639
363,g__4572-123,3.212150122
364,g__4572-128,2.445271807
365,g__4572-13,2.052534954
366,g__4572-130,2.283865828
367,g__4572-55,3.1562333
368,g__4572-78,2.798190782
369,g__46-47,2.144322724
370,g__46-80,2.379181373
371,g__4M-Z18,4.08119788
372,g__50-218,2.111931079
373,g__50-400-T64,2.877861202
374,g__51-20,2.606880358
375,g__54-19,4.016343889
376,g__55-13,2.829905604
377,g__58-81,2.24574213
378,g__62-47,3.515598672
379,g__629B-23,2.106184897
380,g__63-22,3.842671798
381,g__630D-37,2.538976687
382,g__64-32,1.958069534
383,g__65-79,3.570214796
384,g__65-9,4.051673417
385,g__66-26,3.456571586
386,g__66-474,2.400393156
387,g__67-14,2.558317488
388,g__6H3-1,2.81525317
389,g__70-18,3.557162145
390,g__73-13,2.029717464
391,g__79-D21,2.147367378
392,g__9FT-COMBO-42-15,2.326114069
393,g__9FT-COMBO-48-23,2.467599338
394,g__9FT-COMBO-53-11,1.486158469
395,g__9FT-COMBO-55-16,2.727745201
396,g__A-MIC-10,1.843631411
397,g__A05DMB-2,2.531569468
398,g__A07HB70,2.466321066
399,g__A373,2.076387309
400,g__A37T11,3.024677704
401,g__A9E412,3.085776569
402,g__AA152,2.421969329
403,g__AA29,3.284416614
404,g__AA32,3.205737296
405,g__AAA044-D11,3.001161815
406,g__AAA071-K20,2.4262115
407,g__AAA164-E04,3.186844266
408,g__AAA240-E13,1.526747089
409,g__AAA261-N23,2.116320005
410,g__AAA300-D14,2.095899714
411,g__AAA536-G10,2.206241358
412,g__AABM5-125-24,2.31637989
413,g__AAP99,3.178090375
414,g__AB-137-C09,2.559897425
415,g__AB-629-J13,2.019554537
416,g__AB001-6,2.204663116
417,g__AB1-6,1.684790388
418,g__AC-14,3.089624143
419,g__AC-16,3.127704212
420,g__AC-21,2.490842581
421,g__AC-25,2.23021422
422,g__AC-32,2.348039118
423,g__AC-35,2.610479262
424,g__AC-37,2.061789423
425,g__AC-38,2.02825493
426,g__AC-48,2.521685802
427,g__AC-49,2.784360054
428,g__AC-50,2.021737746
429,g__AC-51,2.420486145
430,g__AC-52,2.21039704
431,g__AC-55,2.357363956
432,g__AC-56,2.196376422
433,g__AC-64,2.192289555
434,g__AC-67,2.379680769
435,g__AC-69,2.163543077
436,g__AC-9,2.768001978
437,g__AC2028,2.961743557
438,g__ACE-ARM1,2.632303541
439,g__AD8-1,2.064575777
440,g__AE-B3A,1.980574763
441,g__AE-B3B,1.803701398
442,g__AEGEAN-183,2.202137337
443,g__AER2-1,2.427804195
444,g__AF33-28,3.964297003
445,g__AG-12,2.830446754
446,g__AG-337-I02,1.691751974
447,g__AG-339-G14,1.882779423
448,g__AG-343-D04,1.985664892
449,g__AG-363-A16,2.359822378
450,g__AG-363-B04,2.381469008
451,g__AG-363-J23,2.302572702
452,g__AG-363-K07,2.239244952
453,g__AG-363-N16,2.027733719
454,g__AG-363-N20,2.424250788
455,g__AG-363-O06,2.084372421
456,g__AG-363-O15,2.185484328
457,g__AG-363-P08,2.016187845
458,g__AG-402-N21,2.134742791
459,g__AG-409-A19,2.123296998
460,g__AG-409-B05,2.322776529
461,g__AG-409-B13,2.254638153
462,g__AG-409-D09,2.160098153
463,g__AG-409-G20,2.340059185
464,g__AG-409-I11,2.36221898
465,g__AG-409-J16,2.200890858
466,g__AG-409-J19,2.269599079
467,g__AG-409-L14,2.020899832
468,g__AG-409-L18,2.482209106
469,g__AG-409-M05,2.211369606
470,g__AG-409-N21,2.415655828
471,g__AG-409-O23,2.135796718
472,g__AG-409-P01,2.377828032
473,g__AG-409-P03,2.068066677
474,g__AG-410-N11,2.113450011
475,g__AG-414-E02,1.544954208
476,g__AG-422-B15,1.842805276
477,g__AG-426-I14,2.113785305
478,g__AG-426-M11,2.131310713
479,g__AG-430-B22,2.019558854
480,g__AG-463-P14,2.282731373
481,g__AG1,2.440878846
482,g__AG11,3.040642194
483,g__AG12,2.942256814
484,g__AG2,2.925815641
485,g__AG25,2.17624615
486,g__AG29,2.126398195
487,g__AG41,2.3549717
488,g__AGPOR5,3.282331724
489,g__AHLZ01,3.855492309
490,g__AK92,3.719434117
491,g__AKCV01,3.602283824
492,g__AL-N1,4.507727668
493,g__AM-0621,5.157297778
494,g__AM-1111,3.010428852
495,g__AM-2324,3.316056268
496,g__AMARA-1,2.898510103
497,g__AMAZON01,2.133306774
498,g__ANME-1-THS,2.324264201
499,g__ANME1a,2.078446345
500,g__ANT-38,2.392946548
501,g__ANT-B6,3.044708527
502,g__AP-15,3.088936942
503,g__AP-16,2.929867011
504,g__AQU-01,1.989169588
505,g__AQU-03,3.461089131
506,g__AQU-09,2.207992882
507,g__AR12,3.636528545
508,g__AR19,2.883513732
509,g__AR31,3.73475716
510,g__AR37,3.292125092
511,g__AR5,3.315426612
512,g__AR8,3.399023282
513,g__AR9,2.60471454
514,g__ARK-14,2.130891316
515,g__ARK-15,2.312155137
516,g__ARM-1,1.542426588
517,g__ARS10,5.851227882
518,g__ARS1013,2.098877218
519,g__ARS1178,1.39487745
520,g__ARS1224,1.86685885
521,g__ARS1285,2.433978509
522,g__ARS1301,1.59531347
523,g__ARS1309,1.799086857
524,g__ARS1403,1.198800242
525,g__ARS21,1.995275781
526,g__ARS23,4.150965323
527,g__ARS50,1.96122943
528,g__ARS69,2.276296949
529,g__ARS98,3.322648328
530,g__ASMP01,1.68497012
531,g__ASP10-02a,3.350588594
532,g__ASP10-05a,2.641718118
533,g__ASV31,3.473699271
534,g__ATBO01,3.05540415
535,g__ATCC-39006,4.410476128
536,g__ATM1,2.501881492
537,g__ATN2,2.89486931
538,g__ATN3,2.416473024
539,g__ATX-6F1,3.029334145
540,g__ATZT02,2.388817692
541,g__AU392,2.643315563
542,g__AUK083,1.917813484
543,g__AUK093,2.014065826
544,g__AUK180,2.229614241
545,g__AUK232,2.21244135
546,g__AUK310,2.017419035
547,g__AUK324,3.147574808
548,g__AV133,2.090157381
549,g__AV17,2.058381551
550,g__AV2,3.446286963
551,g__AV40,2.210423773
552,g__AV69,2.452378242
553,g__AV80,2.968922918
554,g__AVCC01,4.260356648
555,g__AWOC01,1.769897378
556,g__AWTP1-13,3.548829795
557,g__AWTP1-18,3.392054606
558,g__AWTP1-30,2.367116872
559,g__AWTP1-31,2.653212771
560,g__AWTP1-35,2.694664436
561,g__AWTP1-9,3.323017293
562,g__AWVT01,2.528977662
563,g__AZRK01,1.689463524
564,g__AaIE-18,2.287118028
565,g__Aadella,1.986289463
566,g__Aalborg-AAW-1,2.719911781
567,g__Abditibacterium,2.941384737
568,g__Abiotrophia,3.837743407
569,g__Absicoccus,3.182754141
570,g__Abyssalbus,3.118567393
571,g__Abyssibacter,3.336412417
572,g__Abyssibius,3.292401038
573,g__Abyssicoccus,2.91457476
574,g__Abyssisolibacter,3.466751553
575,g__Abzuiibacterium,2.133147226
576,g__Ac37b,2.189176504
577,g__AcAMD-2,2.644977785
578,g__AcAMD-5,2.552041159
579,g__Acanthopleuribacter,4.979563845
580,g__Acaricomes,2.980771883
581,g__Acaryochloris,3.917219697
582,g__Accumulibacter,3.374140567
583,g__Acd1,2.095989148
584,g__Acerihabitans,5.181945081
585,g__Acetanaerobacterium,2.677019461
586,g__Acetatifactor,3.294169421
587,g__Aceticella,2.093428646
588,g__Acetilactobacillus,2.701840374
589,g__Acetitomaculum,3.117903286
590,g__Acetivibrio,3.123768764
591,g__Acetoanaerobium,3.116341076
592,g__Acetobacter,3.496197059
593,g__Acetobacterium,3.932966785
594,g__Acetobacteroides,3.280488681
595,g__Acetocimmeria,2.57752221
596,g__Acetohalobium,2.282770771
597,g__Acetomicrobium,2.292336284
598,g__Acetonema,3.400741575
599,g__Aceula,1.85022978
600,g__Acherontichlamydia,2.998872563
601,g__Acholeplasma,2.151820759
602,g__Acholeplasma_C,2.756637545
603,g__Achromatium,3.007635287
604,g__Achromobacter,5.566613444
605,g__Achromobacter_A,4.056976127
606,g__Acidaminobacter,3.619592778
607,g__Acidaminococcus,3.520412805
608,g__Acidianus,2.395640971
609,g__Acidianus_B,2.59013854
610,g__Acidibrevibacterium,2.614102144
611,g__Acidicaldus,2.57876807
612,g__Acidicapsa,3.252218833
613,g__Acididesulfobacillus,3.618009867
614,g__Acididesulfobacter,2.057778833
615,g__Acidiferrobacter,2.458655816
616,g__Acidifodinimicrobium,1.540275246
617,g__Acidihalobacter,2.901035319
618,g__Acidihalobacter_A,3.012895776
619,g__Acidilobus,1.727884309
620,g__Acidiluteibacter,2.877745204
621,g__Acidilutibacter,3.26784171
622,g__Acidimangrovimonas,3.639307373
623,g__Acidimicrobium,1.961328857
624,g__Acidiphilium,2.645956211
625,g__Acidipila,2.561568476
626,g__Acidiplasma,2.070158152
627,g__Acidipropionibacterium,2.730720652
628,g__Acidisarcina,4.311899013
629,g__Acidisoma,3.784563202
630,g__Acidisphaera,2.647123845
631,g__Aciditerrimonas,1.854589295
632,g__Acidithiobacillus,2.995482757
633,g__Acidithiobacillus_A,2.483007629
634,g__Acidithiobacillus_B,2.312569159
635,g__Acidithrix,2.765759802
636,g__Acidobacterium,2.512379743
637,g__Acidocella,2.872531076
638,g__Acidoferrum,3.512466619
639,g__Acidomonas,2.858203275
640,g__Acidothermus,2.102805973
641,g__Acidovorax,4.679296404
642,g__Acidovorax_F,4.744845931
643,g__Aciduliprofundum,2.301851907
644,g__Acidulodesulfobacterium,2.075291175
645,g__Acidulodesulfobacterium_A,2.094665664
646,g__Acinetobacter,4.521574197
647,g__Acrocarpospora,5.433796092
648,g__Actibacterium,3.655370899
649,g__Actibacterium_A,3.793091846
650,g__Actibacterium_B,3.948616983
651,g__Actibacterium_C,3.869564275
652,g__Actibacterium_D,3.743735408
653,g__Actinacidiphila,4.858043799
654,g__Actinoallomurus,5.014784184
655,g__Actinoalloteichus,3.884049238
656,g__Actinobacillus,3.463818847
657,g__Actinobacillus_A,3.567205545
658,g__Actinobacillus_B,3.236890491
659,g__Actinobacillus_C,2.963126414
660,g__Actinobaculum,2.886894915
661,g__Actinocatenispora,4.366955609
662,g__Actinocorallia,4.803749554
663,g__Actinocrinis,3.691131491
664,g__Actinocrispum,6.298799845
665,g__Actinokineospora,4.275839964
666,g__Actinomadura_C,4.710014192
667,g__Actinomadura_D,4.646999386
668,g__Actinomarina,1.765556723
669,g__Actinomarinicola,2.885781973
670,g__Actinomyces,2.313298233
671,g__Actinomycetospora,3.692761834
672,g__Actinophytocola,4.812058357
673,g__Actinoplanes,5.267175456
674,g__Actinopolymorpha,4.319327195
675,g__Actinopolyspora,3.469981884
676,g__Actinorhabdospora,4.777613457
677,g__Actinorugispora,3.959495988
678,g__Actinospica,4.509006188
679,g__Actinosynnema,4.859881063
680,g__Actinotalea,2.402696646
681,g__Actinotignum,2.596220344
682,g__Actirhodobacter,2.661650936
683,g__Acutalibacter,2.713572785
684,g__Acuticoccus,3.824007386
685,g__Adamsella,2.246899945
686,g__Adhaeretor,3.860084654
687,g__Adhaeribacter,4.52476541
688,g__Adhaeribacter_A,4.422898785
689,g__Adiutrix,2.354135419
690,g__Adlercreutzia,2.841569198
691,g__Adlercreutzia_A,2.593440047
692,g__Advenella,4.419054482
693,g__Advenella_A,3.62812716
694,g__Aedoeadaptatus,2.922578944
695,g__Aegicerativicinus,3.141845476
696,g__Aegiribacteria,2.391426158
697,g__Aenigmatarchaeum,1.641962832
698,g__Aeoliella,3.307405996
699,g__Aequitasia,3.34281738
700,g__Aequoribacter,3.024366808
701,g__Aequorivita,3.336406848
702,g__Aeribacillus,3.969556057
703,g__Aeriscardovia,1.904876109
704,g__Aerococcus,3.615228541
705,g__Aeromicrobium,3.104857697
706,g__Aeromonas,5.896682509
707,g__Aerophobus,2.269030052
708,g__Aerophototrophica,4.246059368
709,g__Aeropyrum,2.274547971
710,g__Aerosticca,2.211248395
711,g__Aestuariibacter,3.974261227
712,g__Aestuariibacter_A,5.295162442
713,g__Aestuariibaculum,2.766752877
714,g__Aestuariimicrobium,2.765680745
715,g__Aestuariirhabdus,4.086499586
716,g__Aestuariispira,4.877573117
717,g__Aestuariispira_A,4.539056368
718,g__Aestuariivirga,3.321873286
719,g__Aestuariivita,3.73100437
720,g__Aestuariivivens,2.927100353
721,g__Aetokthonos,5.009065985
722,g__Affinibrenneria,5.856715543
723,g__Afifella,3.0491233
724,g__Afipia,3.545106577
725,g__Agaribacterium,3.644243085
726,g__Agaricicola,2.977764614
727,g__Agarilytica,4.555002233
728,g__Agarivorans,4.172182009
729,g__Agathobacter,3.546900671
730,g__Agathobaculum,3.386787413
731,g__Aggregatibacter,3.505581667
732,g__Aggregatilinea,3.726075662
733,g__Aggregatimonas,3.231857177
734,g__Aggregicoccus,4.40198387
735,g__Agilicoccus,2.823666877
736,g__Agitococcus,3.598489968
737,g__Agreia,3.20484131
738,g__Agrilactobacillus,4.056463933
739,g__Agriterribacter,3.288554653
740,g__Agrobacterium,4.949564816
741,g__Agrococcus,2.819583853
742,g__Agromyces,3.084975546
743,g__Ahniella,4.23855842
744,g__Ahrensia,3.551560656
745,g__Aidingimonas,3.400689772
746,g__Akkermansia,2.687440667
747,g__Alangreenwoodia,3.836227562
748,g__Albibacillus,4.469880824
749,g__Albibacterium,2.7014148
750,g__Albidovulum,3.330433056
751,g__Albimonas,3.791292497
752,g__Albitalea,3.815490618
753,g__Alcaligenes,3.966978273
754,g__Alcalisalibacterium,2.906057201
755,g__Alcanivorax,3.697046354
756,g__Alcyoniella,2.673268633
757,g__Aldehydirespirator,2.741263724
758,g__Aldersonia,4.043647418
759,g__Alectryobacillus,1.581515295
760,g__Alectryocaccobium,3.069697077
761,g__Alectryocaccomicrobium,2.16962278
762,g__Alexandriicola,3.759705785
763,g__Alg239-R122,3.029560909
764,g__Alg240-R148,4.373845538
765,g__Algibacillus,3.776039478
766,g__Algibacter,2.939305653
767,g__Algibacter_B,2.60004301
768,g__Algibacter_C,2.920525783
769,g__Algibacter_D,2.705578674
770,g__Algibacter_E,2.883581707
771,g__Algicoccus,2.985066934
772,g__Algicola,5.179047284
773,g__Algihabitans,3.414319339
774,g__Alginatibacterium,4.31104522
775,g__Algiphilus,2.972731521
776,g__Algisphaera,2.435418779
777,g__Algoriella,3.440188966
778,g__Algorimicrobium,3.177442354
779,g__Algoriphagus,3.756502441
780,g__Aliagarivorans,5.493073473
781,g__Aliarcobacter,2.690665431
782,g__Alicycliphilus,3.752844122
783,g__Alicyclobacillus,3.35956215
784,g__Alicyclobacillus_A,3.282474225
785,g__Alicyclobacillus_B,3.938821129
786,g__Alicyclobacillus_G,3.083581661
787,g__Alicyclobacillus_H,3.012394567
788,g__Alicyclobacillus_I,2.712577797
789,g__Alicyclobacillus_J,2.008566138
790,g__Alicyclobacillus_K,4.432582309
791,g__Alicyclobacillus_L,3.156010425
792,g__Alienimonas,3.314249907
793,g__Aliibacillus,3.244173293
794,g__Aliicoccus,2.971716219
795,g__Aliidiomarina,3.735860717
796,g__Aliidongia,4.431277921
797,g__Aliiglaciecola,4.591475864
798,g__Aliihoeflea,3.673450445
799,g__Aliikangiella,4.518252278
800,g__Aliiroseovarius,3.901818097
801,g__Aliiroseovarius_A,3.679940788
802,g__Aliishimia,3.912740537
803,g__Aliivibrio,4.471478734
804,g__Alishewanella,4.763168853
805,g__Alistipes,2.399251859
806,g__Alistipes_A,2.135290484
807,g__Aliterella,3.32223449
808,g__Alitiscatomonas,3.896957887
809,g__Alkalibacillus,3.591605037
810,g__Alkalibacter,2.928885129
811,g__Alkalibacterium,3.660692733
812,g__Alkalibaculum,3.207812642
813,g__Alkalibaculum_A,2.984234783
814,g__Alkalicella,3.929212128
815,g__Alkalicoccobacillus,4.541793228
816,g__Alkalicoccus,4.047341218
817,g__Alkaliflexus,2.601434343
818,g__Alkalihalobacillus,4.593082749
819,g__Alkalihalobacterium,4.981804519
820,g__Alkalihalophilus,4.94855512
821,g__Alkalilimnicola,2.732633511
822,g__Alkalimarinus,4.163966611
823,g__Alkalimonas,3.800719657
824,g__Alkaliphilus,3.863289263
825,g__Alkaliphilus_A,4.233783904
826,g__Alkaliphilus_B,3.356347362
827,g__Alkaliphilus_C,3.478145183
828,g__Alkaliphilus_D,3.560988122
829,g__Alkalispirochaeta,3.005811827
830,g__Alkanindiges,3.768338001
831,g__Alkanophaga,2.402110427
832,g__Allisonella,3.34200802
833,g__Alloacidobacterium,3.881806861
834,g__Alloalcanivorax,3.74194749
835,g__Allobacillus,3.538981424
836,g__Allobaculum,3.074163259
837,g__Allobranchiibius,3.259230672
838,g__Allobutyricicoccus,2.573161483
839,g__Allocatelliglobosispora,4.967795925
840,g__Allochristensenella,2.446217586
841,g__Alloclostridium,2.182424603
842,g__Allocoleopsis,4.301446437
843,g__Allocoprobacillus,2.973970695
844,g__Allofrancisella,2.129962228
845,g__Allofustis,2.540307416
846,g__Alloiococcus,3.263065151
847,g__Allokutzneria,4.88638684
848,g__Allomeiothermus,2.955768984
849,g__Allonocardiopsis,3.939654219
850,g__Allopontixanthobacter,3.184601332
851,g__Alloprevotella,2.642170386
852,g__Allopseudarcicella,3.040779834
853,g__Allorhizobium,4.578265453
854,g__Allorhizocola,4.912054773
855,g__Alloruminococcus,3.412534504
856,g__Allosaccharopolyspora,3.368165872
857,g__Allosalinactinospora,4.144548967
858,g__Alloscardovia,3.414287702
859,g__Alloscillospira,3.00968172
860,g__Allosediminivita,3.559900727
861,g__Allosphingosinicella,2.959587655
862,g__Allostreptomyces,3.711317359
863,g__Alpha-05,2.996347901
864,g__Alpinimonas,3.136870753
865,g__Alsobacter,3.692818698
866,g__Alteracholeplasma,2.673018702
867,g__Alteraurantiacibacter,3.177553763
868,g__Altererythrobacter_D,3.19912118
869,g__Altererythrobacter_F,2.979136981
870,g__Alteribacillus,4.172988955
871,g__Alteribacillus_A,3.720955434
872,g__Alteribacter,4.662165227
873,g__Altericroceibacterium,3.517090951
874,g__Altericroceibacterium_A,2.815058167
875,g__Alteridesulfovibrio,4.242675824
876,g__Alterileibacterium,2.486512321
877,g__Alterinioella,3.902286062
878,g__Alteripontixanthobacter,3.137011653
879,g__Alteriqipengyuania,2.991170157
880,g__Alteriqipengyuania_A,2.903905005
881,g__Alteromonas,4.667969613
882,g__Alteromonas_E,4.293092392
883,g__Alteromonas_F,4.195792142
884,g__Altiarchaeum,2.068555435
885,g__Altibacter,3.282642361
886,g__Alysiella,3.078675646
887,g__Amantichitinum,5.401474342
888,g__Amaricoccus,3.037657268
889,g__Amarobacillus,3.034084662
890,g__Amazonocrinis,4.683262856
891,g__Amedibacillus,3.358336987
892,g__Amedibacterium,3.844159911
893,g__Ameyamaea,3.188996178
894,g__Aminicella,2.952971406
895,g__Aminicenans,2.184398257
896,g__Aminidesulfovibrio,2.717450824
897,g__Aminiphilus,2.697164525
898,g__Aminipila,4.275348434
899,g__Aminithiophilus,2.581834914
900,g__Aminivibrio,2.592890414
901,g__Aminobacter,4.275626745
902,g__Aminobacterium,2.738277249
903,g__Aminomonas,2.797100871
904,g__Ammonifex,2.319990424
905,g__Ammoniphilus,3.777480533
906,g__Ammoniphilus_A,5.293268561
907,g__Amnibacterium,2.495682491
908,g__Amniculibacterium,3.271008096
909,g__Amoebophilus,2.067027514
910,g__Amorphus,3.362237426
911,g__Amphibacillus,2.65456437
912,g__Amphibacillus_B,3.396868444
913,g__Amphibacillus_C,3.156574131
914,g__Amphibacillus_D,3.62724886
915,g__Amphiplicatus,2.394336563
916,g__Amphirhobacter,1.538416436
917,g__Amphritea,4.708446542
918,g__Amphritriteisimkania,2.450125025
919,g__Amulumruptor,2.506282327
920,g__Amycolatopsis,5.343804102
921,g__Amycolatopsis_C,3.721566256
922,g__Amycolatopsis_D,4.561670852
923,g__Amylibacter,3.534318576
924,g__Amylolactobacillus,3.268347083
925,g__An181,3.251095573
926,g__Anabaena,3.948597192
927,g__Anabaenopsis,3.277562582
928,g__Anadelfobacter,2.390913882
929,g__Anaerobacillus,4.55981104
930,g__Anaerobacillus_A,4.879348689
931,g__Anaerobacterium,3.258169436
932,g__Anaerobiospirillum,3.319296152
933,g__Anaerobiospirillum_A,3.974768906
934,g__Anaerobium,4.613791919
935,g__Anaerobranca,2.776283144
936,g__Anaerobutyricum,3.573550176
937,g__Anaerocaecibacter,2.131059393
938,g__Anaerococcus,2.76725219
939,g__Anaerocolumna,3.683473117
940,g__Anaeroferrophillus,2.646597616
941,g__Anaerofilum,3.748372775
942,g__Anaerofustis,3.235215697
943,g__Anaeroglobus,2.663411494
944,g__Anaerohalosphaera,2.246678232
945,g__Anaerolinea,2.448870979
946,g__Anaeromassilibacillus,2.98297351
947,g__Anaeromicrobium,4.264970715
948,g__Anaeromicropila,3.963711043
949,g__Anaeromonas,2.945430273
950,g__Anaeromusa,3.278118861
951,g__Anaeromyxobacter,3.004836993
952,g__Anaeromyxobacter_A,2.998810351
953,g__Anaeromyxobacter_B,2.900849134
954,g__Anaeropeptidivorans,3.478152603
955,g__Anaerophaga,2.405509884
956,g__Anaeroplasma,2.746609042
957,g__Anaerorhabdus,2.82090659
958,g__Anaerosacchariphilus,3.434188486
959,g__Anaerosalibacter,2.775912273
960,g__Anaerosolibacter,4.171427916
961,g__Anaerosoma,2.263416998
962,g__Anaerosphaera,2.522910077
963,g__Anaerospora,4.139979916
964,g__Anaerosporobacter,4.041853282
965,g__Anaerosporomusa,3.421863844
966,g__Anaerostipes,3.600433668
967,g__Anaerotalea,3.918370238
968,g__Anaerotardibacter,3.032821469
969,g__Anaerotignum,3.910687995
970,g__Anaerotruncus,3.267309968
971,g__Anaerovibrio,3.636669559
972,g__Anaerovirgula,4.177319415
973,g__Anaerovorax,2.869970934
974,g__Anammoxibacter_A,3.703101827
975,g__Anammoxibacter_B,4.878861905
976,g__Anammoximicrobium,4.69737841
977,g__Anaplasma,2.602335789
978,g__Anatilimnocola,4.947073542
979,g__Ancaeobacter,1.941045271
980,g__Ancillula,2.159881692
981,g__Ancrocorticia,2.994861191
982,g__Ancylobacter,3.548371907
983,g__Ancylomarina,3.232965958
984,g__Ancylomarina_A,3.379650948
985,g__Andeanibacterium,3.261382524
986,g__Anderseniella,3.670395848
987,g__Anditalea,3.696584204
988,g__Andreesenia,3.121496021
989,g__Andreprevotia,4.27206468
990,g__Aneurinibacillus,4.856159467
991,g__Aneurinibacillus_A,5.367800527
992,g__Aneurinibacillus_B,4.823102511
993,g__Angelakisella,3.075068478
994,g__Angelobacter,3.673929408
995,g__Angustibacter,2.674408333
996,g__Anianabacter,3.185364731
997,g__Annandia,1.171275645
998,g__Anoxybacillus,3.850332335
999,g__Anoxybacillus_A,4.374778317
1000,g__Anoxybacillus_B,4.678834809
1001,g__Anoxybacillus_C,4.367869607
1002,g__Anoxybacter,2.933241435
1003,g__Anoxymicrobium,2.028348598
1004,g__Anoxynatronum,2.824185712
1005,g__Anseongella,2.666686469
1006,g__Anstonella,1.937991472
1007,g__Antarcticimicrobium,3.826864214
1008,g__Antarcticirhabdus,3.986569679
1009,g__Antarctobacter,4.205333354
1010,g__Anthocerotibacter,2.977340097
1011,g__Anthropogastromicrobium,3.168830301
1012,g__Antribacter,3.259592479
1013,g__Antricoccus,3.894031333
1014,g__Antrihabitans,4.704625029
1015,g__Aphanocapsa_A,3.085314047
1016,g__Aphanothece_B,3.628750744
1017,g__Aphodocola,2.211183302
1018,g__Aphodomonas,2.769076301
1019,g__Aphodomorpha,2.282226593
1020,g__Aphodoplasma,2.332385779
1021,g__Aphodosoma,2.349704382
1022,g__Aphodousia,3.574217636
1023,g__Aphodovivens,2.734038186
1024,g__Apibacter,2.51047847
1025,g__Apilactobacillus,2.395246324
1026,g__AqS3,2.485375228
1027,g__Aquabacter,3.344129721
1028,g__Aquabacterium,3.866275383
1029,g__Aquabacterium_A,3.843594855
1030,g__Aquamicrobium_A,3.77260599
1031,g__Aquarickettsia,1.914835721
1032,g__Aquariibacter,2.84844056
1033,g__Aquaspirillum,3.90523079
1034,g__Aquaticitalea,3.043395061
1035,g__Aquella,2.448107994
1036,g__Aquibacillus,4.172984567
1037,g__Aquibacillus_A,3.936873293
1038,g__Aquibacillus_C,4.37257509
1039,g__Aquibacillus_D,4.229979944
1040,g__Aquibacillus_E,4.173277267
1041,g__Aquibium,3.885666163
1042,g__Aquicella,2.680350626
1043,g__Aquicella_A,2.812151037
1044,g__Aquicoccus,3.158479097
1045,g__Aquicultor,2.482700719
1046,g__Aquicultor_A,2.474406179
1047,g__Aquidulcibacter,3.525987306
1048,g__Aquifex,2.047438499
1049,g__Aquiflexum,4.117865974
1050,g__Aquihabitans,3.073393063
1051,g__Aquilonibacter,2.432784832
1052,g__Aquiluna,3.238488919
1053,g__Aquimarina,3.629463154
1054,g__Aquimixticola,4.345615343
1055,g__Aquimonas,3.377524356
1056,g__Aquincola,4.953107723
1057,g__Aquincolibacterium,2.186307185
1058,g__Aquirhabdus,3.463030647
1059,g__Aquirickettsiella,2.012363515
1060,g__Aquirufa,2.769827324
1061,g__Aquisalibacillus,3.68185163
1062,g__Aquisalimonas,2.929325055
1063,g__Aquisalinus,2.957522225
1064,g__Aquisediminimonas,3.527061348
1065,g__Aquisediminimonas_A,3.443012701
1066,g__Aquisphaera,4.468216269
1067,g__Aquitaenariimonas,2.023935829
1068,g__Aquitalea,4.643618615
1069,g__Aquivivens,1.675980187
1070,g__Arabiibacter,3.123983737
1071,g__Arachidicoccus,3.230157535
1072,g__Arachnia,2.917837176
1073,g__Aramenus,2.502686401
1074,g__Arboricoccus,3.179199185
1075,g__Arcanobacter,2.071562458
1076,g__Arcanobacterium,3.334606031
1077,g__Arcanobacterium_A,2.80333165
1078,g__Archaeoglobus,2.656051371
1079,g__Archaeoglobus_A,2.617837476
1080,g__Archaeoglobus_B,2.415745478
1081,g__Archaeoglobus_C,2.421052222
1082,g__Archangium,6.331989646
1083,g__Archangium_A,4.996081482
1084,g__Arcicella,3.994605875
1085,g__Arcobacter,3.355443185
1086,g__Arcobacter_A,3.949982408
1087,g__Arcobacter_B,3.507321052
1088,g__Arctic95D-9,3.581433486
1089,g__Arctic96AD-7,2.74705126
1090,g__Arcticibacter,3.095372925
1091,g__Arcticibacterium,3.249985924
1092,g__Arcticimaribacter,2.565400678
1093,g__Ardenticatena,2.591113163
1094,g__Arenibacter,3.748294264
1095,g__Arenibacterium,4.108563173
1096,g__Arenibacterium_A,3.63129389
1097,g__Arenibaculum,4.25761885
1098,g__Arenicella,3.327316517
1099,g__Arenimonas,2.790732328
1100,g__Arenitalea,2.689404568
1101,g__Arenivirga,2.847737804
1102,g__Argonema,4.404707945
1103,g__Arhodomonas,3.048307062
1104,g__Aridibacter,3.112513978
1105,g__Aristaeella,2.357276261
1106,g__Aristophania,2.719553907
1107,g__Aristotella,3.052235792
1108,g__Armatimonas,3.61522897
1109,g__Aromatoleum,4.032416762
1110,g__Arsenicibacter,4.755777715
1111,g__Arsenicicoccus,3.022441185
1112,g__Arsenicitalea,3.325637162
1113,g__Arsenophonus,3.131013833
1114,g__Arsukibacterium,4.746661748
1115,g__Arthrobacter,4.542937887
1116,g__Arthrobacter_B,3.817110459
1117,g__Arthrobacter_C,4.082996059
1118,g__Arthrobacter_D,3.325582398
1119,g__Arthrobacter_E,4.016497734
1120,g__Arthrobacter_F,4.406304135
1121,g__Arthrobacter_H,3.763558559
1122,g__Arthrobacter_J,3.285355423
1123,g__Arthrobacter_M,3.818096365
1124,g__Arthrospiribacter,3.914016281
1125,g__Arundinibacter,3.886362366
1126,g__Asaccharospora,3.407341347
1127,g__Asaia,3.54902239
1128,g__Asanoa,4.71521646
1129,g__Ascidiaceihabitans,3.385283786
1130,g__Asp313,2.799997976
1131,g__Asticcacaulis,3.370144482
1132,g__Atelocyanobacterium,1.988707046
1133,g__Athalassotoga,2.065160056
1134,g__Atlantibacter,5.290087109
1135,g__Atlanticothrix,4.038119943
1136,g__Atopobacter,3.284962989
1137,g__Atopobium,3.196036849
1138,g__Atopococcus,3.922851869
1139,g__Atopomonas,4.473306696
1140,g__Atopostipes,2.743092406
1141,g__Atribacter,2.350176603
1142,g__Aulosira,4.801647395
1143,g__Aurantibacter,2.590432417
1144,g__Aurantibacter_A,3.094271417
1145,g__Aurantimicrobium,3.069692061
1146,g__Aurantimonas,3.523081772
1147,g__Auraticoccus,2.654395903
1148,g__Aureibacillus,4.070458998
1149,g__Aureibaculum,2.832442592
1150,g__Aureicoccus,3.365063464
1151,g__Aureimonas,3.600243083
1152,g__Aureimonas_A,3.672988446
1153,g__Aureisphaera,3.400328794
1154,g__Aureispira,4.021459853
1155,g__Aureitalea,3.32125558
1156,g__Aureivirga,3.777695845
1157,g__Aureliella,4.002209931
1158,g__Auribacter,2.334816092
1159,g__Auritidibacter,3.235584186
1160,g__Austwickia,3.248000424
1161,g__Avacidaminococcus,2.515425366
1162,g__Avamphibacillus,3.444640001
1163,g__Avanaerovorax,3.42921798
1164,g__Aved-18,3.835396441
1165,g__Avedoeria,2.672333911
1166,g__Aveggerthella,2.796713156
1167,g__Avelusimicrobium,2.494207362
1168,g__Avibacterium,3.453184206
1169,g__Avibacteroides,2.906766479
1170,g__Avichristensenella,2.385030616
1171,g__Avidehalobacter,2.708245731
1172,g__Avidesulfovibrio,2.460174638
1173,g__Avigastranaerophilus,2.323199883
1174,g__Avilachnospira,3.36436333
1175,g__Avimicrobium,3.54534469
1176,g__Avimonas,2.505289479
1177,g__Avimonas_A,2.517795982
1178,g__Avimonoglobus,2.50419169
1179,g__Avimuribaculum,2.137978093
1180,g__Avipropionibacterium,2.988616923
1181,g__Avirikenella,2.475544326
1182,g__Avispirillum,2.803671272
1183,g__Avisuccinivibrio,3.109586511
1184,g__Avisuccinivibrio_A,3.601717146
1185,g__Avitreponema,2.206476837
1186,g__Avoscillospira,2.848613684
1187,g__Avoscillospira_A,3.310568214
1188,g__Azoarcus,4.532170369
1189,g__Azoarcus_F,3.650446817
1190,g__Azobacteroides,1.979384863
1191,g__Azohydromonas,4.846710301
1192,g__Azomonas,3.540377802
1193,g__Azonexus,3.730568202
1194,g__Azophilus,3.189238554
1195,g__Azorhizobium,4.009797089
1196,g__Azospira,4.085280393
1197,g__Azospira_A,3.247194878
1198,g__Azospirillum,4.525866742
1199,g__Azotimanducus,2.950226284
1200,g__Azotobacter,4.426368457
1201,g__Azovibrio,2.663793881
1202,g__B-DKE,2.250099045
1203,g__B1,2.969717627
1204,g__B1-Br10-U2g19,2.470903711
1205,g__B1-Br10-U2g21,2.220582367
1206,g__B1-G15,2.261226696
1207,g__B1-G9,2.357714485
1208,g__B10-G4,4.611878994
1209,g__B10-G9,2.621029784
1210,g__B109-G9,2.260614951
1211,g__B11-G15,2.167782165
1212,g__B11-G9,2.868666246
1213,g__B111-G9,2.896420359
1214,g__B118-G9,2.153723224
1215,g__B119-G9,2.577286171
1216,g__B12-G15,1.998067988
1217,g__B12-G16,2.502752748
1218,g__B12-G17,2.012450954
1219,g__B12-G4,2.833294427
1220,g__B120-G9,2.648502569
1221,g__B129-G9,1.610952567
1222,g__B13-G15,1.947816418
1223,g__B13-G4,2.494196207
1224,g__B130-G9,2.465971965
1225,g__B137-G9,2.513435462
1226,g__B14,3.974097355
1227,g__B14-G1,1.991168319
1228,g__B14-G17,1.94987133
1229,g__B14-G2,2.364227912
1230,g__B14-G9,2.048757623
1231,g__B140-G9,1.630786411
1232,g__B143-G9,1.824013207
1233,g__B15-G16,2.348113578
1234,g__B15-G2,2.530918141
1235,g__B15-G4,2.913455927
1236,g__B15-G9,2.287223579
1237,g__B16-G9,2.799599831
1238,g__B16T1B5,3.060182069
1239,g__B17-G15,2.073411028
1240,g__B17-G16,3.163604052
1241,g__B17-G17,1.756945577
1242,g__B17-G2,1.490456402
1243,g__B18-G2,1.939986773
1244,g__B18-G4,2.361222637
1245,g__B1SED10-159,2.840758463
1246,g__B1SED10-16,2.399648616
1247,g__B1SED10-173,2.444930761
1248,g__B1SED10-174,2.475343643
1249,g__B1SED10-225,2.444312333
1250,g__B1SED10-245,1.941271575
1251,g__B1SED10-74M,2.257968015
1252,g__B1SED10-75,2.437547662
1253,g__B1Sed10-166,2.905101934
1254,g__B1Sed10-187,2.205194815
1255,g__B1Sed10-231,1.987412619
1256,g__B1Sed10-29,1.998214082
1257,g__B1T1B5,2.199432821
1258,g__B2-G16,1.984318694
1259,g__B20-G17,2.084875869
1260,g__B21-G15,1.466086453
1261,g__B21-G16,2.037745127
1262,g__B21-G9,1.90463672
1263,g__B22-G1,2.655463317
1264,g__B22-G15,2.038572981
1265,g__B23,2.181081476
1266,g__B23-G16,2.434418826
1267,g__B24,2.058119488
1268,g__B24-2,1.925895004
1269,g__B24-G1,1.940974771
1270,g__B24-G6,2.112355614
1271,g__B24-G9,1.955721156
1272,g__B25,1.936118123
1273,g__B25-G16,2.482191671
1274,g__B26-1,1.846315248
1275,g__B26-G2,2.156709308
1276,g__B26-G9,1.71636831
1277,g__B28-G16,2.250891146
1278,g__B28-G17,1.908178622
1279,g__B29-G15,2.176649982
1280,g__B29-G16,1.895666329
1281,g__B3-Chlor,2.368173234
1282,g__B3-G11,2.582019676
1283,g__B3-G13,1.8764141
1284,g__B3-G15,2.217073131
1285,g__B3-G16,1.722597819
1286,g__B3-LCP,2.469718823
1287,g__B3-TA06,2.473069205
1288,g__B3-WOES,1.591584452
1289,g__B30-G15,2.741509707
1290,g__B30-G16,2.10058894
1291,g__B30-G6,3.050297509
1292,g__B31-G17,2.095284183
1293,g__B32-G16,3.171137356
1294,g__B33-G15,1.557234491
1295,g__B33-G16,2.524611045
1296,g__B36-G15,2.502665784
1297,g__B39-G9,2.441771942
1298,g__B3T1B10,2.895711017
1299,g__B4-G1,3.005107399
1300,g__B40-G2,2.38040162
1301,g__B44-G15,2.256189173
1302,g__B46-G15,2.025016993
1303,g__B46-G9,3.165052854
1304,g__B47-G15,1.921401889
1305,g__B47-G16,1.801433769
1306,g__B47-G6,2.104211687
1307,g__B48-G16,2.071393553
1308,g__B48-G9,1.526229208
1309,g__B5-G15,1.730765945
1310,g__B5-G16,2.742131599
1311,g__B50-G16,1.812641081
1312,g__B51-G9,1.766456736
1313,g__B54-G15,1.862676955
1314,g__B6-G13,1.893381194
1315,g__B6-G9,2.715041591
1316,g__B60-G16,2.433242143
1317,g__B61-G2,1.498302315
1318,g__B62-G9,2.146504615
1319,g__B63,1.865435291
1320,g__B64-G9,2.630773499
1321,g__B65-G9,2.730193861
1322,g__B66-G16,2.244964812
1323,g__B67-G16,2.327304865
1324,g__B68-G16,2.291897467
1325,g__B68-G9,1.913083471
1326,g__B69-G16,2.23417331
1327,g__B7-G16,1.766300636
1328,g__B7-G4,1.416243574
1329,g__B70-G16,1.987147768
1330,g__B70-G9,1.509642065
1331,g__B72-G16,1.745033504
1332,g__B73-G16,1.79164672
1333,g__B75-G9,1.650080087
1334,g__B75T3L11,2.786146324
1335,g__B78-G9,2.273020985
1336,g__B79-G16,1.696313832
1337,g__B79-G9,2.731297359
1338,g__B8-G13,1.815161556
1339,g__B8-G4,2.439353932
1340,g__B8-G9,2.011603161
1341,g__B82-G9,2.053220859
1342,g__B83-G16,2.141364816
1343,g__B87-G9,2.298344732
1344,g__B88-G9,2.15770503
1345,g__B9-G15,2.648450279
1346,g__B9-G16,1.634031855
1347,g__B9-G17,2.313820852
1348,g__B91-G9,2.028272296
1349,g__B93T1B8,2.672346091
1350,g__BA-13,2.809533959
1351,g__BA-19,2.733358451
1352,g__BA1,2.723225331
1353,g__BA12,2.44518537
1354,g__BA2,2.298557245
1355,g__BA4,2.535606398
1356,g__BA9,2.621639027
1357,g__BACL11,2.010646688
1358,g__BACL14,2.044500264
1359,g__BACL21,2.694853491
1360,g__BACL27,2.299272636
1361,g__BAIKAL-G1,2.68226172
1362,g__BAIKAL-G1-2R,2.351592722
1363,g__BB10,3.86042394
1364,g__BB2,3.504670113
1365,g__BB20,3.271493856
1366,g__BB26,3.596849308
1367,g__BB28,2.550038988
1368,g__BB30,2.368955047
1369,g__BB31,3.463606376
1370,g__BBFE01,5.957295101
1371,g__BCD1,4.064456651
1372,g__BCD18,2.839879058
1373,g__BCD5,2.682820651
1374,g__BD1,1.949660977
1375,g__BD2-11,2.729401237
1376,g__BE-D,2.731309724
1377,g__BG8,4.776851512
1378,g__BH17,3.623174862
1379,g__BHEP01,2.216675357
1380,g__BHEQ01,2.229457005
1381,g__BHER01,2.204020485
1382,g__BICA1-8,3.680007549
1383,g__BIFV01,3.843159218
1384,g__BIGb0383,5.393100439
1385,g__BJ17,2.759068299
1386,g__BJ22,3.117936987
1387,g__BJ6,2.935221355
1388,g__BJGN01,3.065940422
1389,g__BJGO01,2.459867158
1390,g__BJGV01,2.229572691
1391,g__BJGX01,2.02508097
1392,g__BJHL01,2.980457064
1393,g__BJHM01,3.023416921
1394,g__BJHQ01,2.928247461
1395,g__BJHT01,4.263943408
1396,g__BK-30,3.157571859
1397,g__BLZN01,2.337432082
1398,g__BM002,2.870872396
1399,g__BM003,3.137093741
1400,g__BM004,2.325872411
1401,g__BM103,2.817648148
1402,g__BM303,2.835889568
1403,g__BM304,2.778863441
1404,g__BM501,2.922132672
1405,g__BM503,3.649002659
1406,g__BM506,3.432235346
1407,g__BM507,2.056075833
1408,g__BM509,3.049385077
1409,g__BM511,2.74857597
1410,g__BM512,3.048341044
1411,g__BM515,2.489951371
1412,g__BM516,2.789972298
1413,g__BM518,2.780568824
1414,g__BM519,1.52433241
1415,g__BM520,2.384343297
1416,g__BM521,1.851792343
1417,g__BM522,3.145960361
1418,g__BM523,3.001980269
1419,g__BM524,2.759761683
1420,g__BM705,1.95240477
1421,g__BM707,2.807381076
1422,g__BM714,2.545244107
1423,g__BMAH01,2.530299191
1424,g__BMS3ABIN01,1.866780447
1425,g__BMS3ABIN03,2.645053584
1426,g__BMS3ABIN04,2.538707816
1427,g__BMS3ABIN06,2.426728537
1428,g__BMS3ABIN14,2.396239622
1429,g__BMS3ABIN15,1.500544977
1430,g__BMS3ABIN17,1.851534379
1431,g__BMS3Abin05,2.473183547
1432,g__BMS3Abin08,2.685661555
1433,g__BMS3Abin09,2.096947234
1434,g__BMS3Abin12,2.345452386
1435,g__BMS3Abin13,2.289989963
1436,g__BMS3B,2.377345228
1437,g__BMS3BBIN02,3.064966002
1438,g__BMS3BBIN04,3.188538946
1439,g__BMS3Bbin01,2.559937806
1440,g__BMS3Bbin05,2.62505971
1441,g__BMS3Bbin07,2.210961566
1442,g__BMS3Bbin08,2.425788575
1443,g__BMS3Bbin11,2.577926746
1444,g__BN30871,2.654011554
1445,g__BNTO01,2.1434751
1446,g__BNTQ01,2.103569347
1447,g__BNTW01,2.271157384
1448,g__BNUF01,3.058416651
1449,g__BNUH01,2.394092322
1450,g__BNUJ01,2.19746537
1451,g__BNUP01,2.131943783
1452,g__BNUT01,2.355892571
1453,g__BNUV01,2.781803587
1454,g__BNVA01,2.520935234
1455,g__BNVB01,2.625273341
1456,g__BNVD01,2.090800036
1457,g__BNVG01,2.818756961
1458,g__BNWD01,2.03571138
1459,g__BNWE01,2.181608669
1460,g__BNXB01,2.123515724
1461,g__BNXT01,2.347739608
1462,g__BNYG01,2.031742132
1463,g__BNZF01,2.64491543
1464,g__BNZI01,1.723552385
1465,g__BNZN01,1.935302642
1466,g__BNZQ01,1.72601447
1467,g__BOBG01,2.507047982
1468,g__BOCB01,2.477099415
1469,g__BOG-1112,3.087120356
1470,g__BOG-1155,3.432505078
1471,g__BOG-1184,2.002592912
1472,g__BOG-1338,2.073851005
1473,g__BOG-1363,3.295018645
1474,g__BOG-1369,2.467117675
1475,g__BOG-1370,2.202638509
1476,g__BOG-1457,2.75077542
1477,g__BOG-1460,2.628223007
1478,g__BOG-224,3.067782785
1479,g__BOG-234,3.876635861
1480,g__BOG-908,3.055294978
1481,g__BOG-930,3.174867334
1482,g__BOG-931,3.164015998
1483,g__BOG-932,3.465765078
1484,g__BOG-933,3.156686698
1485,g__BOG-935,3.562160229
1486,g__BOG-938,3.013995968
1487,g__BOG-944,2.494346699
1488,g__BOG-994,3.306291859
1489,g__BOKC01,1.7056553
1490,g__BOKV01,3.450701879
1491,g__BOKX01,1.59905218
1492,g__BOKZ01,1.775590596
1493,g__BOLD01,3.084397017
1494,g__BP-101,2.47302888
1495,g__BP-133,2.996567856
1496,g__BP-173,2.876029698
1497,g__BP-191,2.413723511
1498,g__BP-197,2.612461903
1499,g__BPGG01,2.269518587
1500,g__BPGH01,2.17249512
1501,g__BPGJ01,2.336086904
1502,g__BPGL01,1.953319595
1503,g__BPGX01,2.362851463
1504,g__BPHB01,2.81073285
1505,g__BPHE01,2.411433793
1506,g__BPHZ01,2.671117914
1507,g__BPII01,2.402071116
1508,g__BPIQ01,2.53053251
1509,g__BPJB01,1.18297959
1510,g__BPJC01,1.147550557
1511,g__BPJI01,1.709264459
1512,g__BPJM01,2.460522908
1513,g__BPJO01,2.813543942
1514,g__BPJP01,3.60663294
1515,g__BPJS01,2.675412715
1516,g__BPJU01,3.624318008
1517,g__BPJZ01,2.394810978
1518,g__BPKE01,1.119870738
1519,g__BPKH01,2.323219085
1520,g__BPKI01,2.208178123
1521,g__BPKO01,3.08826205
1522,g__BPUI01,3.066182605
1523,g__BQJD01,3.304203958
1524,g__BQJM01,2.339046716
1525,g__BQJN01,3.803139124
1526,g__BQJQ01,2.354657883
1527,g__BQJR01,2.603944259
1528,g__BQJU01,4.37452636
1529,g__BQJX01,2.887749742
1530,g__BQMY01,3.339637712
1531,g__BQUT01,2.517261687
1532,g__BRH-c0,3.099407481
1533,g__BRH-c25,2.820671346
1534,g__BRH-c32,2.496126658
1535,g__BRH-c54,2.562978856
1536,g__BRH-c57,3.578410773
1537,g__BRH-c8a,3.01000846
1538,g__BRHc4a,2.973133583
1539,g__BRXR01,3.631265861
1540,g__BS150m-G50,2.130876334
1541,g__BS150m-G51,1.367801216
1542,g__BS150m-G53,1.211882956
1543,g__BS150m-G59,1.968497766
1544,g__BS150m-G60,1.470182048
1545,g__BS150m-G62,1.599359121
1546,g__BS150m-G63,1.615114849
1547,g__BS150m-G64,1.821906322
1548,g__BS150m-G65,1.095900086
1549,g__BS150m-G66,2.135115324
1550,g__BS150m-G67,1.406455889
1551,g__BS3,2.990031484
1552,g__BS503,2.022042377
1553,g__BS524,2.760848471
1554,g__BS750-G32,1.502295014
1555,g__BS750m-G10,2.695480171
1556,g__BS750m-G14,1.741539333
1557,g__BS750m-G15,1.714845691
1558,g__BS750m-G21,1.964191729
1559,g__BS750m-G22,1.705211467
1560,g__BS750m-G24,1.295485431
1561,g__BS750m-G28,2.369616495
1562,g__BS750m-G30,1.044638992
1563,g__BS750m-G34,1.458694836
1564,g__BS750m-G37,3.25741966
1565,g__BS750m-G4,2.219369565
1566,g__BS750m-G44,3.202462754
1567,g__BS750m-G57,2.912460494
1568,g__BS750m-G60,1.322437801
1569,g__BS750m-G62,1.531478771
1570,g__BS750m-G69,2.183577405
1571,g__BS750m-G71,1.508050016
1572,g__BS750m-G77,1.619096775
1573,g__BS750m-G78,1.276923873
1574,g__BS750m-G79,1.586315432
1575,g__BS750m-G81,1.816007506
1576,g__BSRQ01,5.379339538
1577,g__BSW11-IV,3.994748459
1578,g__BSYJ01,3.927944234
1579,g__BW-2,3.212519755
1580,g__BWSM-131,2.587948195
1581,g__BY39,2.044422488
1582,g__Baaleninema,3.964011053
1583,g__Babela,1.851677433
1584,g__Bacilliculturomica,4.150636519
1585,g__Bacillus,5.409102899
1586,g__Bacillus_A,5.616068515
1587,g__Bacillus_AB,6.556111932
1588,g__Bacillus_AD,5.777330774
1589,g__Bacillus_AE,5.787610762
1590,g__Bacillus_AG,5.909482883
1591,g__Bacillus_AH,4.450924016
1592,g__Bacillus_AI,6.110369745
1593,g__Bacillus_AO,4.544999075
1594,g__Bacillus_AT,5.054513843
1595,g__Bacillus_AV,4.656382599
1596,g__Bacillus_AZ,5.275767718
1597,g__Bacillus_BA,6.391661982
1598,g__Bacillus_BB,2.548891995
1599,g__Bacillus_BD,5.159315972
1600,g__Bacillus_BE,5.556373412
1601,g__Bacillus_BF,5.263955674
1602,g__Bacillus_BJ,5.343448861
1603,g__Bacillus_BK,3.599359417
1604,g__Bacillus_BL,5.024178622
1605,g__Bacillus_BM,6.056068053
1606,g__Bacillus_BN,5.15803251
1607,g__Bacillus_BQ,5.045911602
1608,g__Bacillus_BR,5.304207737
1609,g__Bacillus_BS,4.983395385
1610,g__Bacillus_BT,4.367413513
1611,g__Bacillus_BU,5.25526548
1612,g__Bacillus_BV,4.83059407
1613,g__Bacillus_BW,5.535105703
1614,g__Bacillus_BX,5.01988363
1615,g__Bacillus_BZ,4.97490047
1616,g__Bacillus_CA,4.707914399
1617,g__Bacillus_CB,4.064683208
1618,g__Bacillus_CC,4.547614437
1619,g__Bacillus_CD,4.629960595
1620,g__Bacillus_CE,4.790264625
1621,g__Bacillus_CF,4.111167162
1622,g__Bacillus_CG,3.846983065
1623,g__Bacillus_CH,4.704211237
1624,g__Bacillus_D,5.254697061
1625,g__Bacillus_I,5.600898627
1626,g__Bacillus_J,4.100649276
1627,g__Bacillus_O,3.934700697
1628,g__Bacillus_P,5.434581216
1629,g__Bacillus_T,5.45231076
1630,g__Bacillus_Z,4.592121195
1631,g__Bact-08,2.627728904
1632,g__Bact-11,2.297109007
1633,g__Bact-19,2.782122077
1634,g__Bacterioplanes,4.583533542
1635,g__Bacterioplanoides,4.264285542
1636,g__Bacteriovorax,4.071727122
1637,g__Bacteroides,3.095960378
1638,g__Bacteroides_D,2.553470589
1639,g__Bacteroides_E,2.20307734
1640,g__Bacteroides_F,3.534177224
1641,g__Bacteroides_G,2.059733176
1642,g__Bacteroides_H,3.121500083
1643,g__Bacteroides_I,2.492041561
1644,g__Baekduia,3.221491424
1645,g__Baia,4.286470616
1646,g__Baileyella,3.350140798
1647,g__Bailinhaonella,5.535465639
1648,g__Baldrarchaeum,2.778279252
1649,g__Balnearium,2.309836617
1650,g__Balneatrix,4.048558219
1651,g__Balneicella,2.304461533
1652,g__Balneola,2.980715008
1653,g__Bandiella,2.124349698
1654,g__Barb7,2.83121074
1655,g__Bariatricus,3.801793552
1656,g__Barnesiella,2.738693265
1657,g__Barnesiella_A,2.149692338
1658,g__Barnesiella_B,2.844892222
1659,g__Barrientosiimonas,2.727509034
1660,g__Bartonella,2.537858696
1661,g__Bartonella_A,3.085738953
1662,g__Bartonella_B,2.717797688
1663,g__Basfia,3.43059736
1664,g__Basfia_A,3.717479284
1665,g__Basilea,2.83043666
1666,g__Bathyanammoxibius,2.257197091
1667,g__Bathyarchaeum,2.230821332
1668,g__Bathyoplasma,2.553397899
1669,g__Bauldia,3.560653827
1670,g__Baumannia,2.109906068
1671,g__Bavariicoccus,3.235344499
1672,g__Bdellovibrio,4.48614944
1673,g__Beduini,3.201048117
1674,g__Beggiatoa,3.160020649
1675,g__Beijerinckia,3.262765827
1676,g__Belliella,3.401198954
1677,g__Bellilinea,2.490423158
1678,g__Belnapia,3.897083477
1679,g__Benthicola,2.270604794
1680,g__Benthortus,2.317298801
1681,g__Bergeyella,3.023413797
1682,g__Bergeyella_A,2.794217141
1683,g__Berkiella,2.866066205
1684,g__Berkiella_A,2.934229876
1685,g__Bermanella,4.633707785
1686,g__Bernardetia,4.026849244
1687,g__Berryella,2.474623382
1688,g__Beutenbergia,2.712945955
1689,g__Bhargavaea,4.343617765
1690,g__Bianquea,2.411862624
1691,g__Bibersteinia,3.724528123
1692,g__Bieblia_A,3.362855691
1693,g__Bifidobacterium,2.670715121
1694,g__Bilamarchaeum,2.156903237
1695,g__Bilifractor,3.005898196
1696,g__Billgrantia,3.722950066
1697,g__Bilophila,3.082453141
1698,g__Bin103,3.013326397
1699,g__Bin106,2.518532667
1700,g__Bin107,2.890160185
1701,g__Bin125,2.740942056
1702,g__Bin127,2.447240503
1703,g__Bin16,2.66236906
1704,g__Bin18,4.115768758
1705,g__Bin22,2.917313228
1706,g__Bin25,2.416280682
1707,g__Bin34,2.843710069
1708,g__Bin5,3.195315199
1709,g__Bin52,3.027106113
1710,g__Bin55,2.879922509
1711,g__Bin65,3.22791658
1712,g__Bin75,2.672802245
1713,g__Bin76,2.596195021
1714,g__Bin80,2.813048256
1715,g__Bin87,3.085496819
1716,g__Bin90,2.906856939
1717,g__Bin94,2.845929557
1718,g__Bin95,3.096546654
1719,g__Bin98,2.656759137
1720,g__Binatus,3.07517055
1721,g__Biomaibacter,2.938854456
1722,g__Biostraticola,4.456508303
1723,g__Bipolaricaulis,1.833758487
1724,g__Bisbaumannia,4.352189529
1725,g__Bisgaardia,2.746618141
1726,g__Bittarella,3.227604538
1727,g__Bizionia,3.200912024
1728,g__Blastochloris,2.804487126
1729,g__Blastococcus,3.172240799
1730,g__Blastomonas,3.542577336
1731,g__Blastopirellula,4.193655077
1732,g__Blattabacterium,1.5227249
1733,g__Blautia,3.985451382
1734,g__Blautia_A,3.328608579
1735,g__Blochmannia,1.606006677
1736,g__Bog-105,3.53529597
1737,g__Bog-113,3.409642827
1738,g__Bog-1181,2.342530101
1739,g__Bog-1183,2.724167745
1740,g__Bog-1198,2.8897533
1741,g__Bog-1340,1.930046885
1742,g__Bog-159,4.877091487
1743,g__Bog-257,3.342686033
1744,g__Bog-366,3.265079894
1745,g__Bog-375,3.519053547
1746,g__Bog-38,2.207637462
1747,g__Bog-473,3.140859114
1748,g__Bog-515,2.54403438
1749,g__Bog-532,3.691895121
1750,g__Bog-564,2.367374996
1751,g__Bog-752,2.784329574
1752,g__Bog-756,2.572614332
1753,g__Bog-793,1.84242306
1754,g__Bog-877,2.373023938
1755,g__Bog-950,3.24199413
1756,g__Bogoriella,2.421904274
1757,g__Bombella,2.731032713
1758,g__Bombilactobacillus,2.55230496
1759,g__Bordetella,4.626968094
1760,g__Bordetella_A,4.535918249
1761,g__Bordetella_B,4.323931337
1762,g__Bordetella_C,4.800814888
1763,g__Borkfalkia,2.004313053
1764,g__Borrarchaeum,2.598475351
1765,g__Borrelia,1.920437954
1766,g__Borreliella,1.770267663
1767,g__Bosea,4.029256346
1768,g__Boseongicola,3.431951931
1769,g__Bostrichicola,1.31508052
1770,g__Botrimarina,2.856795466
1771,g__Boudabousia,2.964014071
1772,g__Bovifimicola,3.219075075
1773,g__Bowdeniella,2.808036985
1774,g__Bowmanella,4.868335917
1775,g__BrNp1-15,2.423541422
1776,g__Brachybacterium,2.633121845
1777,g__Brachymonas,2.767154416
1778,g__Brachyspira,2.469813269
1779,g__Brachythrix,2.613347856
1780,g__Brackiella,3.358920512
1781,g__Bradymonas,4.274871863
1782,g__Bradyrhizobium,5.107883708
1783,g__Branchiibius,3.381307138
1784,g__Brasilonema,4.590820347
1785,g__Bremerella,4.282093598
1786,g__Brenneria,4.923709919
1787,g__Breoghania,4.198675575
1788,g__Brevefilum,2.2240645
1789,g__Brevibacillus,6.278053677
1790,g__Brevibacillus_B,5.593742317
1791,g__Brevibacillus_C,5.499311316
1792,g__Brevibacillus_D,6.386981723
1793,g__Brevibacillus_E,4.093578763
1794,g__Brevibacillus_F,5.586470913
1795,g__Brevibacterium,3.397816895
1796,g__Brevinema,2.259539758
1797,g__Brevirhabdus,3.274768471
1798,g__Brevundimonas,3.269990177
1799,g__Breznakia,3.138195062
1800,g__Breznakibacter,2.061553333
1801,g__Breznakiella,3.326826196
1802,g__Brocadia,3.166000864
1803,g__Brochothrix,3.90755743
1804,g__Brockia,1.955990416
1805,g__Brojett037,1.965398987
1806,g__Brooklawnia,3.0575926
1807,g__Brotaphodocola,3.587310806
1808,g__Brotonthovivens,3.76618407
1809,g__Brucella,3.597964215
1810,g__Brucepastera,3.023616945
1811,g__Brumimicrobium,3.110526157
1812,g__Bruticola,3.101787734
1813,g__Bryobacter,3.550446331
1814,g__Brytella,3.311040863
1815,g__Bu05,2.378198967
1816,g__Bu12,2.353131074
1817,g__Bu26,2.047400863
1818,g__Bu33,4.048298568
1819,g__Bu52,2.214074944
1820,g__Bu92,1.976242203
1821,g__BuS5,2.807849375
1822,g__Buchananella,2.557265198
1823,g__Buchnera,1.700984468
1824,g__Budvicia,4.320942691
1825,g__Bulleidia,2.92657428
1826,g__Bullifex,3.0177526
1827,g__Burarchaeum,1.98980407
1828,g__Burkholderia,5.569023198
1829,g__Buttiauxella,4.197088909
1830,g__Butyribacter,3.069913031
1831,g__Butyricicoccus,4.171665401
1832,g__Butyricicoccus_A,3.979405534
1833,g__Butyricimonas,3.733569722
1834,g__Butyrivibrio,3.181347028
1835,g__Butyrivibrio_A,3.2295105
1836,g__Byssovorax,5.203190143
1837,g__Bythopirellula,3.22010514
1838,g__C-114,2.40546606
1839,g__C-19,2.697400126
1840,g__C-53,3.887045448
1841,g__C00003060,2.503392963
1842,g__C00003106,2.265290994
1843,g__C254,4.589989431
1844,g__C7867-001,1.928103596
1845,g__C7867-002,1.955680234
1846,g__C7867-005,1.622312919
1847,g__C7867-006,1.761944558
1848,g__CAACVY01,1.846947684
1849,g__CAADGA01,2.736092377
1850,g__CAADGG01,2.895386945
1851,g__CAADGL01,2.356292199
1852,g__CAADGM01,2.683346024
1853,g__CAADGN01,2.292321351
1854,g__CAADGU01,4.281640421
1855,g__CAADGV01,3.080595756
1856,g__CAADGY01,3.444583439
1857,g__CAADHD01,2.40806308
1858,g__CAAEEV01,2.825976922
1859,g__CAAFZY01,2.359987952
1860,g__CAAGED01,2.608682637
1861,g__CAAGGB01,1.544972302
1862,g__CAAGNP01,3.140885031
1863,g__CAAHEQ01,2.559725276
1864,g__CABHOJ01,2.977969308
1865,g__CABHON01,2.418812067
1866,g__CABJBCQ01,3.10441391
1867,g__CABMCB01,2.666655403
1868,g__CABMDW01,1.887413308
1869,g__CABMEP01,1.927190149
1870,g__CABMGC01,1.951448628
1871,g__CABMGE01,2.061324434
1872,g__CABMGN01,1.720150155
1873,g__CABMGO01,1.851048575
1874,g__CABMGU01,2.26365847
1875,g__CABMKH01,2.597013728
1876,g__CABQAC01,2.373365234
1877,g__CABQAQ01,2.337441107
1878,g__CABQCM01,2.691346939
1879,g__CABRXV01,2.892067301
1880,g__CABSEG01,2.885124654
1881,g__CABSKZ01,2.485960218
1882,g__CABSLJ01,2.39185459
1883,g__CABSMD01,2.063439042
1884,g__CABTZP01,2.259298912
1885,g__CABUKU01,2.547029717
1886,g__CABUVL01,2.129629618
1887,g__CABVBB01,4.716853134
1888,g__CABYIR01,1.861732509
1889,g__CABYJX01,2.476343631
1890,g__CABZJG01,2.816381053
1891,g__CABZYC01,1.778212949
1892,g__CABZZR01,1.48792321
1893,g__CACBWF01,1.802177055
1894,g__CACCCN01,1.864987238
1895,g__CACCLK01,1.509216457
1896,g__CACECR01,2.185835132
1897,g__CACEJU01,1.790696469
1898,g__CACEUX01,2.158580091
1899,g__CACEW01,2.446477245
1900,g__CACEWU01,2.314366625
1901,g__CACFBG01,2.295057142
1902,g__CACFNH01,1.512166313
1903,g__CACGMS01,2.894206266
1904,g__CACHHO01,1.982679672
1905,g__CACHNP01,2.404097533
1906,g__CACHRU01,1.487553091
1907,g__CACIAM-69d,3.723928825
1908,g__CACIIZ01,2.314790155
1909,g__CACIJG01,2.483991132
1910,g__CACIUL01,2.688180241
1911,g__CACJXQ01,2.315313166
1912,g__CACKLF01,2.482155828
1913,g__CACKMC01,1.817553284
1914,g__CACKPV01,1.932814961
1915,g__CACKTW01,1.471750161
1916,g__CACKZT01,1.485427937
1917,g__CACLCV01,1.900439767
1918,g__CACLJX01,1.877824011
1919,g__CACLRR01,1.799316184
1920,g__CACNRH01,1.615901657
1921,g__CACNXK01,1.816064029
1922,g__CACNXQ01,1.850908499
1923,g__CACNYO01,1.955192713
1924,g__CACOMS01,1.823357214
1925,g__CACORA01,2.563584451
1926,g__CACPJA01,2.264358999
1927,g__CACPJE01,1.700871515
1928,g__CACPJY01,2.301043691
1929,g__CACPNW01,1.774280126
1930,g__CACVAW01,2.163909245
1931,g__CACXEY01,1.735980521
1932,g__CACXFF01,2.385611596
1933,g__CACXFL01,2.065434293
1934,g__CACXMZ01,2.520496123
1935,g__CACYEI01,2.072497957
1936,g__CACZNT01,2.296533306
1937,g__CACZQA01,3.182961057
1938,g__CACZQQ01,1.15754984
1939,g__CACZRG01,2.368588479
1940,g__CACZRW01,2.109163894
1941,g__CACZYB01,1.64085105
1942,g__CADAEX01,2.959602559
1943,g__CADAUA01,2.400621066
1944,g__CADAWZ01,2.721406085
1945,g__CADBMC01,2.041692628
1946,g__CADBMS01,2.050729561
1947,g__CADBNZ01,2.153586825
1948,g__CADBOM01,2.896926193
1949,g__CADBQJ01,2.025937128
1950,g__CADBRF01,2.947353371
1951,g__CADCBS01,2.151601069
1952,g__CADCSY01,2.209802993
1953,g__CADCTB01,2.982973373
1954,g__CADCTC01,3.578558415
1955,g__CADCTF01,2.698733305
1956,g__CADCTG01,2.831396838
1957,g__CADCTM01,3.229995289
1958,g__CADCTO01,2.707015859
1959,g__CADCTP01,3.067655678
1960,g__CADCTQ01,4.72400579
1961,g__CADCUO01,3.111425209
1962,g__CADCUY01,1.916144293
1963,g__CADCVQ01,2.690421649
1964,g__CADCVT01,2.871927655
1965,g__CADCVW01,2.342274124
1966,g__CADCWC01,2.042927293
1967,g__CADCWE01,2.625684048
1968,g__CADCWF01,2.931882984
1969,g__CADCWG01,2.708135347
1970,g__CADCWI01,2.017756132
1971,g__CADCWJ01,2.736171397
1972,g__CADCWK01,2.439410888
1973,g__CADCWL01,3.165880173
1974,g__CADCWN01,3.657703369
1975,g__CADCWO01,3.56811334
1976,g__CADDYR01,2.637753348
1977,g__CADDYS01,2.39742098
1978,g__CADDYT01,3.77687199
1979,g__CADDYU01,3.909807864
1980,g__CADDYV01,2.860524503
1981,g__CADDYW01,3.214815498
1982,g__CADDYX01,2.433551329
1983,g__CADDZC01,2.595008213
1984,g__CADDZE01,2.731022389
1985,g__CADDZF01,3.804427708
1986,g__CADDZG01,1.945769294
1987,g__CADDZH01,3.476896743
1988,g__CADDZI01,2.151471451
1989,g__CADDZO01,2.963791412
1990,g__CADDZP01,2.910076049
1991,g__CADDZR01,2.283598698
1992,g__CADDZS01,2.760232349
1993,g__CADDZV01,2.216044466
1994,g__CADEDH01,4.171323968
1995,g__CADEDU01,4.549960343
1996,g__CADEED01,2.993319056
1997,g__CADEEH01,3.438189703
1998,g__CADEEJ01,4.101073861
1999,g__CADEEL01,2.835344183
2000,g__CADEEN01,2.932855758
2001,g__CADEER01,3.715340233
2002,g__CADEEV01,3.147373297
2003,g__CADEEZ01,2.642477625
2004,g__CADEFD01,3.253701929
2005,g__CADEFF01,3.010715427
2006,g__CADEFQ01,2.693257606
2007,g__CADEFT01,4.05748648
2008,g__CADEFX01,3.510669841
2009,g__CADEFY01,2.359810343
2010,g__CADEGL01,3.034891874
2011,g__CADEGR01,3.008053067
2012,g__CADEGZ01,2.238125308
2013,g__CADEHE01,3.664593347
2014,g__CAFBRK01,3.659288807
2015,g__CAG-1000,2.082713093
2016,g__CAG-1024,2.561796429
2017,g__CAG-103,2.706733702
2018,g__CAG-1031,2.262718749
2019,g__CAG-1138,3.011934436
2020,g__CAG-115,3.52983491
2021,g__CAG-1193,1.965118784
2022,g__CAG-1252,2.072253332
2023,g__CAG-170,3.326508578
2024,g__CAG-177,2.43283924
2025,g__CAG-1782,2.361959869
2026,g__CAG-194,3.847977095
2027,g__CAG-196,2.722111624
2028,g__CAG-217,2.812018624
2029,g__CAG-238,3.975779787
2030,g__CAG-245,1.655718595
2031,g__CAG-266,3.10656471
2032,g__CAG-267,2.358941426
2033,g__CAG-269,1.867752699
2034,g__CAG-272,2.393075173
2035,g__CAG-273,1.875075575
2036,g__CAG-274,3.272234727
2037,g__CAG-288,3.320786544
2038,g__CAG-302,1.73725713
2039,g__CAG-303,3.206279322
2040,g__CAG-307,3.089604435
2041,g__CAG-313,2.472198091
2042,g__CAG-314,2.374218481
2043,g__CAG-345,2.46374314
2044,g__CAG-349,2.634060101
2045,g__CAG-390,2.752783877
2046,g__CAG-411,3.467802109
2047,g__CAG-417,2.225857593
2048,g__CAG-433,2.008009174
2049,g__CAG-448,3.013266209
2050,g__CAG-449,2.356809119
2051,g__CAG-452,1.83793661
2052,g__CAG-465,2.029431821
2053,g__CAG-475,2.414770661
2054,g__CAG-488,2.433391098
2055,g__CAG-492,1.975275913
2056,g__CAG-510,3.175941647
2057,g__CAG-533,1.842188203
2058,g__CAG-552,2.483398444
2059,g__CAG-557,2.286322697
2060,g__CAG-568,2.169925897
2061,g__CAG-582,2.179220428
2062,g__CAG-590,3.557303718
2063,g__CAG-605,2.065418207
2064,g__CAG-611,1.667435641
2065,g__CAG-628,1.878833176
2066,g__CAG-632,3.467717405
2067,g__CAG-698,2.301484071
2068,g__CAG-710,2.09105637
2069,g__CAG-724,2.859256585
2070,g__CAG-762,1.560166464
2071,g__CAG-791,2.939956593
2072,g__CAG-793,1.655445726
2073,g__CAG-826,2.418122907
2074,g__CAG-841,2.605428875
2075,g__CAG-873,2.289753452
2076,g__CAG-877,2.098660587
2077,g__CAG-882,3.925765025
2078,g__CAG-884,2.100550385
2079,g__CAG-914,1.753688367
2080,g__CAG-917,2.50801263
2081,g__CAG-964,2.777471762
2082,g__CAG-977,2.852810738
2083,g__CAHJWH01,2.953221438
2084,g__CAHJWL01,2.014742846
2085,g__CAHJWO01,3.260687627
2086,g__CAHJXF01,3.06094981
2087,g__CAHJXG01,3.561893177
2088,g__CAIFEB01,2.66284674
2089,g__CAIFEG01,2.691402928
2090,g__CAIFEU01,3.288207721
2091,g__CAIJKV01,3.837026943
2092,g__CAIJKW01,2.207774861
2093,g__CAIJKY01,2.146867184
2094,g__CAIJLM01,3.30074309
2095,g__CAIJLX01,2.867781726
2096,g__CAIJMI01,1.668926573
2097,g__CAIJMQ01,1.696109038
2098,g__CAIJMU01,3.236940056
2099,g__CAIJNA01,2.612338314
2100,g__CAIJOT01,2.844471304
2101,g__CAIJPD01,3.061923283
2102,g__CAIJPN01,3.761232806
2103,g__CAIJXB01,2.368539491
2104,g__CAIJXJ01,3.559668129
2105,g__CAIJXO01,2.160891414
2106,g__CAIJXV01,2.176238034
2107,g__CAIJYI01,1.92762469
2108,g__CAIJZX01,1.56567
2109,g__CAIKAD01,1.757047912
2110,g__CAIKAF01,2.911236708
2111,g__CAIKAH01,2.350434428
2112,g__CAIKAP01,2.267023939
2113,g__CAIKAW01,2.99132994
2114,g__CAIKBD01,3.600578696
2115,g__CAIKBL01,3.269260157
2116,g__CAIKBN01,1.771969332
2117,g__CAIKBP01,1.513925633
2118,g__CAIKHN01,2.073234001
2119,g__CAIKKG01,1.930762865
2120,g__CAIKKV01,1.862704376
2121,g__CAIKLP01,2.410481094
2122,g__CAIKLQ01,3.987156917
2123,g__CAIKMD01,3.510094301
2124,g__CAIKMS01,2.915440149
2125,g__CAIKMX01,1.967907781
2126,g__CAIKNB01,1.955820329
2127,g__CAIKOA01,2.091544865
2128,g__CAIKOD01,2.970080942
2129,g__CAIKOH01,2.041128849
2130,g__CAIKPM01,2.423607299
2131,g__CAIKUF01,3.11871722
2132,g__CAIKVZ01,3.733373161
2133,g__CAIKXD01,2.749582399
2134,g__CAIKXV01,3.256985328
2135,g__CAIKZD01,1.354666148
2136,g__CAIKZJ01,2.558723764
2137,g__CAIKZY01,2.815974964
2138,g__CAIKZZ01,2.918648984
2139,g__CAILAD01,1.799911698
2140,g__CAILAF01,2.398781238
2141,g__CAILAH01,1.942546034
2142,g__CAILAO01,3.825089184
2143,g__CAILDB01,2.052274325
2144,g__CAILHX01,2.486096489
2145,g__CAILKO01,3.110317571
2146,g__CAILKP01,2.396427358
2147,g__CAILLO01,2.162939493
2148,g__CAILLX01,3.232363116
2149,g__CAILMK01,3.266879812
2150,g__CAILMQ01,2.088664077
2151,g__CAILNN01,3.632896708
2152,g__CAILNX01,3.130248797
2153,g__CAILQE01,1.929430842
2154,g__CAILQO01,2.348244494
2155,g__CAILRJ01,4.4119262
2156,g__CAILTG01,1.534105048
2157,g__CAILUF01,2.000008728
2158,g__CAILUG01,2.985258269
2159,g__CAILUI01,3.597342809
2160,g__CAILUR01,1.685986325
2161,g__CAILVY01,3.133560682
2162,g__CAILZL01,2.613077156
2163,g__CAIMDX01,1.616653582
2164,g__CAIMEH01,2.033399984
2165,g__CAIMEY01,3.93167277
2166,g__CAIMFV01,3.139099107
2167,g__CAIMGI01,2.654062203
2168,g__CAIMLA01,1.579881796
2169,g__CAIMLU01,2.584332269
2170,g__CAIMMJ01,2.676110304
2171,g__CAIMNF01,3.406747255
2172,g__CAIMNN01,2.472692605
2173,g__CAIMOB01,1.820867641
2174,g__CAIMOR01,3.695737773
2175,g__CAIMPC01,1.789935357
2176,g__CAIMTB01,3.381837385
2177,g__CAIMUM01,2.370852226
2178,g__CAIMUS01,3.520421825
2179,g__CAIMUX01,3.261807006
2180,g__CAIMVM01,3.755978006
2181,g__CAIMWE01,2.737804567
2182,g__CAIMWO01,2.485150188
2183,g__CAIMWS01,3.674463478
2184,g__CAIMZW01,3.0097581
2185,g__CAINCQ01,2.182347289
2186,g__CAINCZ01,1.899882561
2187,g__CAINDI01,2.463878073
2188,g__CAINDO01,4.871775623
2189,g__CAINDQ01,2.056583785
2190,g__CAINDR01,1.940515495
2191,g__CAINDV01,4.468355175
2192,g__CAINDZ01,2.711104544
2193,g__CAINEC01,2.635400013
2194,g__CAINEW01,1.63394793
2195,g__CAINEZ01,3.009870077
2196,g__CAINFA01,2.534247811
2197,g__CAINFC01,3.410203563
2198,g__CAINFV01,2.615124375
2199,g__CAINMH01,3.122077365
2200,g__CAINMV01,2.842856126
2201,g__CAINNR01,1.771522807
2202,g__CAINOH01,2.121761463
2203,g__CAINVI01,3.008309113
2204,g__CAINVO01,2.022434762
2205,g__CAINVV01,2.638660885
2206,g__CAINWE01,2.721634625
2207,g__CAINWJ01,2.352413935
2208,g__CAINXC01,4.028780471
2209,g__CAINXF01,1.596294722
2210,g__CAIOAK01,2.90746935
2211,g__CAIODY01,2.682317269
2212,g__CAIOGI01,1.859198714
2213,g__CAIOGM01,3.249910413
2214,g__CAIOGO01,2.132257629
2215,g__CAIOHW01,3.030700914
2216,g__CAIOHZ01,2.855053904
2217,g__CAIOIA01,1.828246954
2218,g__CAIOIN01,1.864209037
2219,g__CAIOJG01,2.0260035
2220,g__CAIOLF01,1.399654628
2221,g__CAIOLM01,2.957966512
2222,g__CAIOMD01,1.985889441
2223,g__CAIOSF01,2.418381027
2224,g__CAIOSP01,3.695828636
2225,g__CAIOSQ01,3.347728494
2226,g__CAIOSU01,3.316988006
2227,g__CAIOTC01,1.755474349
2228,g__CAIOTO01,2.377777132
2229,g__CAIOVX01,1.831673496
2230,g__CAIOYC01,3.444728363
2231,g__CAIOZA01,3.214605562
2232,g__CAIOZP01,2.9820656
2233,g__CAIOZW01,2.827052731
2234,g__CAIPAT01,3.048709659
2235,g__CAIPBJ01,3.120163511
2236,g__CAIPBY01,1.838561483
2237,g__CAIPEB01,4.639308365
2238,g__CAIPFQ01,2.219373541
2239,g__CAIPFW01,2.400613322
2240,g__CAIPHK01,2.682822438
2241,g__CAIPHQ01,3.48461629
2242,g__CAIPHS01,1.906973317
2243,g__CAIPHT01,1.966627393
2244,g__CAIPLT01,2.259968464
2245,g__CAIPMZ01,1.696020387
2246,g__CAIPOI01,1.871602734
2247,g__CAIPRZ01,2.519564555
2248,g__CAIPSZ01,1.719320638
2249,g__CAIPTA01,3.594935614
2250,g__CAIPTY01,3.296816419
2251,g__CAIPUE01,2.488939758
2252,g__CAIPUP01,2.920392623
2253,g__CAIPVD01,2.445603383
2254,g__CAIPVR01,2.418270935
2255,g__CAIPYM01,2.25922327
2256,g__CAIQAW01,2.161393627
2257,g__CAIQBE01,2.146695002
2258,g__CAIQCE01,2.224676022
2259,g__CAIQCK01,2.670959141
2260,g__CAIQCM01,2.129018332
2261,g__CAIQDA01,3.251772242
2262,g__CAIQDX01,2.570808199
2263,g__CAIQEU01,2.882574677
2264,g__CAIQIA01,2.868859537
2265,g__CAIQIC01,1.791658686
2266,g__CAIQIQ01,3.043736167
2267,g__CAIQIV01,3.601914742
2268,g__CAIQIY01,2.502188179
2269,g__CAIQJD01,2.889726001
2270,g__CAIQJJ01,4.108622005
2271,g__CAIQLG01,3.442110173
2272,g__CAIQNR01,1.92997544
2273,g__CAIQOK01,2.626125565
2274,g__CAIQPO01,1.718108357
2275,g__CAIQPS01,3.071976828
2276,g__CAIQPV01,3.338526191
2277,g__CAIQQB01,1.900169655
2278,g__CAIQQL01,1.762916129
2279,g__CAIQQM01,2.591030389
2280,g__CAIQQQ01,3.333434243
2281,g__CAIQVS01,3.273862523
2282,g__CAIQWC01,2.928405098
2283,g__CAIQWF01,3.731053708
2284,g__CAIRAY01,3.486169024
2285,g__CAIRBL01,1.450634933
2286,g__CAIRCN01,2.756287807
2287,g__CAIRCU01,2.284530418
2288,g__CAIRDJ01,2.508682708
2289,g__CAIRDP01,2.659133076
2290,g__CAIRFN01,1.726390571
2291,g__CAIRHC01,1.934289235
2292,g__CAIRNR01,1.62185219
2293,g__CAIRNS01,1.745874356
2294,g__CAIRSA01,5.800169985
2295,g__CAIRSR01,2.892968383
2296,g__CAIRTM01,2.586941817
2297,g__CAIRTN01,3.549734063
2298,g__CAIRTR01,3.834775012
2299,g__CAIRTT01,2.930718234
2300,g__CAIRWO01,1.710886673
2301,g__CAIRYL01,2.05039958
2302,g__CAIRYW01,2.023925463
2303,g__CAISCU01,3.190766397
2304,g__CAISDA01,2.570379994
2305,g__CAISDH01,1.947828991
2306,g__CAISDR01,3.512554706
2307,g__CAISDV01,2.68015575
2308,g__CAISET01,1.924502334
2309,g__CAISGS01,3.003634094
2310,g__CAISIP01,3.935537629
2311,g__CAISJI01,2.931712773
2312,g__CAISKJ01,4.331174387
2313,g__CAISOG01,2.66105558
2314,g__CAISOI01,2.914858934
2315,g__CAISPN01,2.724808539
2316,g__CAISSD01,2.06238473
2317,g__CAISTG01,2.077349531
2318,g__CAISUE01,2.124435009
2319,g__CAISUK01,3.805755552
2320,g__CAISYW01,2.193518415
2321,g__CAISZI01,2.174024001
2322,g__CAITDR01,4.866005686
2323,g__CAITGV01,2.355910093
2324,g__CAITIQ01,5.589692994
2325,g__CAITIS01,3.00854417
2326,g__CAITJF01,2.304595963
2327,g__CAITKP01,3.215811328
2328,g__CAITLU01,2.937856088
2329,g__CAITLX01,3.609490748
2330,g__CAITMJ01,1.956964572
2331,g__CAITNM01,2.47833631
2332,g__CAITNO01,2.985975317
2333,g__CAITNQ01,3.430499412
2334,g__CAITNU01,2.142323641
2335,g__CAITOL01,3.514793346
2336,g__CAITPF01,3.844630236
2337,g__CAITQP01,2.496888815
2338,g__CAITRH01,4.24158488
2339,g__CAITSE01,1.857359312
2340,g__CAITSH01,3.430912234
2341,g__CAITUV01,3.429582747
2342,g__CAITUY01,2.928437362
2343,g__CAITVN01,4.074451973
2344,g__CAITWD01,2.368980058
2345,g__CAITYE01,3.489036966
2346,g__CAITYL01,2.261203473
2347,g__CAITZA01,3.076611788
2348,g__CAIUAC01,3.507073368
2349,g__CAIUAS01,2.608591745
2350,g__CAIUCS01,2.522753938
2351,g__CAIUCV01,1.429071686
2352,g__CAIUCZ01,1.549684962
2353,g__CAIUDO01,4.387904614
2354,g__CAIUEN01,3.361574124
2355,g__CAIUEQ01,2.571949844
2356,g__CAIUEV01,1.427935224
2357,g__CAIUGE01,2.495854571
2358,g__CAIUGU01,3.143561064
2359,g__CAIUKV01,2.200226515
2360,g__CAIUKX01,2.788855128
2361,g__CAIULA01,2.701016708
2362,g__CAIULK01,3.026792916
2363,g__CAIUMH01,2.440122545
2364,g__CAIUMM01,4.145281054
2365,g__CAIUPE01,3.286976065
2366,g__CAIUPP01,2.518568282
2367,g__CAIUQR01,3.652322697
2368,g__CAIURC01,3.678221723
2369,g__CAIUSP01,2.206511736
2370,g__CAIUUT01,2.62778972
2371,g__CAIUVD01,3.098713752
2372,g__CAIUWA01,2.396685935
2373,g__CAIVAT01,3.143145979
2374,g__CAIVDV01,1.909395852
2375,g__CAIVDX01,3.018193911
2376,g__CAIVED01,2.247366107
2377,g__CAIVHB01,2.898542727
2378,g__CAIVHJ01,2.680795967
2379,g__CAIVJW01,4.943567822
2380,g__CAIVKH01,2.916948054
2381,g__CAIVNC01,1.639534108
2382,g__CAIVND01,2.514089532
2383,g__CAIVOO01,2.097272854
2384,g__CAIVPM01,2.580317739
2385,g__CAIVPW01,2.505735666
2386,g__CAIVQB01,3.406673869
2387,g__CAIVRH01,2.560743236
2388,g__CAIVSE01,2.100967686
2389,g__CAIVSN01,3.402314772
2390,g__CAIVSY01,2.02600031
2391,g__CAIVUX01,2.332667267
2392,g__CAIVVG01,1.925914149
2393,g__CAIVVS01,3.019782173
2394,g__CAIVVT01,3.798862502
2395,g__CAIVXW01,3.035089628
2396,g__CAIVZM01,2.895995677
2397,g__CAIWAD01,2.573518795
2398,g__CAIWAH01,3.871746199
2399,g__CAIWAN01,2.678835789
2400,g__CAIWCD01,3.965290184
2401,g__CAIWCR01,1.545560367
2402,g__CAIWCT01,3.104901765
2403,g__CAIWET01,3.037410676
2404,g__CAIWGR01,3.081796168
2405,g__CAIWGV01,2.271122499
2406,g__CAIWHF01,2.798533588
2407,g__CAIWHR01,3.05120971
2408,g__CAIWKO01,3.19151822
2409,g__CAIWMF01,2.093884046
2410,g__CAIWTL01,2.405002504
2411,g__CAIWTU01,2.826748704
2412,g__CAIWVZ01,2.347318159
2413,g__CAIWXH01,3.934003714
2414,g__CAIWXQ01,2.197493018
2415,g__CAIWXX01,3.588122308
2416,g__CAIXAA01,3.560866814
2417,g__CAIXDB01,1.649691021
2418,g__CAIXDN01,1.894811139
2419,g__CAIXFB01,3.430270199
2420,g__CAIXFN01,3.665738256
2421,g__CAIXHP01,2.842830597
2422,g__CAIXIX01,3.760913674
2423,g__CAIXLI01,2.631082951
2424,g__CAIXMD01,2.705311019
2425,g__CAIXMG01,2.411007075
2426,g__CAIXNZ01,1.589371776
2427,g__CAIXOA01,2.012161756
2428,g__CAIXOZ01,2.496228045
2429,g__CAIXPF01,3.340603812
2430,g__CAIXPL01,3.393813191
2431,g__CAIXPS01,3.023812946
2432,g__CAIXQW01,2.990981408
2433,g__CAIXRA01,1.800734176
2434,g__CAIXRF01,1.683055793
2435,g__CAIXRL01,2.804656343
2436,g__CAIXSC01,3.658883074
2437,g__CAIXSE01,2.862039389
2438,g__CAIXSY01,3.539869214
2439,g__CAIXTV01,3.376269323
2440,g__CAIXWQ01,4.858112003
2441,g__CAIXXC01,3.659383648
2442,g__CAIXYX01,2.118463644
2443,g__CAIXZC01,3.017083477
2444,g__CAIXZF01,2.923980477
2445,g__CAIXZV01,2.973470395
2446,g__CAIYBN01,3.91952739
2447,g__CAIYCT01,3.476618515
2448,g__CAIYCZ01,2.289075892
2449,g__CAIYEO01,2.038436887
2450,g__CAIYFD01,2.175002278
2451,g__CAIYGI01,2.277601304
2452,g__CAIYHK01,2.974759644
2453,g__CAIYHQ01,3.225021679
2454,g__CAIYID01,3.267619115
2455,g__CAIYJE01,3.842505202
2456,g__CAIYMF01,3.2259353
2457,g__CAIYOL01,1.9450891
2458,g__CAIYOY01,3.430217179
2459,g__CAIYPD01,1.901286364
2460,g__CAIYPG01,3.538771693
2461,g__CAIYPH01,3.661028855
2462,g__CAIYQJ01,2.442381675
2463,g__CAIYQO01,3.002710166
2464,g__CAIYRB01,3.446656986
2465,g__CAIYRG01,2.737244409
2466,g__CAIYTD01,2.648663592
2467,g__CAIYTF01,2.59084537
2468,g__CAIYUC01,2.761324148
2469,g__CAIYUN01,2.240533647
2470,g__CAIYVX01,2.252877742
2471,g__CAIYWZ01,2.809900039
2472,g__CAIYXB01,2.567448595
2473,g__CAIYXV01,1.770636547
2474,g__CAIYYI01,2.980649484
2475,g__CAIYYN01,3.642547803
2476,g__CAIYYO01,2.41562627
2477,g__CAIYYQ01,2.378062718
2478,g__CAIYYT01,2.75563646
2479,g__CAIYYW01,2.441949911
2480,g__CAIYYX01,3.284324609
2481,g__CAIYZJ01,3.295382189
2482,g__CAIYZT01,3.601511788
2483,g__CAIZDL01,3.057157416
2484,g__CAIZEE01,3.808708512
2485,g__CAIZES01,3.634541697
2486,g__CAIZGA01,2.156708521
2487,g__CAIZGN01,2.950999697
2488,g__CAIZGX01,2.58294718
2489,g__CAIZIN01,2.334242262
2490,g__CAIZLB01,1.793688757
2491,g__CAIZMI01,1.904565603
2492,g__CAIZQW01,2.146997129
2493,g__CAIZRG01,2.626630387
2494,g__CAIZWN01,3.05373182
2495,g__CAIZWU01,3.320035398
2496,g__CAJANL01,2.652653479
2497,g__CAJANQ01,2.466351689
2498,g__CAJAQL01,1.622150688
2499,g__CAJARJ01,2.578357735
2500,g__CAJATL01,3.399767064
2501,g__CAJAUT01,1.822486465
2502,g__CAJAWW01,3.021359564
2503,g__CAJAXB01,2.448750591
2504,g__CAJBBX01,2.455401301
2505,g__CAJBEU01,1.798698026
2506,g__CAJBEZ01,2.889561164
2507,g__CAJBIL01,3.228212241
2508,g__CAJBLF01,2.582184413
2509,g__CAJBME01,2.927829698
2510,g__CAJBMK01,2.057735397
2511,g__CAJBMM01,1.832061717
2512,g__CAJBNH01,3.501943302
2513,g__CAJBPB01,3.086007489
2514,g__CAJBRS01,2.077157278
2515,g__CAJBVG01,2.620002376
2516,g__CAJBVW01,5.084902085
2517,g__CAJCBL01,2.651852105
2518,g__CAJCHO01,3.109944338
2519,g__CAJCHQ01,4.359826655
2520,g__CAJCIC01,3.089047782
2521,g__CAJCIF01,3.357653947
2522,g__CAJCIR01,1.683777329
2523,g__CAJCIS01,2.91091033
2524,g__CAJCIT01,3.248772764
2525,g__CAJCIW01,2.235883021
2526,g__CAJCIY01,2.444132513
2527,g__CAJCJE01,3.368914805
2528,g__CAJCJG01,3.105446751
2529,g__CAJFPI01,3.302454683
2530,g__CAJFTX01,2.788703636
2531,g__CAJFUH01,3.050570925
2532,g__CAJFUR01,2.654647674
2533,g__CAJGBR01,2.259537097
2534,g__CAJGCS01,2.175169417
2535,g__CAJGDV01,2.614992703
2536,g__CAJINA01,3.676652229
2537,g__CAJIYG01,1.752966407
2538,g__CAJIYR01,2.122520282
2539,g__CAJIZE01,1.837649783
2540,g__CAJJAM01,2.090583035
2541,g__CAJJBL01,2.432848328
2542,g__CAJJDF01,2.592378732
2543,g__CAJJNI01,2.820321684
2544,g__CAJJPW01,3.19022165
2545,g__CAJKWP01,2.221407294
2546,g__CAJLIR01,2.032309979
2547,g__CAJLXD01,2.771798607
2548,g__CAJLYO01,2.388083271
2549,g__CAJMAW01,2.376155791
2550,g__CAJMBK01,2.082759217
2551,g__CAJMNU01,3.398859605
2552,g__CAJMQN01,2.326427663
2553,g__CAJMSU01,2.131221139
2554,g__CAJOGA01,2.086634135
2555,g__CAJOGH01,2.144439743
2556,g__CAJOIG01,2.570144792
2557,g__CAJOJO01,2.035164003
2558,g__CAJOJR01,1.779022363
2559,g__CAJOLV01,1.974553252
2560,g__CAJOOD01,2.207811318
2561,g__CAJOOW01,1.956240876
2562,g__CAJOQB01,2.262247514
2563,g__CAJORE01,1.961302958
2564,g__CAJPNN01,2.425270075
2565,g__CAJPNX01,3.164444176
2566,g__CAJPPJ01,1.409376774
2567,g__CAJPQU01,2.041372715
2568,g__CAJPSE01,2.451065185
2569,g__CAJPTP01,2.291162242
2570,g__CAJQGY01,1.946557112
2571,g__CAJQHK01,1.920197422
2572,g__CAJQHT01,2.162495659
2573,g__CAJQIN01,1.948768716
2574,g__CAJQKF01,3.365379442
2575,g__CAJQLB01,2.646255898
2576,g__CAJQNC01,2.536701427
2577,g__CAJQND01,3.259878027
2578,g__CAJQNE01,3.651716154
2579,g__CAJQNK01,3.010655768
2580,g__CAJQNM01,3.037424515
2581,g__CAJQOT01,2.261209635
2582,g__CAJQPC01,4.51080324
2583,g__CAJQPP01,3.526774661
2584,g__CAJQQK01,3.95188339
2585,g__CAJQQY01,3.562445361
2586,g__CAJQQZ01,4.03913985
2587,g__CAJQSL01,2.200549578
2588,g__CAJTFG01,2.748454016
2589,g__CAJTWN01,2.677940545
2590,g__CAJUNI01,3.097298865
2591,g__CAJUPY01,2.5242181
2592,g__CAJVWH01,1.749548905
2593,g__CAJVWL01,1.516758968
2594,g__CAJVWV01,1.586630899
2595,g__CAJVXD01,1.832732523
2596,g__CAJVXG01,2.319518506
2597,g__CAJVXI01,1.72694398
2598,g__CAJVYJ01,2.202224516
2599,g__CAJVYK01,2.273116588
2600,g__CAJVZX01,1.385725615
2601,g__CAJWBT01,2.762953269
2602,g__CAJWCA01,3.906559357
2603,g__CAJWCP01,1.747832793
2604,g__CAJWER01,2.425815741
2605,g__CAJWGC01,2.480976974
2606,g__CAJWGI01,1.980238504
2607,g__CAJWHU01,1.955452761
2608,g__CAJWHX01,3.586106993
2609,g__CAJWJK01,2.472508163
2610,g__CAJWKT01,2.743621076
2611,g__CAJWLF01,2.035277051
2612,g__CAJWLW01,2.738311888
2613,g__CAJWLY01,2.237045566
2614,g__CAJWOS01,4.522127776
2615,g__CAJWPI01,2.086911231
2616,g__CAJWQN01,2.44702674
2617,g__CAJWTS01,2.321832862
2618,g__CAJWUJ01,2.259015361
2619,g__CAJWYM01,2.67932049
2620,g__CAJXBJ01,2.022173275
2621,g__CAJXCD01,2.423931219
2622,g__CAJXCL01,2.19711251
2623,g__CAJXCW01,3.928591042
2624,g__CAJXDB01,1.437276635
2625,g__CAJXFJ01,2.82265321
2626,g__CAJXGP01,2.225718156
2627,g__CAJXGR01,3.073188553
2628,g__CAJXGZ01,2.358098805
2629,g__CAJXHR01,1.702479621
2630,g__CAJXIC01,2.608089134
2631,g__CAJXII01,2.423721293
2632,g__CAJXJP01,3.010450716
2633,g__CAJXJY01,2.965663696
2634,g__CAJXJZ01,2.273460664
2635,g__CAJXKD01,2.873322414
2636,g__CAJXKN01,2.081960986
2637,g__CAJXKP01,2.451932071
2638,g__CAJXKR01,2.877079823
2639,g__CAJXKU01,2.26392124
2640,g__CAJXKW01,2.792820872
2641,g__CAJXLF01,3.002991205
2642,g__CAJXLG01,2.515399948
2643,g__CAJXLZ01,1.731964851
2644,g__CAJXMH01,2.662315982
2645,g__CAJXMS01,2.547310116
2646,g__CAJXNI01,2.805481781
2647,g__CAJXNP01,3.907738665
2648,g__CAJXOR01,3.242599773
2649,g__CAJXOW01,2.503698681
2650,g__CAJXPB01,3.032290801
2651,g__CAJXPN01,4.329076206
2652,g__CAJXQU01,2.852736839
2653,g__CAJXRW01,2.544301539
2654,g__CAJXSI01,2.676199169
2655,g__CAJXSN01,3.181462733
2656,g__CAJXSO01,4.086792179
2657,g__CAJXTB01,4.917412085
2658,g__CAJXTH01,2.083572419
2659,g__CAJXUB01,2.139259735
2660,g__CAJXUU01,3.780931155
2661,g__CAJXVA01,5.905284852
2662,g__CAJXVU01,3.250082884
2663,g__CAJXVY01,2.720491137
2664,g__CAJXWH01,2.527581118
2665,g__CAJXWO01,3.106652838
2666,g__CAJXXO01,2.819844323
2667,g__CAJXXZ01,1.932909697
2668,g__CAJXYS01,2.906586381
2669,g__CAJXZL01,3.72875803
2670,g__CAJXZP01,3.495260502
2671,g__CAJYAN01,2.936318618
2672,g__CAJYBN01,2.476724251
2673,g__CAJYHH01,4.722360605
2674,g__CAJYOV01,4.031519212
2675,g__CAJYPV01,4.558154972
2676,g__CAKAHY01,2.949451876
2677,g__CAKARD01,2.290089519
2678,g__CAKKPG01,2.755042084
2679,g__CAKKPH01,2.383186103
2680,g__CAKKPP01,2.484531301
2681,g__CAKKQA01,1.96087405
2682,g__CAKKQB01,1.698408161
2683,g__CAKKQC01,2.202958745
2684,g__CAKKQI01,2.349206277
2685,g__CAKKQO01,1.788461661
2686,g__CAKKQX01,2.989773345
2687,g__CAKKQZ01,1.899962947
2688,g__CAKKRL01,2.035166857
2689,g__CAKKRP01,3.063831832
2690,g__CAKKRZ01,2.381564037
2691,g__CAKKSB01,2.527855402
2692,g__CAKKSP01,1.706169493
2693,g__CAKMMH01,2.014413821
2694,g__CAKMYR01,1.817907372
2695,g__CAKMZF01,2.973549211
2696,g__CAKMZG01,3.546014548
2697,g__CAKMZJ01,2.65616248
2698,g__CAKMZR01,2.119806194
2699,g__CAKMZU01,4.270990951
2700,g__CAKMZV01,2.590203381
2701,g__CAKNOI01,1.761308343
2702,g__CAKOLD01,1.775413162
2703,g__CAKOLN01,2.105109584
2704,g__CAKOMG01,2.258874733
2705,g__CAKONZ01,1.169815937
2706,g__CAKOQQ01,2.0565608
2707,g__CAKORS01,1.568758937
2708,g__CAKOSP01,1.942569118
2709,g__CAKOTZ01,1.748013473
2710,g__CAKPCJ01,2.21177386
2711,g__CAKPEJ01,2.117000149
2712,g__CAKPEZ01,1.69541983
2713,g__CAKPKF01,1.751982552
2714,g__CAKPKP01,1.698723307
2715,g__CAKPPA01,2.609203483
2716,g__CAKPQL01,1.865202892
2717,g__CAKPSH01,2.124523463
2718,g__CAKPTA01,2.023707898
2719,g__CAKPXW01,1.994078286
2720,g__CAKPYT01,2.676610493
2721,g__CAKQDS01,3.166870644
2722,g__CAKQHB01,3.028268028
2723,g__CAKQKQ01,2.446687511
2724,g__CAKQMD01,2.433424955
2725,g__CAKQOE01,3.977542909
2726,g__CAKQSC01,2.228339399
2727,g__CAKQTH01,2.831859023
2728,g__CAKQWA01,2.838627281
2729,g__CAKRHR01,3.577262272
2730,g__CAKRJP01,3.461935997
2731,g__CAKRRH01,2.692234219
2732,g__CAKRRK01,3.056796629
2733,g__CAKRVU01,2.08273239
2734,g__CAKRZE01,2.616562814
2735,g__CAKSAY01,1.776667926
2736,g__CAKSBH01,2.372583341
2737,g__CAKSCM01,2.773247669
2738,g__CAKSDR01,2.613541451
2739,g__CAKSDT01,2.327213184
2740,g__CAKSEF01,2.503761494
2741,g__CAKSEI01,2.422899036
2742,g__CAKSFT01,2.867649307
2743,g__CAKSHC01,2.299211471
2744,g__CAKSHP01,2.732051638
2745,g__CAKSIH01,2.230203453
2746,g__CAKSIP01,2.962254896
2747,g__CAKSIW01,2.293485949
2748,g__CAKSJY01,2.547170479
2749,g__CAKSKB01,2.735144922
2750,g__CAKSKO01,2.439840762
2751,g__CAKSNH01,3.611843307
2752,g__CAKSQF01,2.350941348
2753,g__CAKSQL01,2.518808193
2754,g__CAKSSR01,2.625705439
2755,g__CAKSST01,2.199687828
2756,g__CAKSUT01,2.593740338
2757,g__CAKSXP01,3.289419329
2758,g__CAKTAA01,2.805199755
2759,g__CAKTEE01,2.997439654
2760,g__CAKTEQ01,3.730523278
2761,g__CAKTER01,3.08791729
2762,g__CAKTFW01,2.962773976
2763,g__CAKTOF01,2.736277198
2764,g__CAKTWY01,2.447058424
2765,g__CAKTXU01,2.536049019
2766,g__CAKUEI01,2.690540471
2767,g__CAKUFA01,2.813760088
2768,g__CAKUFI01,2.917866166
2769,g__CAKUIA01,2.521113906
2770,g__CAKUJM01,1.352274101
2771,g__CAKUMP01,2.55424838
2772,g__CAKUOV01,3.303002141
2773,g__CAKUSI01,2.954622816
2774,g__CAKUZL01,2.886774656
2775,g__CAKVBE01,1.791509851
2776,g__CAKVJS01,2.357235373
2777,g__CAKVLG01,2.076889939
2778,g__CAKVLS01,2.000595091
2779,g__CAKVNM01,2.208358959
2780,g__CAKVOD01,2.321794728
2781,g__CAKVOK01,2.50150262
2782,g__CAKVON01,2.37812858
2783,g__CAKVOU01,3.052107145
2784,g__CAKXIK01,2.908475281
2785,g__CAKZHE01,4.236439044
2786,g__CAKZIK01,3.381820685
2787,g__CAKZIX01,4.217301
2788,g__CAKZJW01,3.113224963
2789,g__CAKZKB01,4.020152355
2790,g__CAKZKH01,1.984710521
2791,g__CAKZKQ01,5.802176691
2792,g__CAKZKT01,2.673021598
2793,g__CAKZLL01,3.683683718
2794,g__CAKZLM01,3.871084821
2795,g__CAKZLR01,1.732980308
2796,g__CAKZLS01,2.738979703
2797,g__CAKZLV01,2.485574701
2798,g__CAKZML01,3.280483191
2799,g__CAKZMO01,4.296048495
2800,g__CAKZNR01,2.560104992
2801,g__CAKZPD01,3.587836285
2802,g__CAKZPF01,2.548836436
2803,g__CAKZPH01,1.924234511
2804,g__CAKZPI01,3.659579724
2805,g__CAKZPS01,2.413805532
2806,g__CAKZQD01,2.560499559
2807,g__CAKZQG01,1.741364973
2808,g__CAKZQI01,2.256431063
2809,g__CAKZQX01,3.47517214
2810,g__CAKZRD01,1.494306912
2811,g__CAKZRU01,4.76257014
2812,g__CAKZRW01,2.636952292
2813,g__CAKZSB01,3.87099052
2814,g__CAKZSF01,2.656075948
2815,g__CAKZSU01,1.092078993
2816,g__CAKZTE01,2.798102998
2817,g__CAKZTM01,3.362538235
2818,g__CAKZTQ01,1.908303019
2819,g__CAKZUP01,3.315230969
2820,g__CAKZUS01,2.681773827
2821,g__CAKZUU01,2.579428839
2822,g__CAKZVG01,2.260981728
2823,g__CAKZVL01,3.124548882
2824,g__CAKZWF01,3.551122756
2825,g__CAKZWV01,2.645282102
2826,g__CAKZYD01,3.513464157
2827,g__CAKZYZ01,2.741599027
2828,g__CALABS01,3.670635774
2829,g__CALADF01,2.808038025
2830,g__CALAEC01,2.048412099
2831,g__CALAED01,3.824134744
2832,g__CALAFV01,2.080419722
2833,g__CALAGB01,2.591978704
2834,g__CALAGJ01,2.71014092
2835,g__CALAIY01,2.611888611
2836,g__CALAJH01,2.392062812
2837,g__CALAJO01,3.296970624
2838,g__CALAJP01,3.132568006
2839,g__CALAJQ01,4.112150698
2840,g__CALAJY01,2.730896723
2841,g__CALAKE01,2.912766463
2842,g__CALALP01,2.338444573
2843,g__CALALS01,2.858621236
2844,g__CALAMC01,2.729978936
2845,g__CALAMD01,2.931071125
2846,g__CALAME01,2.455233777
2847,g__CALAML01,3.396786178
2848,g__CALANC01,2.521243609
2849,g__CALANV01,3.06595646
2850,g__CALAQW01,2.676131463
2851,g__CALARM01,3.655739446
2852,g__CALARN01,1.935170315
2853,g__CALARR01,3.22400286
2854,g__CALAXS01,2.543845207
2855,g__CALAXT01,3.201860298
2856,g__CALAYL01,2.85393831
2857,g__CALAZP01,2.523568294
2858,g__CALAZW01,3.437771037
2859,g__CALAZZ01,2.816526596
2860,g__CALBCO01,2.012795143
2861,g__CALBDW01,3.054819934
2862,g__CALBFA01,2.774953835
2863,g__CALBGR01,1.907172245
2864,g__CALBHK01,2.945914218
2865,g__CALBHZ01,2.391354949
2866,g__CALBIE01,4.605229692
2867,g__CALBJC01,3.085340785
2868,g__CALBJS01,2.674996292
2869,g__CALBJU01,3.068703182
2870,g__CALBKH01,3.257473771
2871,g__CALBLZ01,2.46086731
2872,g__CALBMD01,3.22596331
2873,g__CALBMM01,5.789373449
2874,g__CALBMX01,3.317947393
2875,g__CALBOC01,3.345084445
2876,g__CALBPE01,2.204578081
2877,g__CALBPI01,3.185117837
2878,g__CALBRZ01,3.299222076
2879,g__CALBSZ01,4.508246774
2880,g__CALBTA01,2.937680364
2881,g__CALBTB01,3.056367646
2882,g__CALBTQ01,2.808566812
2883,g__CALBTX01,2.522156285
2884,g__CALBXO01,4.977927507
2885,g__CALBXV01,4.055157527
2886,g__CALBZE01,2.633278722
2887,g__CALBZG01,3.028688004
2888,g__CALBZH01,3.472048754
2889,g__CALCCE01,4.262307555
2890,g__CALCCV01,4.072507322
2891,g__CALCDS01,2.391636193
2892,g__CALCDT01,3.027119861
2893,g__CALCEB01,3.347506056
2894,g__CALCHX01,3.566155841
2895,g__CALCID01,3.020669213
2896,g__CALCJD01,2.934726842
2897,g__CALCJG01,3.699927615
2898,g__CALCJH01,1.88674897
2899,g__CALCKU01,2.63167229
2900,g__CALCKW01,3.375917863
2901,g__CALCLY01,2.270725882
2902,g__CALCMJ01,3.077571943
2903,g__CALCNF01,3.395394535
2904,g__CALCNS01,2.678286669
2905,g__CALCOY01,4.376262668
2906,g__CALCQG01,2.475860682
2907,g__CALCSX01,3.201467965
2908,g__CALCTE01,3.506075122
2909,g__CALCTH01,3.909926277
2910,g__CALCTU01,2.820558982
2911,g__CALCTX01,2.707802055
2912,g__CALCXL01,4.123478073
2913,g__CALCXY01,1.893298753
2914,g__CALCYJ01,2.714562246
2915,g__CALCZU01,3.52596226
2916,g__CALDCK01,2.997639412
2917,g__CALDDH01,2.014099488
2918,g__CALDDN01,2.240202185
2919,g__CALDDQ01,1.608498337
2920,g__CALDGQ01,3.706075377
2921,g__CALDHH01,2.820292265
2922,g__CALDHR01,2.728330768
2923,g__CALDMQ01,2.281719269
2924,g__CALDOK01,5.834413511
2925,g__CALDPK01,2.788924673
2926,g__CALDSD01,3.411432476
2927,g__CALDSL01,3.100463615
2928,g__CALDSP01,2.345083321
2929,g__CALDSX01,2.12520492
2930,g__CALDTK01,3.362707204
2931,g__CALDUO01,3.094391742
2932,g__CALDUY01,3.364593556
2933,g__CALDYW01,1.974405616
2934,g__CALDYZ01,1.688818391
2935,g__CALDZK01,2.541333473
2936,g__CALEAR01,2.689925752
2937,g__CALECP01,3.656964686
2938,g__CALEDJ01,2.252118159
2939,g__CALEDW01,1.74858152
2940,g__CALEEC01,2.822507836
2941,g__CALEFQ01,1.528601251
2942,g__CALEIX01,2.106936445
2943,g__CALEJU01,2.374271127
2944,g__CALEKU01,3.0836042
2945,g__CALEKX01,2.230770065
2946,g__CALELF01,2.435845166
2947,g__CALELM01,2.859606658
2948,g__CALEMF01,3.496199926
2949,g__CALEMW01,2.972380825
2950,g__CALEQZ01,3.134248486
2951,g__CALESS01,2.380820756
2952,g__CALETH01,2.095183344
2953,g__CALETX01,1.797553441
2954,g__CALEUX01,1.996946515
2955,g__CALEVZ01,2.648552687
2956,g__CALEWY01,3.600674928
2957,g__CALEZE01,1.26432943
2958,g__CALFAC01,2.708772537
2959,g__CALFBG01,3.726776308
2960,g__CALFBI01,2.777182421
2961,g__CALFBO01,1.670911843
2962,g__CALFBP01,2.506496182
2963,g__CALFBW01,3.183686801
2964,g__CALFCE01,3.300465077
2965,g__CALFCX01,1.67730411
2966,g__CALFDI01,3.380861265
2967,g__CALFEP01,3.209725515
2968,g__CALFER01,3.476336095
2969,g__CALFHQ01,3.611551148
2970,g__CALFHW01,2.743271008
2971,g__CALFIE01,2.769759765
2972,g__CALFML01,5.547487696
2973,g__CALFMN01,3.844040121
2974,g__CALFMR01,2.249723103
2975,g__CALFPJ01,3.274653056
2976,g__CALFQW01,1.762443972
2977,g__CALFUK01,3.514659244
2978,g__CALFUQ01,3.043474654
2979,g__CALFVM01,1.327010473
2980,g__CALFVT01,2.91926491
2981,g__CALFWJ01,1.997866316
2982,g__CALFXN01,3.028205647
2983,g__CALFXO01,2.919304274
2984,g__CALFYA01,4.143077283
2985,g__CALFYT01,3.553472369
2986,g__CALFYV01,3.236362453
2987,g__CALFYW01,1.753712177
2988,g__CALGAD01,3.312227994
2989,g__CALGBJ01,1.517768326
2990,g__CALGBT01,3.794510321
2991,g__CALGDE01,3.541896294
2992,g__CALGFD01,3.089183395
2993,g__CALGFH01,3.252284626
2994,g__CALGFI01,2.106056472
2995,g__CALGGB01,3.2855022
2996,g__CALGHC01,3.325825715
2997,g__CALGIA01,3.407712208
2998,g__CALGIV01,2.330268934
2999,g__CALGIY01,2.297551274
3000,g__CALGJV01,2.373521694
3001,g__CALGKJ01,3.549564307
3002,g__CALGLP01,2.009748818
3003,g__CALGLS01,3.347658496
3004,g__CALGNA01,2.42624003
3005,g__CALGNM01,2.14757886
3006,g__CALGNN01,3.05167162
3007,g__CALGNO01,3.346701248
3008,g__CALGOL01,3.331190381
3009,g__CALGOY01,1.826995298
3010,g__CALGPD01,3.133281541
3011,g__CALGRC01,1.86157807
3012,g__CALGSZ01,2.975173343
3013,g__CALGTJ01,3.775462932
3014,g__CALGTL01,2.709425238
3015,g__CALGUG01,3.851087733
3016,g__CALGVL01,2.988020158
3017,g__CALGWV01,2.596806314
3018,g__CALGXT01,1.839933325
3019,g__CALGYO01,3.532856073
3020,g__CALGYY01,3.018651369
3021,g__CALGYZ01,3.267531241
3022,g__CALGZD01,2.552406073
3023,g__CALHAX01,3.217706365
3024,g__CALHDG01,3.559522033
3025,g__CALHEE01,1.637251805
3026,g__CALHGX01,1.972923111
3027,g__CALHGZ01,2.483134432
3028,g__CALHIP01,1.248963069
3029,g__CALHIW01,1.73056132
3030,g__CALHKP01,3.207532131
3031,g__CALHMG01,3.769603521
3032,g__CALHPI01,1.526554319
3033,g__CALHPJ01,2.154050172
3034,g__CALHPK01,1.925670401
3035,g__CALHRB01,2.379335067
3036,g__CALHRC01,2.50527317
3037,g__CALHRZ01,2.248855671
3038,g__CALHSA01,1.853354272
3039,g__CALHVR01,1.836152588
3040,g__CALHVX01,3.542712981
3041,g__CALHXW01,4.115959545
3042,g__CALHYX01,3.307628682
3043,g__CALHZT01,3.794302707
3044,g__CALIAG01,3.709897717
3045,g__CALIBK01,2.476975383
3046,g__CALIGR01,2.052792071
3047,g__CALIKS01,2.117999972
3048,g__CALIKW01,1.676695382
3049,g__CALIMH01,1.948156414
3050,g__CALINB01,2.622228301
3051,g__CALINF01,3.329485646
3052,g__CALINM01,2.213115158
3053,g__CALIQN01,2.603188783
3054,g__CALIRD01,2.770123639
3055,g__CALIRQ01,1.799407959
3056,g__CALIRS01,2.030619799
3057,g__CALISC01,2.092116814
3058,g__CALITC01,1.882877733
3059,g__CALIVE01,1.345322506
3060,g__CALIZF01,2.666015187
3061,g__CALJAA01,3.602310164
3062,g__CALJBY01,2.118224665
3063,g__CALJDF01,2.7284009
3064,g__CALJDU01,4.193280723
3065,g__CALJEJ01,1.608149383
3066,g__CALJEL01,2.369926328
3067,g__CALJES01,1.957799571
3068,g__CALJFL01,2.824395197
3069,g__CALJGI01,3.516146807
3070,g__CALJIC01,3.220251565
3071,g__CALJLA01,3.25130243
3072,g__CALJLD01,3.732720299
3073,g__CALJMB01,2.669034102
3074,g__CALJMC01,2.679523583
3075,g__CALJNB01,3.668078164
3076,g__CALJRW01,2.572759375
3077,g__CALJTN01,3.216256454
3078,g__CALJTV01,2.086536165
3079,g__CALJUJ01,2.656579429
3080,g__CALJUK01,3.558511898
3081,g__CALJUZ01,2.106284581
3082,g__CALJVA01,2.884427045
3083,g__CALJXB01,2.433446016
3084,g__CALKAI01,2.617227934
3085,g__CALKAL01,3.043163802
3086,g__CALKAN01,2.659575548
3087,g__CALKAQ01,2.552347868
3088,g__CALKCM01,2.562682588
3089,g__CALKCV01,2.470273489
3090,g__CALKEQ01,2.06864529
3091,g__CALKGK01,3.285404409
3092,g__CALKHP01,3.063346207
3093,g__CALKHQ01,2.894390192
3094,g__CALKHR01,3.411642195
3095,g__CALKHT01,2.647947656
3096,g__CALKHV01,2.500864223
3097,g__CALKIU01,3.729303372
3098,g__CALKJP01,2.409361032
3099,g__CALKJU01,2.721200394
3100,g__CALKKN01,2.823026127
3101,g__CALKMO01,2.230232275
3102,g__CALKMS01,2.028224036
3103,g__CALKRZ01,2.76937903
3104,g__CALKTZ01,3.747205934
3105,g__CALKUG01,2.600850129
3106,g__CALKUN01,2.553043419
3107,g__CALKUP01,1.955910048
3108,g__CALKUS01,3.367785956
3109,g__CALKVD01,1.9628843
3110,g__CALKVK01,2.853361714
3111,g__CALKVW01,4.006090934
3112,g__CALKWM01,2.143833637
3113,g__CALKWS01,2.539453779
3114,g__CALKXJ01,2.599325066
3115,g__CALKXS01,2.49522745
3116,g__CALKXV01,3.205499611
3117,g__CALKYB01,2.158698226
3118,g__CALKYM01,3.294861343
3119,g__CALKZN01,2.260126559
3120,g__CALKZT01,2.34604634
3121,g__CALLBE01,2.575099678
3122,g__CALLBL01,2.140937526
3123,g__CALLCD01,2.521929778
3124,g__CALLJL01,2.201740641
3125,g__CALLJT01,1.834328347
3126,g__CALLLO01,2.328873789
3127,g__CALLMJ01,2.610381795
3128,g__CALLMM01,2.305669165
3129,g__CALLMV01,2.100385461
3130,g__CALLOB01,1.944309987
3131,g__CALLPE01,2.327296102
3132,g__CALLPO01,1.967200364
3133,g__CALLPQ01,2.614906
3134,g__CALLQB01,3.690632972
3135,g__CALLQI01,3.047734933
3136,g__CALLUQ01,2.88549253
3137,g__CALLVA01,3.003998875
3138,g__CALLVF01,1.29894359
3139,g__CALLVY01,4.240831751
3140,g__CALLXA01,1.330377761
3141,g__CALLXS01,2.37058217
3142,g__CALLYA01,2.140253581
3143,g__CALLYK01,4.036716732
3144,g__CALLZE01,3.2728867
3145,g__CALLZJ01,2.894035313
3146,g__CALLZL01,3.40521741
3147,g__CALLZM01,1.94423155
3148,g__CALMAK01,2.033700401
3149,g__CALMAR01,3.417997405
3150,g__CALMAY01,1.75147207
3151,g__CALMBF01,4.074878308
3152,g__CALMBW01,2.780613739
3153,g__CALMEC01,2.648584821
3154,g__CALMEE01,3.639521359
3155,g__CALMEF01,3.088325499
3156,g__CALMEG01,3.285610339
3157,g__CALMEH01,3.585471343
3158,g__CALMFG01,2.755108944
3159,g__CALMFQ01,3.790095322
3160,g__CALMFT01,2.842325086
3161,g__CALMGJ01,2.673358203
3162,g__CALMGO01,2.385207271
3163,g__CALMHE01,2.389353695
3164,g__CALMHV01,2.099572187
3165,g__CALMIO01,2.035561341
3166,g__CALMIR01,4.122602557
3167,g__CALMJB01,2.32771444
3168,g__CALMJK01,2.165740299
3169,g__CALMJU01,2.140995599
3170,g__CALMKX01,3.518993908
3171,g__CALMLW01,2.438051658
3172,g__CALMMZ01,2.336995509
3173,g__CALMNV01,1.897116645
3174,g__CALMOI01,3.475630365
3175,g__CALMPF01,2.758954286
3176,g__CALMSM01,2.602277112
3177,g__CALMTC01,2.487546081
3178,g__CALMUP01,2.620020499
3179,g__CALMVH01,2.399998846
3180,g__CALMWE01,1.875358266
3181,g__CALMWN01,2.948632575
3182,g__CALMWW01,1.900629877
3183,g__CALMXW01,1.547770629
3184,g__CALMYO01,3.144835043
3185,g__CALMYZ01,2.072276263
3186,g__CALMZN01,1.625622593
3187,g__CALMZY01,1.80599288
3188,g__CALNBC01,2.620354022
3189,g__CALNBE01,1.984774572
3190,g__CALNBV01,4.443479948
3191,g__CALNCD01,2.779011287
3192,g__CALNCF01,4.047026855
3193,g__CALNCH01,2.370498964
3194,g__CALNCU01,1.940576067
3195,g__CALPQG02,2.805014555
3196,g__CALQIT02,3.578846336
3197,g__CALQRR01,2.718913714
3198,g__CALQZM01,1.98065782
3199,g__CALRAM01,1.630297512
3200,g__CALRAY01,1.745247306
3201,g__CALRBF01,1.508880174
3202,g__CALRBH01,2.001956865
3203,g__CALRBJ01,1.701737958
3204,g__CALRBL01,2.176175082
3205,g__CALRBT01,2.167153253
3206,g__CALRCI01,2.028918946
3207,g__CALRDJ01,1.525896987
3208,g__CALREA01,2.344147066
3209,g__CALREJ01,1.959849969
3210,g__CALRET01,1.988810257
3211,g__CALREW01,2.119992549
3212,g__CALRFC01,1.744231923
3213,g__CALRFD01,1.428160373
3214,g__CALRFE01,1.970369587
3215,g__CALRGE01,2.415733653
3216,g__CALRGH01,2.153966595
3217,g__CALRGL01,1.968055225
3218,g__CALRGO01,1.672305867
3219,g__CALRGT01,2.137682199
3220,g__CALRHK01,1.836967003
3221,g__CALRHN01,1.840422639
3222,g__CALRHY01,1.717790374
3223,g__CALSMU01,2.73994419
3224,g__CALSNA01,2.76652628
3225,g__CALSPH01,2.71488111
3226,g__CALSSN01,2.214111467
3227,g__CALTNV01,1.649895802
3228,g__CALTSX01,1.799573948
3229,g__CALTTS01,2.44292769
3230,g__CALTWN01,2.270794291
3231,g__CALUMT01,3.173981375
3232,g__CALUNA01,1.843346115
3233,g__CALUOB01,2.545019568
3234,g__CALUPD01,2.920825487
3235,g__CALUPY01,2.697439973
3236,g__CALURL01,2.325377388
3237,g__CALUTH01,2.617785874
3238,g__CALUUT01,2.602280916
3239,g__CALUVH01,2.699105284
3240,g__CALUVN01,2.54513994
3241,g__CALUXS01,2.331340897
3242,g__CALUZH01,2.670269669
3243,g__CALVGN01,2.593422963
3244,g__CALVJF01,1.954383224
3245,g__CALVJJ01,2.492222673
3246,g__CALVJO01,2.195283911
3247,g__CALVJV01,1.955792196
3248,g__CALVJY01,2.11731363
3249,g__CALVLD01,2.997722329
3250,g__CALVLZ01,1.98360295
3251,g__CALVMC01,2.070838913
3252,g__CALVNN01,2.329590799
3253,g__CALVNY01,2.265608786
3254,g__CALVQX01,2.069117956
3255,g__CALVRE01,2.102937568
3256,g__CALVSV01,1.828840945
3257,g__CALVTO01,2.433182626
3258,g__CALVUG01,2.245947228
3259,g__CALVUJ01,2.174564493
3260,g__CALVUN01,2.006516791
3261,g__CALVUP01,2.093368135
3262,g__CALVVN01,1.69503284
3263,g__CALVVX01,2.010535191
3264,g__CALVXC01,2.028681209
3265,g__CALVXF01,1.879617041
3266,g__CALVZT01,2.311281298
3267,g__CALWAM01,1.937871189
3268,g__CALWDW01,2.108655377
3269,g__CALWHE01,2.128922742
3270,g__CALWJF01,2.364475508
3271,g__CALWKP01,2.493521133
3272,g__CALWKX01,2.555569996
3273,g__CALWLY01,3.574413068
3274,g__CALWOS01,2.92691236
3275,g__CALWPC01,2.152343746
3276,g__CALWPI01,2.091720072
3277,g__CALWPT01,2.127655741
3278,g__CALWPV01,2.654819448
3279,g__CALWPY01,3.073236283
3280,g__CALWRB01,3.986202151
3281,g__CALWRD01,3.557647953
3282,g__CALWRM01,2.27442193
3283,g__CALWSW01,2.619273971
3284,g__CALWSX01,3.204021453
3285,g__CALWTV01,2.460646193
3286,g__CALWVF01,2.478447306
3287,g__CALWWP01,2.111685965
3288,g__CALWWS01,2.242901007
3289,g__CALWZA01,2.645416926
3290,g__CALWZE01,2.940401036
3291,g__CALWZU01,2.881497796
3292,g__CALWZV01,1.564624677
3293,g__CALXAK01,2.400326922
3294,g__CALXAN01,2.198798328
3295,g__CALXAO01,2.345525476
3296,g__CALXAZ01,2.41767499
3297,g__CALXCQ01,3.112612108
3298,g__CALXCR01,2.551108873
3299,g__CALXCT01,3.090695771
3300,g__CALXDZ01,3.327456087
3301,g__CALXEL01,3.481550821
3302,g__CALXEM01,3.432597114
3303,g__CALXEN01,3.275203515
3304,g__CALXFK01,2.478571022
3305,g__CALXGH01,3.237854152
3306,g__CALXGT01,2.431562111
3307,g__CALXIC01,2.817692498
3308,g__CALXJE01,1.811030917
3309,g__CALXJJ01,1.661966058
3310,g__CALXJL01,1.705161678
3311,g__CALXJM01,1.486000303
3312,g__CALXNP01,3.867521918
3313,g__CALXOD01,2.048320104
3314,g__CALXOJ01,2.010662298
3315,g__CALXPF01,2.127910854
3316,g__CALXQI01,2.168326788
3317,g__CALXQQ01,2.112090468
3318,g__CALXQW01,2.227293835
3319,g__CALXRO01,1.9129576
3320,g__CALXRW01,1.615290436
3321,g__CALXSC01,1.952916555
3322,g__CALXSR01,2.563522467
3323,g__CALXSV01,2.406297586
3324,g__CALXSZ01,2.044229606
3325,g__CALXUC01,1.865664183
3326,g__CALXUD01,1.752743594
3327,g__CALXVS01,2.121627376
3328,g__CALXWF01,2.541909231
3329,g__CALXXA01,2.28087091
3330,g__CALXXL01,2.265242862
3331,g__CALXXW01,1.955550108
3332,g__CALXXX01,2.164827132
3333,g__CALXZG01,2.022187716
3334,g__CALYAK01,2.386001026
3335,g__CALYAO01,2.210709472
3336,g__CALYAQ01,1.849941173
3337,g__CALYAR01,3.03009055
3338,g__CALYBN01,1.964361328
3339,g__CALYOC01,2.454157153
3340,g__CALYPF01,4.738323073
3341,g__CALYQJ01,1.816979928
3342,g__CALYQQ01,3.2540492
3343,g__CALYZD01,4.192236862
3344,g__CALZBJ01,4.814979652
3345,g__CALZFJ01,2.163330977
3346,g__CALZGC01,2.603556585
3347,g__CALZGI01,2.888284919
3348,g__CALZGZ01,3.29549782
3349,g__CALZHP01,2.560393816
3350,g__CALZHT01,3.13942733
3351,g__CALZHW01,3.14254098
3352,g__CALZIC01,3.801763086
3353,g__CALZIK01,3.201556557
3354,g__CALZIL01,3.085771309
3355,g__CALZIZ01,3.987381998
3356,g__CALZJC01,3.024449562
3357,g__CALZJD01,2.586036153
3358,g__CALZJE01,3.174754747
3359,g__CALZJG01,2.857744929
3360,g__CALZJI01,2.938564507
3361,g__CALZKB01,2.800278701
3362,g__CALZKI01,3.053922646
3363,g__CAMAGA01,3.08676452
3364,g__CAMAHO01,3.751486354
3365,g__CAMAPP01,2.610962347
3366,g__CAMAPQ01,3.029260443
3367,g__CAMAQI01,2.610039053
3368,g__CAMASH01,2.936498859
3369,g__CAMASZ01,2.023713292
3370,g__CAMATL01,2.009392263
3371,g__CAMAUF01,2.602568406
3372,g__CAMAVH01,2.730529521
3373,g__CAMAVK01,1.977859826
3374,g__CAMAVL01,2.249500471
3375,g__CAMAVR01,3.044897436
3376,g__CAMAVY01,3.702236227
3377,g__CAMAWH01,3.871233307
3378,g__CAMAWM01,2.172821984
3379,g__CAMAXB01,2.57220483
3380,g__CAMAXT01,3.078125868
3381,g__CAMAXZ01,3.405244351
3382,g__CAMAYG01,2.336864102
3383,g__CAMBDR01,4.271546948
3384,g__CAMBDS01,2.278008874
3385,g__CAMBEX01,3.033935274
3386,g__CAMBFR01,3.131800778
3387,g__CAMBFX01,3.075236826
3388,g__CAMBHM01,2.015344313
3389,g__CAMBIX01,3.188349416
3390,g__CAMBQF01,3.244881773
3391,g__CAMBRF01,1.910031026
3392,g__CAMBRQ01,3.685052967
3393,g__CAMBSA01,3.568015939
3394,g__CAMBTO01,2.761557828
3395,g__CAMBWO01,3.448771853
3396,g__CAMCAC01,2.358468034
3397,g__CAMCDL01,3.040625338
3398,g__CAMCHB01,1.744938495
3399,g__CAMCHP01,3.050455286
3400,g__CAMCJU01,1.657738894
3401,g__CAMCNU01,2.170089849
3402,g__CAMCQG01,1.985806628
3403,g__CAMCQY01,2.797483295
3404,g__CAMCRE01,2.31938846
3405,g__CAMCSH01,2.899644016
3406,g__CAMCTH01,3.441344657
3407,g__CAMCTP01,1.969578423
3408,g__CAMCTV01,2.852785618
3409,g__CAMCUA01,3.04319832
3410,g__CAMCUJ01,2.353371855
3411,g__CAMCUU01,2.72794681
3412,g__CAMCVE01,2.822828634
3413,g__CAMCVL01,2.422515828
3414,g__CAMCVM01,1.835739772
3415,g__CAMCVV01,2.712328833
3416,g__CAMCWB01,3.179639194
3417,g__CAMCWV01,2.283624845
3418,g__CAMCXE01,3.190720512
3419,g__CAMCXT01,3.147703423
3420,g__CAMCYG01,2.252314268
3421,g__CAMCYM01,2.0403278
3422,g__CAMCZU01,1.611969597
3423,g__CAMCZW01,1.947278849
3424,g__CAMDAI01,2.12868074
3425,g__CAMDBA01,2.188580764
3426,g__CAMDBH01,2.800554998
3427,g__CAMDBI01,2.795268929
3428,g__CAMDBL01,3.394781046
3429,g__CAMDDF01,2.235745498
3430,g__CAMDFR01,2.630418528
3431,g__CAMDGN01,1.365517199
3432,g__CAMDGX01,3.08388425
3433,g__CAMDIK01,2.315890443
3434,g__CAMDKS01,3.515883183
3435,g__CAMDLH01,4.586250367
3436,g__CAMDMI01,2.921719794
3437,g__CAMDOH01,2.279413542
3438,g__CAMDOZ01,3.038881976
3439,g__CAMDPA01,3.669694562
3440,g__CAMDTE01,2.544247191
3441,g__CAMDVZ01,3.59441421
3442,g__CAMDWQ01,2.207807445
3443,g__CAMEGH01,2.27562027
3444,g__CAMEJP01,3.726450853
3445,g__CAMENZ01,3.047284492
3446,g__CAMEYY01,2.069692631
3447,g__CAMFBH01,2.169920092
3448,g__CAMFIG01,2.356265532
3449,g__CAMFJH01,2.534560893
3450,g__CAMFJL01,2.172303929
3451,g__CAMFJP01,1.87586354
3452,g__CAMFKA01,2.693896186
3453,g__CAMFKE01,2.430568477
3454,g__CAMFLJ01,2.856156619
3455,g__CAMFLK01,2.880510677
3456,g__CAMFLR01,4.356037142
3457,g__CAMFLX01,3.501902991
3458,g__CAMFNB01,1.988111588
3459,g__CAMFTQ01,2.225334818
3460,g__CAMHGU01,2.613913127
3461,g__CAMIGX01,2.892907121
3462,g__CAMIKG01,5.310078979
3463,g__CAMIXG01,3.247487685
3464,g__CAMJAG01,1.799833339
3465,g__CAMJGD01,2.945709733
3466,g__CAMJML01,4.179354919
3467,g__CAMJVU01,2.267721625
3468,g__CAMJWQ01,3.042124255
3469,g__CAMKAB01,2.310721558
3470,g__CAMKFP01,1.727428698
3471,g__CAMLDH01,3.65779462
3472,g__CAMLFJ01,2.674574015
3473,g__CAMLHD01,1.743783459
3474,g__CAMLHP01,2.284963589
3475,g__CAMLHT01,2.840936498
3476,g__CAMLHU01,1.935181481
3477,g__CAMLIT01,2.48398469
3478,g__CAMLIZ01,3.654313619
3479,g__CAMLJR01,3.218316279
3480,g__CAMLKC01,2.525803479
3481,g__CAMLLE01,2.837811662
3482,g__CAMLLJ01,2.097887765
3483,g__CAMLLW01,2.022773626
3484,g__CAMLOF01,3.469894315
3485,g__CAMLQG01,3.078455015
3486,g__CAMLQK01,2.733404809
3487,g__CAMLTW01,1.989676428
3488,g__CAMMKL01,2.904039345
3489,g__CAMMMX01,2.683118223
3490,g__CAMNAC01,2.032200464
3491,g__CAMNAO01,2.509425335
3492,g__CAMNHZ01,1.665907005
3493,g__CAMNLO01,2.539340798
3494,g__CAMNOX01,1.789261885
3495,g__CAMOGO01,2.674273145
3496,g__CAMOHV01,0.76220312
3497,g__CAMORM01,1.742180815
3498,g__CAMPJM01,3.077091612
3499,g__CAMPJU01,2.157604107
3500,g__CAMPKL01,3.14159338
3501,g__CAMPYH01,1.293983772
3502,g__CAMQRS01,3.378551914
3503,g__CAMQTD01,2.325082841
3504,g__CAMQUX01,1.794908808
3505,g__CAMQVF01,2.050168776
3506,g__CAMQVY01,2.315186064
3507,g__CAMQXE01,3.492433216
3508,g__CAMQYB01,2.261155742
3509,g__CAMQZB01,1.962349398
3510,g__CAMQZF01,4.201840097
3511,g__CAMRBQ01,2.427389979
3512,g__CAMREV01,1.872227493
3513,g__CAMSGF01,2.269417776
3514,g__CAMSXY01,1.901296972
3515,g__CAMTHN01,1.835464833
3516,g__CAMTJU01,1.878478209
3517,g__CAMTOK01,2.976269257
3518,g__CAMTOO01,2.486292958
3519,g__CAMTZM01,2.256577929
3520,g__CAMUJQ01,2.011020747
3521,g__CAMUQR01,2.084027132
3522,g__CAMURW01,2.187762279
3523,g__CAMUXE01,2.446754699
3524,g__CAMVHY01,1.870527304
3525,g__CAMWFH01,3.043848249
3526,g__CAMWMY01,2.042893838
3527,g__CAMWPM01,1.459957991
3528,g__CAMWXW01,1.885341272
3529,g__CAMYCF01,2.644550675
3530,g__CAMYCP01,2.009066655
3531,g__CAMYIF01,2.920534839
3532,g__CAMYII01,3.081882249
3533,g__CAMYIK01,2.450385593
3534,g__CAMYJA01,2.756991909
3535,g__CAMYJH01,3.446858156
3536,g__CAMYJL01,3.178512021
3537,g__CAMYJP01,3.053334891
3538,g__CAMYJT01,2.712541931
3539,g__CAMYJZ01,2.725824958
3540,g__CAMYKB01,2.827027896
3541,g__CAMYKC01,3.117064124
3542,g__CAMYKD01,3.501541321
3543,g__CAMYKE01,3.135579895
3544,g__CAMYKY01,3.210979331
3545,g__CAMYKZ01,3.785219867
3546,g__CAMYLJ01,3.191289797
3547,g__CAMYLR01,2.536255922
3548,g__CAMYLY01,2.350465373
3549,g__CAMYMC01,2.741263662
3550,g__CAMYMG01,3.623654739
3551,g__CAMYMQ01,3.103421831
3552,g__CAMYNG01,2.639004312
3553,g__CAMYNL01,3.148027502
3554,g__CAMYOC01,3.013670309
3555,g__CAMYOD01,2.551008969
3556,g__CAMYOP01,2.712081076
3557,g__CAMYOU01,2.556790253
3558,g__CAMYPB01,2.660652984
3559,g__CAMYVO01,1.64902266
3560,g__CAMYVX01,2.137070251
3561,g__CAMZKK01,2.227243147
3562,g__CAMZKQ01,2.64005243
3563,g__CAMZLD01,2.19031864
3564,g__CAMZLN01,2.669395559
3565,g__CAMZLP01,2.846620469
3566,g__CAMZLY01,1.77296458
3567,g__CAMZMA01,2.420851573
3568,g__CAMZNJ01,1.56966712
3569,g__CAMZNU01,1.818586256
3570,g__CAMZNW01,1.733659243
3571,g__CAMZOE01,2.051338214
3572,g__CANAAV01,2.921910416
3573,g__CANBCO01,1.329272343
3574,g__CANBDL01,2.074240417
3575,g__CANCBY01,3.346912204
3576,g__CANCOY01,3.255156115
3577,g__CANDOC01,5.081682444
3578,g__CANDYO01,2.327260351
3579,g__CANEHT01,2.103331317
3580,g__CANFDS01,2.6085926
3581,g__CANFEH01,2.462081787
3582,g__CANFHS01,2.659944397
3583,g__CANFLJ01,2.592859416
3584,g__CANFLV01,3.823334549
3585,g__CANFOR01,3.033429653
3586,g__CANFOZ01,2.746393761
3587,g__CANFPP01,2.54325849
3588,g__CANGHM01,2.061689095
3589,g__CANGQU01,2.2001905
3590,g__CANGTU01,2.575429173
3591,g__CANGUX01,2.106281688
3592,g__CANGWC01,2.076574637
3593,g__CANGXM01,3.193970943
3594,g__CANGXP01,2.670369316
3595,g__CANGYH01,2.672366876
3596,g__CANGYM01,2.471941348
3597,g__CANHBY01,2.524891215
3598,g__CANHCC01,2.840741287
3599,g__CANHCR01,3.135347492
3600,g__CANHCV01,3.026505424
3601,g__CANHEE01,3.052745784
3602,g__CANHGK01,2.742858174
3603,g__CANHGM01,2.816171359
3604,g__CANHGR01,2.397499733
3605,g__CANHGT01,1.971213733
3606,g__CANHHI01,1.99987736
3607,g__CANHPJ01,2.467992862
3608,g__CANHSF01,3.412908824
3609,g__CANHVK01,2.674278065
3610,g__CANHWS01,2.881840923
3611,g__CANIBL01,2.625019644
3612,g__CANIGJ01,3.25563628
3613,g__CANIGN01,2.224734973
3614,g__CANIYR01,2.367685112
3615,g__CANIZL01,3.793108777
3616,g__CANJBX01,3.251597387
3617,g__CANJCB01,3.697802999
3618,g__CANJDH01,4.164014909
3619,g__CANJEJ01,3.146976011
3620,g__CANJFK01,2.263776426
3621,g__CANJGB01,3.03627818
3622,g__CANJID01,2.956911928
3623,g__CANJIV01,2.496197987
3624,g__CANJJB01,2.123250608
3625,g__CANJKM01,2.832757598
3626,g__CANJLN01,2.538814237
3627,g__CANJMF01,3.143624766
3628,g__CANJNU01,2.864735828
3629,g__CANJOG01,2.517961633
3630,g__CANJOT01,3.339474067
3631,g__CANJQH01,2.14524418
3632,g__CANJQJ01,3.016722734
3633,g__CANJRL01,2.087177921
3634,g__CANJSG01,3.441675381
3635,g__CANJUD01,2.987928962
3636,g__CANJVU01,2.570203174
3637,g__CANJWD01,2.188531836
3638,g__CANJWF01,1.811736002
3639,g__CANJXF01,3.079530923
3640,g__CANJXG01,2.105449402
3641,g__CANJYE01,3.336708621
3642,g__CANKBT01,2.582713052
3643,g__CANKGV01,2.564876877
3644,g__CANKHA01,3.004914406
3645,g__CANKHJ01,3.504615807
3646,g__CANKJK01,2.68604206
3647,g__CANKSK01,2.280061814
3648,g__CANKTH01,3.639078942
3649,g__CANKTP01,2.563568495
3650,g__CANKZG01,3.442356907
3651,g__CANLAL01,2.357865745
3652,g__CANLBD01,2.557557332
3653,g__CANLBN01,3.828489251
3654,g__CANLDA01,4.319898522
3655,g__CANLGQ01,3.01597101
3656,g__CANLNM01,4.243216577
3657,g__CANLOE01,4.478685354
3658,g__CANLOV01,2.461058553
3659,g__CANLPZ01,4.201757067
3660,g__CANLQD01,4.032951172
3661,g__CANLSM01,3.702131251
3662,g__CANLTT01,1.968149387
3663,g__CANLWN01,3.809473259
3664,g__CANLXL01,3.250482808
3665,g__CANMEQ01,3.920712293
3666,g__CANMFO01,3.651723561
3667,g__CANMIH01,5.045153618
3668,g__CANMMF01,3.851992497
3669,g__CANMND01,3.035492338
3670,g__CANMOZ01,4.75458154
3671,g__CANMPP01,4.376690602
3672,g__CANMPU01,2.012957515
3673,g__CANMQH01,3.025511756
3674,g__CANMQJ01,4.206765042
3675,g__CANMSA01,3.883044097
3676,g__CANMSB01,3.743166558
3677,g__CANMSI01,3.328663516
3678,g__CANMSN01,2.667645021
3679,g__CANMSW01,3.147323066
3680,g__CANMTD01,3.876912792
3681,g__CANMUM01,3.420456497
3682,g__CANMXU01,3.799536056
3683,g__CANMYO01,3.916332827
3684,g__CANNBR01,1.977999098
3685,g__CANNCD01,5.070287206
3686,g__CANNCV01,3.158714848
3687,g__CANNCY01,4.189073585
3688,g__CANNFE01,3.383718227
3689,g__CANNFR01,3.739422295
3690,g__CANNIJ01,2.062733321
3691,g__CANNJI01,2.798232446
3692,g__CANNRM01,1.909733433
3693,g__CANPGX01,2.308525879
3694,g__CANPVN01,2.192072636
3695,g__CANPVP01,2.124007481
3696,g__CANPXH01,3.096205363
3697,g__CANPXN01,2.712605498
3698,g__CANPXY01,2.060012337
3699,g__CANPYS01,2.149608719
3700,g__CANPZB01,2.177085125
3701,g__CANQAG01,2.071709912
3702,g__CANQBQ01,2.219048969
3703,g__CANQBR01,2.273412669
3704,g__CANQCX01,2.673992315
3705,g__CANQDT01,2.193885517
3706,g__CANQEN01,1.755209869
3707,g__CANQER01,1.759434981
3708,g__CANQFO01,1.380032207
3709,g__CANQFX01,2.180290219
3710,g__CANQHX01,2.666350132
3711,g__CANQKG01,2.021438331
3712,g__CANQPS01,2.815125558
3713,g__CANQRF01,2.16728893
3714,g__CANQSA01,3.220313009
3715,g__CANQSG01,1.964783968
3716,g__CANQUC01,2.59868433
3717,g__CANQVB01,2.096603717
3718,g__CANQXJ01,2.606979586
3719,g__CANQYE01,1.528938364
3720,g__CANRCE01,1.883179876
3721,g__CANRDL01,1.697808262
3722,g__CANRDQ01,1.792056509
3723,g__CANRES01,1.420212717
3724,g__CANRGD01,2.039015899
3725,g__CANRGO01,2.934806322
3726,g__CANRHG01,2.142976207
3727,g__CANRHR01,2.301303501
3728,g__CANRIM01,2.536137204
3729,g__CANRIN01,2.252167071
3730,g__CANRLN01,3.529910045
3731,g__CANRLS01,1.818123131
3732,g__CANRMC01,3.052103006
3733,g__CANRMR01,1.695536113
3734,g__CANRPC01,2.146321378
3735,g__CANRPV01,2.481548796
3736,g__CANTXF01,2.635682483
3737,g__CAOJBM01,2.336644255
3738,g__CAOJUB01,2.563648706
3739,g__CAOJZR01,1.427103427
3740,g__CAOJZZ01,2.078449949
3741,g__CAQBRY01,2.017337544
3742,g__CARZYU01,2.391261891
3743,g__CASBQJ01,2.86079552
3744,g__CASBRB01,3.788976711
3745,g__CASDQQ01,1.790883274
3746,g__CASDRH01,1.13259134
3747,g__CASDTD01,2.768911635
3748,g__CASDUJ01,1.992240885
3749,g__CASDUO01,2.485183515
3750,g__CASDVX01,2.017208122
3751,g__CASDZK01,1.519846531
3752,g__CASDZP01,2.531340924
3753,g__CASEAR01,1.874283018
3754,g__CASECL01,2.091825082
3755,g__CASEKF01,2.25153385
3756,g__CASEME01,2.243675343
3757,g__CASEPJ01,1.942519387
3758,g__CASERY01,2.819790277
3759,g__CASESI01,2.291403613
3760,g__CASEYK01,2.122320407
3761,g__CASFBJ01,1.833557959
3762,g__CASFCS01,3.007008556
3763,g__CASFHD01,2.739229667
3764,g__CASFII01,3.176072742
3765,g__CASFRF01,1.542332274
3766,g__CASFRQ01,2.138849931
3767,g__CASFSG01,1.635728116
3768,g__CASGDD01,2.692413326
3769,g__CASICS01,1.880625203
3770,g__CASPLG01,1.944455327
3771,g__CASQEL01,2.411343506
3772,g__CASRZP01,2.035751531
3773,g__CATJLA01,2.479218534
3774,g__CATJNN01,2.021495894
3775,g__CATJSX01,2.910019035
3776,g__CATJXY01,2.988621492
3777,g__CATKEA01,1.938185808
3778,g__CATLOR01,3.002541161
3779,g__CATLPD01,3.309013038
3780,g__CATLPS01,2.386351695
3781,g__CATLTV01,4.284718114
3782,g__CATLVU01,3.188279087
3783,g__CATMVR01,3.935007063
3784,g__CATNEU01,2.281297591
3785,g__CATOJU01,1.62360319
3786,g__CATOPA01,2.108521051
3787,g__CATOSD01,2.886047001
3788,g__CATOSK01,3.122259183
3789,g__CATOSP01,3.002212713
3790,g__CATPCN01,3.20044158
3791,g__CATQGW01,2.39601107
3792,g__CATQGZ01,2.689270684
3793,g__CATQHB01,2.721510332
3794,g__CATQHD01,2.628713617
3795,g__CATQHH01,3.561807069
3796,g__CATQHL01,2.628778781
3797,g__CATQHP01,2.759690678
3798,g__CATQHQ01,2.279138775
3799,g__CATQHS01,2.553011622
3800,g__CATQHT01,3.408453288
3801,g__CATQHW01,3.209538823
3802,g__CATWUX01,2.257215462
3803,g__CATZCM01,2.098739257
3804,g__CATZDY01,2.68247176
3805,g__CAU-1509,3.490568046
3806,g__CAUBKG01,2.551928169
3807,g__CAUHLX01,3.408977109
3808,g__CAUJDF01,6.441068608
3809,g__CAUJDS01,2.969341974
3810,g__CAUJDY01,2.846026103
3811,g__CAUJEF01,2.650000534
3812,g__CAUJGC01,3.160890805
3813,g__CAUJGP01,3.180876175
3814,g__CAUJGQ01,3.264304123
3815,g__CAUJHL01,3.310264144
3816,g__CAUJIW01,3.074661844
3817,g__CAZU01,2.496755332
3818,g__CBW1002,3.312771816
3819,g__CC-CFT747,5.738153308
3820,g__CCA-013414725,3.044306161
3821,g__CCMEE29,4.290412034
3822,g__CCMM004,3.276397363
3823,g__CCMP332,2.844525851
3824,g__CCP2,4.242303492
3825,g__CCP5,3.988997361
3826,g__CCY15215,4.122933691
3827,g__CETP13,2.628376564
3828,g__CF-105,2.245291152
3829,g__CF-107,2.396836981
3830,g__CF-113,3.054756865
3831,g__CF-118,2.488820599
3832,g__CF-120,2.260803183
3833,g__CF-121,2.919512128
3834,g__CF-13,2.480326891
3835,g__CF-134,2.515274211
3836,g__CF-154,3.986086116
3837,g__CF-16,2.555469684
3838,g__CF-161,4.112035463
3839,g__CF-162,2.090400784
3840,g__CF-163,2.787573147
3841,g__CF-165,2.381242275
3842,g__CF-167,2.035543791
3843,g__CF-28,2.785896566
3844,g__CF-39,2.552763599
3845,g__CF-46,2.396404447
3846,g__CF-54,2.453298065
3847,g__CF-72,4.394650389
3848,g__CF-75,2.181863006
3849,g__CF-82,2.173214283
3850,g__CF-96,2.255866811
3851,g__CFBP-8762,4.518032627
3852,g__CFH-32150,2.865838462
3853,g__CFX10,3.663535347
3854,g__CFX15,3.874941596
3855,g__CFX2,3.694357703
3856,g__CFX5,4.624591857
3857,g__CFX8,3.095797118
3858,g__CG-Epi1,2.025688713
3859,g__CG03,2.024927816
3860,g__CG07-land,1.740230041
3861,g__CG08-08-20-14,2.380039177
3862,g__CG1-02-31-27,1.663710813
3863,g__CG1-02-33-12,1.645792703
3864,g__CG1-02-35-32,1.695143602
3865,g__CG1-02-35-72,2.478099327
3866,g__CG1-02-37-114,2.225618171
3867,g__CG1-02-37-13,1.621752938
3868,g__CG1-02-37-22,1.645208986
3869,g__CG1-02-39-14,1.714271374
3870,g__CG1-02-40-25,1.488863098
3871,g__CG1-02-40-82,1.475788431
3872,g__CG1-02-41-12,1.420832629
3873,g__CG1-02-41-21,1.571406241
3874,g__CG1-02-41-26,1.663757121
3875,g__CG1-02-43-26,2.356915668
3876,g__CG1-02-43-31,1.838850286
3877,g__CG1-02-47-18,1.901158642
3878,g__CG1-02-47-37,1.42498482
3879,g__CG1-02-47-40,1.909593714
3880,g__CG1-02-49-23,3.098659517
3881,g__CG1-02-57-44,2.094327873
3882,g__CG1-02-64-396,2.934536891
3883,g__CG10-46-32,1.661630132
3884,g__CG10238-14,2.24555271
3885,g__CG2-30-32-10,2.52021724
3886,g__CG2-30-33-13,1.986006437
3887,g__CG2-30-33-31,2.544164786
3888,g__CG2-30-33-46,1.595938562
3889,g__CG2-30-36-11,2.066718447
3890,g__CG2-30-36-16,2.652708467
3891,g__CG2-30-36-38,1.546516465
3892,g__CG2-30-36-39,1.405613831
3893,g__CG2-30-37-29,1.49846424
3894,g__CG2-30-39-44,1.670807994
3895,g__CG2-30-40-12,1.278730259
3896,g__CG2-30-40-21,2.452915243
3897,g__CG2-30-43-20,1.733336288
3898,g__CG2-30-44-17,1.946348521
3899,g__CG2-30-45-37,1.398400068
3900,g__CG2-30-46-19,2.268197276
3901,g__CG2-30-46-9,1.975501301
3902,g__CG2-30-49-12,2.441352476
3903,g__CG2-30-51-40,2.701451996
3904,g__CG2-30-53-67,2.331073573
3905,g__CG2-30-54-10,2.746012484
3906,g__CG2-30-54-11,1.735851148
3907,g__CG2-30-58-95,2.477105137
3908,g__CG2-30-59-28,2.925624006
3909,g__CG2-30-60-27,2.737445531
3910,g__CG2-30-61-12,2.764604862
3911,g__CG2-30-64-16,2.923512515
3912,g__CG2-30-66-41,3.832060253
3913,g__CG2-30-68-42,2.471596079
3914,g__CG2-30-70-394,3.002920891
3915,g__CHB1,2.139868359
3916,g__CHH4-2,5.904801257
3917,g__CHPMRC01,2.666558577
3918,g__CL95,5.104652167
3919,g__CLD3,2.783642344
3920,g__COE1,3.58410768
3921,g__COMBO-56-21,2.351501055
3922,g__COTS27,2.439837224
3923,g__CP070648,2.104725283
3924,g__CP2-2F,2.354041035
3925,g__CPC320,3.510265262
3926,g__CR-1,2.661131189
3927,g__CR-4,3.532705867
3928,g__CR02bin9,2.430459248
3929,g__CR04bin15,2.654949387
3930,g__CS1-C013,1.765498228
3931,g__CS2-K091,2.259416744
3932,g__CS3-C152,1.897886469
3933,g__CS4-C045,2.585853563
3934,g__CSBR16-104,2.562000661
3935,g__CSBR16-107,2.233300799
3936,g__CSBR16-113R1,1.96973924
3937,g__CSBR16-119,2.185391217
3938,g__CSBR16-174,1.766388598
3939,g__CSBR16-193,1.946680268
3940,g__CSBR16-202,2.542413987
3941,g__CSBR16-224,2.596366599
3942,g__CSBR16-49,2.344015896
3943,g__CSBR16-87,2.384089257
3944,g__CSBR16-88,2.819828396
3945,g__CSBr16-110,2.276984482
3946,g__CSBr16-161,2.685388468
3947,g__CSBr16-57R1,1.609783955
3948,g__CSBr16-58,2.850897034
3949,g__CSK15Z-1,3.165698056
3950,g__CSP1-1,2.209850869
3951,g__CSP1-2,2.392756551
3952,g__CSP1-3,2.257621735
3953,g__CSP1-4,2.234691889
3954,g__CSP1-5,2.397043937
3955,g__CSP1-6,2.702855889
3956,g__CSP1-8,2.096063915
3957,g__CSSED10-109M,1.698780686
3958,g__CSSED10-239,1.786721964
3959,g__CSSED10-269,1.978080056
3960,g__CSSED10-310,2.689377087
3961,g__CSSED10-335,1.767667978
3962,g__CSSED10-376,1.861946429
3963,g__CSSED10-83,1.55190168
3964,g__CSSED11-109,2.075662459
3965,g__CSSED11-154,2.649566747
3966,g__CSSED11-181,2.514937509
3967,g__CSSED11-302,2.582629508
3968,g__CSSED11-315,1.973839406
3969,g__CSSed10-48,2.365652871
3970,g__CSSed11-175R1,2.754396081
3971,g__CSSed11-197,2.289514068
3972,g__CSSed11-243R1,1.70726251
3973,g__CTSOIL-112,3.181675499
3974,g__CTSoil-043,2.152574786
3975,g__CTSoil-045,2.841286213
3976,g__CTSoil-072,3.059124597
3977,g__CTSoil-075,3.537418782
3978,g__CTSoil-080,3.441871824
3979,g__CTSoil-081,2.723390033
3980,g__CU05-9,2.946446522
3981,g__CUG-92003,4.226492723
3982,g__CV81,2.902312555
3983,g__CW01,2.508262571
3984,g__CWE,1.8521129
3985,g__Caballeronia,5.33099113
3986,g__Caccalectryoclostridium,2.090518495
3987,g__Caccenecus,1.945435831
3988,g__Caccocola,2.961772544
3989,g__Caccomorpha,3.090354139
3990,g__Caccoplasma,1.845637513
3991,g__Caccoplasma_A,1.882040601
3992,g__Caccopulliclostridium,2.221789275
3993,g__Caccosoma,2.041208417
3994,g__Caccousia,2.586271358
3995,g__Caccovicinus,3.842114904
3996,g__Caccovivens,2.325959483
3997,g__Caecibacter,3.460009053
3998,g__Caedibacter,2.304837469
3999,g__Caedimonas,2.616357519
4000,g__Caenarcanum,1.993280243
4001,g__Caenibacillus,3.013220865
4002,g__Caenibius,3.630735843
4003,g__Caenispirillum,3.837135461
4004,g__Caldalkalibacillus,3.449213733
4005,g__Caldalkalibacillus_A,4.079632059
4006,g__Caldanaerobacter,2.451466209
4007,g__Caldanaerobius,1.923151188
4008,g__Caldanaerovirga,2.40781834
4009,g__Caldarchaeum,2.150310289
4010,g__Caldatribacterium,2.253698305
4011,g__Calderihabitans,2.930907499
4012,g__Caldibacillus,2.886561252
4013,g__Caldibacillus_A,4.303244572
4014,g__Caldibacillus_B,4.094870971
4015,g__Caldicellulosiruptor,2.244570698
4016,g__Caldicoprobacter,2.018795813
4017,g__Caldilinea,3.032415635
4018,g__Caldimicrobium,2.201237779
4019,g__Caldimonas,3.772884233
4020,g__Caldinitratiruptor,2.701817662
4021,g__Caldipriscus,2.176367308
4022,g__Caldisalinibacter,2.650549505
4023,g__Caldisericum,1.896376938
4024,g__Caldisphaera,1.970579504
4025,g__Calditenuis,2.000572528
4026,g__Calditerricola,2.248864961
4027,g__Calditerrivibrio,2.165726801
4028,g__Caldithrix,2.948139277
4029,g__Caldivirga,2.040736347
4030,g__Caldora,4.855069715
4031,g__Caldovatus,2.884915614
4032,g__Calescibacterium,1.967528123
4033,g__Calidifontibacillus,4.035287338
4034,g__Calidifontibacillus_A,4.006009194
4035,g__Calidifonticultor,1.820541201
4036,g__Calidifontimicrobium,2.519855104
4037,g__Calidithermus,3.096931741
4038,g__Caloramator,3.110761599
4039,g__Caloramator_B,2.738286285
4040,g__Caloranaerobacter,2.699234561
4041,g__Calorimonas,2.49351292
4042,g__Calothrix_A,3.950678373
4043,g__Calycomorphotria,3.303537333
4044,g__Camelimonas,4.026865957
4045,g__Caminibacter,2.308382089
4046,g__Caminicella,2.501776807
4047,g__Campylobacter,2.457674862
4048,g__Campylobacter_A,2.741837956
4049,g__Campylobacter_B,2.475471492
4050,g__Campylobacter_D,2.183329857
4051,g__Campylobacter_E,2.588487588
4052,g__Campylobacter_F,2.115802005
4053,g__Candidimonas,3.958649319
4054,g__Canibacter,3.444630717
4055,g__Canicola,3.21430568
4056,g__Capillibacterium,2.089958979
4057,g__Capillimicrobium,2.932886159
4058,g__Capnocytophaga,2.640817254
4059,g__Caproicibacter,2.370763546
4060,g__Caproicibacterium,2.626050762
4061,g__Caproiciproducens,3.103484372
4062,g__Capsulimonas,3.135326796
4063,g__Carbobacillus,2.753047313
4064,g__Carbonactinospora,3.497929137
4065,g__Carboxydocella,2.794199942
4066,g__Carboxydothermus,2.725008098
4067,g__Carboxylicivirga,3.428307033
4068,g__Cardinium,2.027064285
4069,g__Cardiobacterium,3.464232601
4070,g__Caribbeanibacter,2.34544586
4071,g__Carideicomes,3.718292054
4072,g__Carnimonas,3.313959333
4073,g__Carnobacterium,3.714337427
4074,g__Carnobacterium_A,3.427644967
4075,g__Carthagonibacter,2.537676805
4076,g__Caryophanon,5.380133966
4077,g__Casimicrobium,3.598603351
4078,g__Casp-Chloro-G3,2.658230504
4079,g__Casp-Chloro-G4,2.819040854
4080,g__Casp-actino5,2.736072722
4081,g__Casp-actino8,2.861747555
4082,g__Casp-alpha2,2.837795872
4083,g__Castellaniella,3.138306195
4084,g__Catalinimonas,4.236453367
4085,g__Catellatospora,4.857160283
4086,g__Catellicoccus,3.119616037
4087,g__Catelliglobosispora,5.098750696
4088,g__Catenibacillus,4.400699419
4089,g__Catenibacterium,2.91535131
4090,g__Catenisphaera,2.682258341
4091,g__Catenovulum,3.834724881
4092,g__Catenulispora,5.043488129
4093,g__Catenuloplanes,5.035086337
4094,g__Catonella,3.339747495
4095,g__Caulifigura,3.656268735
4096,g__Caulobacter,3.720792974
4097,g__Caviibacter,1.546071888
4098,g__Caviibacterium,3.72607718
4099,g__Cecembia,3.917118068
4100,g__Cedecea,4.999061905
4101,g__Celaenobacter,2.361491556
4102,g__Celeribacter,4.379565237
4103,g__Celerinatantimonas,4.095930599
4104,g__Cellulomonas,2.656424413
4105,g__Cellulomonas_A,2.752311437
4106,g__Cellulophaga,3.132908772
4107,g__Cellulosilyticum,4.236390058
4108,g__Cellulosimicrobium,2.905454283
4109,g__Cellvibrio,3.546708032
4110,g__Cenarchaeum,2.540059874
4111,g__Centipeda,2.338195467
4112,g__Cephaloticoccus,2.33159166
4113,g__Cerasibacillus,3.236074479
4114,g__Cerasicoccus,3.29824762
4115,g__Cereibacter,4.230796048
4116,g__Cereibacter_A,3.678839987
4117,g__Cesiribacter,4.011821926
4118,g__Cetobacterium,3.725450606
4119,g__Cetobacterium_A,3.11955078
4120,g__Cfx2-01,2.935284241
4121,g__Cfx3-03,1.923466228
4122,g__Ch10,2.74950448
4123,g__Ch104c,0.956325037
4124,g__Ch109,3.248851799
4125,g__Ch115,2.893118032
4126,g__Ch128a,2.071238463
4127,g__Ch128b,2.053538763
4128,g__Ch130,2.376779454
4129,g__Ch132,2.823033996
4130,g__Ch27,2.530238154
4131,g__Ch29,3.012253306
4132,g__Ch48,2.602504848
4133,g__Ch61,2.186539164
4134,g__Ch66,2.580968051
4135,g__Ch67,4.590403828
4136,g__Ch71,2.566855219
4137,g__Chachezhania,4.008751405
4138,g__Chaera,1.404517074
4139,g__Chamaesiphon,3.908054306
4140,g__Changchengzhania,3.395501607
4141,g__Changpingibacter,2.928465931
4142,g__Chania,4.811220248
4143,g__Chazhemtobacterium,0.834286067
4144,g__Chelativorans,3.719772154
4145,g__Chelativorans_A,3.826680738
4146,g__Chelativorans_B,3.15437635
4147,g__Chelativorans_C,3.171543674
4148,g__Chelatococcus,4.844185985
4149,g__Chelatococcus_A,3.344115414
4150,g__Chelonobacter,3.906527921
4151,g__Chengkuizengella,3.824911244
4152,g__Chersky-265,3.385272089
4153,g__Chersky-267,2.127039992
4154,g__Chersky-299,2.730604567
4155,g__Chersky-534,2.287833914
4156,g__Chersky-683,3.057934719
4157,g__Chersky-806,2.429852347
4158,g__Chersky-822,3.171386195
4159,g__Chersky-840,2.560717595
4160,g__Chiayiivirga,2.753032454
4161,g__Chimaeribacter,5.951726132
4162,g__Chishuiella,3.460563398
4163,g__Chitinasiproducens,3.960769185
4164,g__Chitinibacter,4.811783944
4165,g__Chitinilyticum,4.806537102
4166,g__Chitinimonas,4.288291608
4167,g__Chitiniphilus,3.684502237
4168,g__Chitinispirillum,2.934079753
4169,g__Chitinivibrio,2.595119616
4170,g__Chitinivorax,4.70339591
4171,g__Chitinolyticbacter,3.729049895
4172,g__Chitinophaga,4.787698669
4173,g__Chlamydia,1.988930219
4174,g__Chlamydiifrater,2.40866259
4175,g__Chlamydophila,2.006462475
4176,g__Chloracidobacterium,2.771364981
4177,g__Chlorobaculum,2.465854828
4178,g__Chlorobium,2.627602569
4179,g__Chlorobium_A,2.497632724
4180,g__Chloroflexus,2.963926338
4181,g__Chlorogloea,2.961051742
4182,g__Chlorogloeopsis,3.981986946
4183,g__Chloroherpeton,3.3089576
4184,g__Chloroploca,3.567208373
4185,g__ChocPot-Mid,2.583823757
4186,g__Choladousia,3.237882531
4187,g__Chondrinema,4.383478139
4188,g__Chondromyces,5.461826104
4189,g__Chordicoccus,2.872023767
4190,g__Christensenella,2.922364543
4191,g__Chromatium,3.150672304
4192,g__Chromatocurvus,3.261462272
4193,g__Chromobacterium,5.336231338
4194,g__Chromohalobacter,3.180857298
4195,g__Chromulinivorax,2.034545281
4196,g__Chroococcidiopsis,3.809522078
4197,g__Chroococcus,4.055194664
4198,g__Chroogloeocystis,3.389638106
4199,g__Chryseobacterium,4.685405409
4200,g__Chryseobacterium_A,3.136550181
4201,g__Chryseolinea,4.134275462
4202,g__Chryseomicrobium,4.065793881
4203,g__Chryseosolibacter,4.264836183
4204,g__Chryseotalea,3.513420732
4205,g__Chrysiogenes,2.739749992
4206,g__Chth-196,3.029121592
4207,g__Chthoniobacter,3.260377445
4208,g__Chthonobacter,3.214389149
4209,g__Chthonomonas,2.098360879
4210,g__Citreicoccus,4.828375642
4211,g__Citreimonas,3.278413518
4212,g__Citricoccus,3.224465813
4213,g__Citrobacter,4.963165248
4214,g__Citrobacter_A,5.290126307
4215,g__Citrobacter_B,6.042143856
4216,g__Citrobacter_C,5.207729082
4217,g__Clavibacter,2.648416824
4218,g__Clavichlamydia,2.202080911
4219,g__Cloacibacillus,3.222310611
4220,g__Cloacibacterium,3.148674114
4221,g__Cloacimonas,2.519056247
4222,g__Clostridiisalibacter,2.782971027
4223,g__Clostridioides,3.637097436
4224,g__Clostridioides_A,2.963642163
4225,g__Clostridium,3.395232273
4226,g__Clostridium_A,2.97238112
4227,g__Clostridium_AA,3.430877054
4228,g__Clostridium_AB,3.648252504
4229,g__Clostridium_AC,2.706189875
4230,g__Clostridium_AD,3.451670674
4231,g__Clostridium_AE,3.108427453
4232,g__Clostridium_AF,2.928304834
4233,g__Clostridium_AG,4.202780169
4234,g__Clostridium_AH,3.472526033
4235,g__Clostridium_AI,3.569586055
4236,g__Clostridium_AK,3.477009767
4237,g__Clostridium_AM,3.969797093
4238,g__Clostridium_AN,3.395125281
4239,g__Clostridium_AO,3.409751665
4240,g__Clostridium_AP,4.62904622
4241,g__Clostridium_AQ,4.52133794
4242,g__Clostridium_AR,3.847442543
4243,g__Clostridium_AS,3.188942456
4244,g__Clostridium_AT,3.084794525
4245,g__Clostridium_AU,2.943397046
4246,g__Clostridium_AV,2.413782034
4247,g__Clostridium_AW,3.595316623
4248,g__Clostridium_B,3.011954135
4249,g__Clostridium_D,3.348719499
4250,g__Clostridium_E,3.289248299
4251,g__Clostridium_F,3.255288186
4252,g__Clostridium_G,2.571384881
4253,g__Clostridium_H,2.987793369
4254,g__Clostridium_I,3.042245522
4255,g__Clostridium_J,3.711050502
4256,g__Clostridium_K,3.522208433
4257,g__Clostridium_L,3.120815603
4258,g__Clostridium_N,3.765745437
4259,g__Clostridium_R,4.135349974
4260,g__Clostridium_S,3.050303097
4261,g__Clostridium_T,3.529217029
4262,g__Clostridium_W,3.740612322
4263,g__Clostridium_X,3.3956717
4264,g__Clostridium_Y,2.795462948
4265,g__Clostridium_Z,3.816528248
4266,g__CmP2,3.337947682
4267,g__Cnuella,3.994608137
4268,g__Cnuibacter,3.502539741
4269,g__Cobetia,4.035949405
4270,g__Cochleicola,3.122862859
4271,g__Cochlodiniinecator,4.632930406
4272,g__Cocleimonas,3.13632111
4273,g__Cognataquiflexum,3.869046011
4274,g__Cognatazoarcus,3.636882919
4275,g__Cognaticolwellia,4.212480837
4276,g__Cognatishimia,4.278506368
4277,g__Cognatiyoonia,3.602194845
4278,g__Cognatiyoonia_A,4.027480894
4279,g__Cohaesibacter,4.510151752
4280,g__Cohnella,4.489790394
4281,g__Coleofasciculus,4.517165935
4282,g__Collibacillus,4.05340946
4283,g__Collimonas,4.91905013
4284,g__Collinsella,2.70125744
4285,g__Colwellia,4.155376565
4286,g__Colwellia_A,4.436466271
4287,g__Comamonas,4.919421961
4288,g__Comamonas_C,3.032930021
4289,g__Comamonas_E,4.430897774
4290,g__Comamonas_F,4.348532648
4291,g__Comchoanobacter,2.081554072
4292,g__Commensalibacter,2.632281782
4293,g__Companilactobacillus,3.052563401
4294,g__Competibacter,2.725954759
4295,g__Competibacter_A,2.644620836
4296,g__Compostimonas,3.463288444
4297,g__Conchiformibius,2.552039243
4298,g__Conexibacter,3.544770252
4299,g__Conexivisphaera,1.874990849
4300,g__Confluentibacter,2.836974098
4301,g__Congregibacter,3.613608676
4302,g__Congzhengia,2.529018138
4303,g__Conservatibacter,3.425738425
4304,g__Consotaella,3.668980418
4305,g__Constantimarinum,3.2368124
4306,g__Contendobacter,3.24879736
4307,g__Contendobacter_A,1.823146298
4308,g__Contubernalis,2.310316348
4309,g__Convivina,3.81908089
4310,g__Conyzicola,3.241181246
4311,g__Copranaerobaculum,3.460142406
4312,g__Coprenecus,2.303210741
4313,g__Coprobacillus,3.539407227
4314,g__Coprobacter,2.087494615
4315,g__Coprococcus,3.748738805
4316,g__Coprococcus_A,4.125088153
4317,g__Coprocola,2.902653803
4318,g__Copromonas,3.484784489
4319,g__Coproplasma,2.276068691
4320,g__Coprosoma,1.872773794
4321,g__Coprothermobacter,1.994398324
4322,g__Coprousia,2.652619346
4323,g__Coprovicinus,3.481760697
4324,g__Coprovivens,1.985941054
4325,g__Coraliomargarita,3.647801904
4326,g__Coraliomargarita_A,2.999496455
4327,g__Coraliomargarita_B,2.933839523
4328,g__Corallincola,4.075768986
4329,g__Corallococcus,5.016369524
4330,g__Coralloluteibacterium,2.837939789
4331,g__Coriobacterium,2.155672318
4332,g__Corticibacterium,3.547394594
4333,g__Corticimicrobacter,3.647365143
4334,g__Corynebacterium,3.339336821
4335,g__Costertonia,3.236109329
4336,g__Coxiella,2.110098129
4337,g__Crassaminicella,3.397624625
4338,g__Crassaminicella_A,2.883984621
4339,g__Crateriforma,3.681935602
4340,g__Craterilacuibacter,4.413156577
4341,g__Crenalkalicoccus,3.204126017
4342,g__Crenobacter,4.280410546
4343,g__Crenothrix,3.386899453
4344,g__Criblamydia,3.179911637
4345,g__Cribrihabitans,3.496882798
4346,g__Cricetibacter,3.565570037
4347,g__Criibacterium,2.683569892
4348,g__Crinalium,3.868119473
4349,g__Croceibacter,2.76486263
4350,g__Croceibacterium,2.810967581
4351,g__Croceicoccus,3.470817643
4352,g__Croceimicrobium,3.371312304
4353,g__Croceitalea,3.190735701
4354,g__Croceivirga,3.014620515
4355,g__Croceivirga_A,3.007985475
4356,g__Crocinitomix,3.786700857
4357,g__Crocosphaera,3.908183928
4358,g__Cronobacter,5.494577684
4359,g__Crossiella,5.465018314
4360,g__Cruoricaptor,2.481304228
4361,g__Cryobacterium,3.645866357
4362,g__Cryomorpha,3.399698415
4363,g__Cryosericum,2.225066396
4364,g__Cryoxeromicrobium,2.409087311
4365,g__Cryptobacterium,2.859958322
4366,g__Cryptobacteroides,2.19059457
4367,g__Cryptoclostridium,2.746445655
4368,g__Cryptosporangium,5.352862714
4369,g__Cucumibacter,3.416295836
4370,g__Culexarchaeum,2.075431462
4371,g__Culexmicrobium,2.229824331
4372,g__Culexmicrobium_A,3.016021709
4373,g__Culexmicrobium_B,2.342508918
4374,g__Culicoidibacter,3.052243109
4375,g__Cumulibacter,3.35518793
4376,g__Cuneatibacter,3.953310507
4377,g__Cuniculiplasma,2.308030389
4378,g__Cupidesulfovibrio,3.116458342
4379,g__Cupriavidus,5.332330083
4380,g__Curtanaerobium,2.520341083
4381,g__Curtobacterium,3.060696719
4382,g__Curvibacter,4.558765907
4383,g__Curvivirga,4.46613038
4384,g__Cuspidothrix,3.482485581
4385,g__Cutibacterium,2.775538735
4386,g__Cx-87,3.365612498
4387,g__Cyanaurora,2.79106484
4388,g__Cyanobacterium,2.915035796
4389,g__Cyanobium,2.951063884
4390,g__Cyanobium_A,2.819878752
4391,g__Cyanocohniella,4.38639392
4392,g__Cyanomargarita,4.521034792
4393,g__Cyanosarcina,4.348026452
4394,g__Cybelea,2.362646166
4395,g__Cyclobacterium,3.64629742
4396,g__Cycloclasticus,2.754898658
4397,g__Cyclonatronum,3.150437211
4398,g__Cylindrospermum,4.254876344
4399,g__Cypionkella,3.782854764
4400,g__Cyrtobacter,2.5984984
4401,g__Cysteiniphilum,3.064474875
4402,g__Cystobacter,5.86089165
4403,g__Cytobacillus,6.048753296
4404,g__Cytomitobacter,1.935384923
4405,g__Cytophaga,3.465138479
4406,g__D16-63,2.52113151
4407,g__D1FN1-002,2.248188864
4408,g__D2-FULL-39-29,2.218841935
4409,g__D2472,1.97843019
4410,g__D37C17,2.213240474
4411,g__DAHUXH01,2.17655411
4412,g__DAHUXN01,2.711898024
4413,g__DAHUXT01,3.043239212
4414,g__DAHUXY01,2.515389792
4415,g__DAHUYA01,2.18766998
4416,g__DAHUYE01,2.800684372
4417,g__DAHUYF01,3.337587468
4418,g__DAHUYJ01,1.866134846
4419,g__DAHUYM01,2.547233942
4420,g__DAHUYW01,2.681750101
4421,g__DAHUZG01,2.13410188
4422,g__DAHUZJ01,2.107433951
4423,g__DAHUZL01,2.149643415
4424,g__DAHUZQ01,2.529458709
4425,g__DAHVFK01,3.26209467
4426,g__DAHVFY01,2.163422609
4427,g__DAHVOH01,2.761228004
4428,g__DAHVXO01,3.372454853
4429,g__DAHWAT01,1.487396632
4430,g__DAHWFB01,1.945126886
4431,g__DAHWFZ01,1.759672492
4432,g__DAHWHV01,2.196590802
4433,g__DAHWUD01,1.17127197
4434,g__DAHWUP01,1.404451523
4435,g__DAHXKG01,1.853879174
4436,g__DAHXKW01,2.114565431
4437,g__DAHXLG01,2.084164196
4438,g__DAHXLK01,1.900926556
4439,g__DAHXMP01,2.527665002
4440,g__DAHXMR01,2.295218569
4441,g__DAHXMV01,1.323945436
4442,g__DAHXND01,2.167068856
4443,g__DAHXNQ01,2.087973015
4444,g__DAHXNW01,2.726307576
4445,g__DAHXOS01,1.549830893
4446,g__DAHXOW01,1.413189947
4447,g__DAHXPE01,2.878089322
4448,g__DAICZL01,2.646454489
4449,g__DAIDAN01,1.848698793
4450,g__DAIDAX01,1.729258372
4451,g__DAIDBC01,1.708226599
4452,g__DAIDBD01,3.525928919
4453,g__DAIDGS01,2.18606253
4454,g__DAIDHG01,2.192888402
4455,g__DAIDHI01,2.421564111
4456,g__DAIDHK01,1.816773173
4457,g__DAIDHM01,3.146909977
4458,g__DAIDHN01,1.995586272
4459,g__DAIDHV01,2.266288317
4460,g__DAIDHW01,2.360277538
4461,g__DAIDHZ01,2.044932697
4462,g__DAIDIB01,2.76191873
4463,g__DAIDIE01,2.650825516
4464,g__DAIDIO01,1.643174483
4465,g__DAIDIS01,2.426464931
4466,g__DAIDIY01,1.047863785
4467,g__DAIDJD01,1.86593695
4468,g__DAIDJG01,5.021476914
4469,g__DAIDJM01,2.498436685
4470,g__DAIDJW01,2.042505046
4471,g__DAIDKA01,2.315491474
4472,g__DAIDKD01,4.018098485
4473,g__DAIDKT01,2.530999081
4474,g__DAIDKY01,1.635107429
4475,g__DAIDTM01,2.825071661
4476,g__DAIEGU01,2.335514888
4477,g__DAIEKJ01,1.737122166
4478,g__DAIEOU01,1.699007212
4479,g__DAIESS01,2.153122346
4480,g__DAIETC01,2.023054698
4481,g__DAOUPL01,1.776376479
4482,g__DAOUPS01,1.445291942
4483,g__DAOUPZ01,2.969309916
4484,g__DAOUQG01,2.624233154
4485,g__DAOUQR01,2.479006541
4486,g__DAOURC01,2.598733838
4487,g__DAOURK01,3.19651009
4488,g__DAOUSM01,1.891682919
4489,g__DAOUSQ01,2.034326664
4490,g__DAOUSU01,2.069584899
4491,g__DAOUTL01,2.09684698
4492,g__DAOUTW01,3.253686965
4493,g__DAOUTY01,2.795693854
4494,g__DAOUUR01,2.611226245
4495,g__DAOUUU01,2.123135429
4496,g__DAOUVR01,2.550903239
4497,g__DAOUWH01,2.056291972
4498,g__DAOUWZ01,1.477785805
4499,g__DAOUYN01,2.074021407
4500,g__DAOUYT01,1.700156772
4501,g__DAOUZD01,2.099620399
4502,g__DAOUZG01,2.08784198
4503,g__DAOUZN01,2.44633171
4504,g__DAOVAE01,2.116018897
4505,g__DAOVBC01,2.343542507
4506,g__DAOVBJ01,2.12624416
4507,g__DAOVBK01,1.906884571
4508,g__DAOVCL01,2.280141447
4509,g__DAOVCM01,2.223019515
4510,g__DAOVDI01,2.073170434
4511,g__DAOVDL01,2.041346216
4512,g__DAOVDN01,2.169844968
4513,g__DAOVDO01,2.295831497
4514,g__DAOVDS01,2.950210777
4515,g__DAOVDU01,2.235517299
4516,g__DAOVEB01,1.718476489
4517,g__DAOVEW01,1.607551815
4518,g__DAOVFB01,2.239754573
4519,g__DAOVFC01,1.725559923
4520,g__DAOVFI01,2.427373059
4521,g__DAOVFN01,1.611611508
4522,g__DAOVFR01,2.155209621
4523,g__DAOVGM01,2.049112103
4524,g__DAOVGN01,2.162294396
4525,g__DAOVGP01,1.660084183
4526,g__DAOVGU01,1.910964122
4527,g__DAOVGZ01,1.544319831
4528,g__DAOVIH01,1.757082336
4529,g__DAOVIL01,1.669331381
4530,g__DAOVIY01,1.645495514
4531,g__DAOVJB01,1.542589659
4532,g__DAOVJP01,2.308047009
4533,g__DAOVJZ01,2.457166532
4534,g__DAOVKF01,1.502752531
4535,g__DAOVKH01,2.086513239
4536,g__DAOVKU01,1.431470173
4537,g__DAOVKX01,1.760563778
4538,g__DAOVLC01,2.348951407
4539,g__DAOVMD01,2.433870216
4540,g__DAOVMN01,2.408206104
4541,g__DAOVNU01,1.633045736
4542,g__DAOVOC01,2.209665698
4543,g__DAOVOJ01,1.610698028
4544,g__DAOVPY01,1.540433699
4545,g__DAOVQB01,3.181413361
4546,g__DAOVQR01,1.475512057
4547,g__DAOVQV01,1.722568348
4548,g__DAOVRB01,2.492309354
4549,g__DAOVRD01,2.137717708
4550,g__DAOVRJ01,2.675171904
4551,g__DAOVRL01,2.371324347
4552,g__DAOVSA01,1.782748062
4553,g__DAOVSZ01,2.52596994
4554,g__DAOVTB01,3.251191498
4555,g__DAOVTE01,2.296071849
4556,g__DAOVTM01,3.224101628
4557,g__DAOVUZ01,2.089787026
4558,g__DAOVVF01,1.180373669
4559,g__DAOVVL01,2.946772032
4560,g__DAOVVO01,2.091658763
4561,g__DAOVVQ01,2.250133056
4562,g__DAOVWP01,1.780602572
4563,g__DAOVXI01,2.01016907
4564,g__DAOVXM01,2.584220116
4565,g__DAOVXQ01,1.477318561
4566,g__DAOVXR01,2.029036684
4567,g__DAOVYC01,1.442085596
4568,g__DAOVYS01,2.416246195
4569,g__DAOVZK01,2.505408227
4570,g__DAOVZS01,2.279598452
4571,g__DAOWAM01,1.35088833
4572,g__DAOWAQ01,2.321817908
4573,g__DAOWAS01,3.153643003
4574,g__DAOWBV01,2.333730659
4575,g__DAOWDM01,2.72587334
4576,g__DAOWDS01,1.344041446
4577,g__DAOWED01,2.726519394
4578,g__DAOWEO01,3.042515417
4579,g__DAOWEP01,2.515037097
4580,g__DAOWES01,2.507509996
4581,g__DAOWET01,2.544600391
4582,g__DAOWEV01,2.28364031
4583,g__DAOWFF01,1.656414634
4584,g__DAOWGG01,1.839316137
4585,g__DAOWGJ01,2.740301703
4586,g__DAOWHD01,1.922449602
4587,g__DAOWHK01,2.240729252
4588,g__DAOWHR01,2.48615866
4589,g__DAOWHW01,1.705196955
4590,g__DAOWHZ01,1.208732852
4591,g__DAOWIC01,2.583180222
4592,g__DAOWID01,2.575126879
4593,g__DAOWII01,2.425974921
4594,g__DAOWIJ01,2.354393386
4595,g__DAOWIN01,1.714613884
4596,g__DAOWIS01,1.429457485
4597,g__DAOWIZ01,2.137232072
4598,g__DAOWJC01,1.859795802
4599,g__DAOWJH01,2.001629166
4600,g__DAOWJM01,2.136194869
4601,g__DAOWKM01,2.184733294
4602,g__DAOWLE01,1.42331485
4603,g__DAOWLG01,1.633627943
4604,g__DAOWLH01,2.04874054
4605,g__DAOWMC01,2.132601174
4606,g__DAOWMW01,2.576717154
4607,g__DAOWMZ01,2.281447884
4608,g__DAOWNJ01,2.097781572
4609,g__DAOWNK01,2.271771477
4610,g__DAOWNP01,2.313639772
4611,g__DAOWNU01,2.266166317
4612,g__DAOWNY01,2.321287514
4613,g__DAOWOC01,2.05133545
4614,g__DAOWOF01,2.472871849
4615,g__DAOWOJ01,1.476667692
4616,g__DAOWOO01,2.281967213
4617,g__DAT-1,4.127180515
4618,g__DB1,4.063181322
4619,g__DC-out156,3.263859057
4620,g__DC-out160,3.818822787
4621,g__DC0425bin3,2.626478604
4622,g__DDH964,3.113110713
4623,g__DDPF01,2.458517413
4624,g__DE0126,4.160531656
4625,g__DFVG01,3.240113558
4626,g__DFXE01,2.715722775
4627,g__DG-23,1.736932565
4628,g__DG-27,2.064824783
4629,g__DG-33,1.843494256
4630,g__DG-60,1.922785699
4631,g__DG-74-1,1.720604254
4632,g__DG-74-3,1.665803926
4633,g__DG-78,2.151311875
4634,g__DGNJ01,2.917724176
4635,g__DJVA01,2.960381598
4636,g__DKMV01,3.271549392
4637,g__DKR-5,3.807161437
4638,g__DLKC01,3.71549817
4639,g__DMER01,3.173866748
4640,g__DMER64,1.959516286
4641,g__DMST01,5.917398456
4642,g__DOUV01,5.31489707
4643,g__DOZZ01,2.854221923
4644,g__DP-1,4.031086601
4645,g__DP-19,2.978892709
4646,g__DP-20,3.922850824
4647,g__DP-23,2.609819165
4648,g__DP-3,3.1288016
4649,g__DP-36,3.474724752
4650,g__DP-6,2.617242437
4651,g__DP16D-bin41,1.831599684
4652,g__DQIP01,2.581381503
4653,g__DQVG01,1.959017855
4654,g__DQWO01,2.386424321
4655,g__DRAE01,2.098646278
4656,g__DRBW01,2.070233515
4657,g__DRBY01,2.253099479
4658,g__DREG01,2.993568346
4659,g__DRER01,2.053962373
4660,g__DRGK01,1.714612229
4661,g__DRGT01,2.336831929
4662,g__DRGV01,1.565585169
4663,g__DRHE01,2.907890943
4664,g__DRHN01,2.941457856
4665,g__DRIF01,2.158832776
4666,g__DRIG01,2.31815872
4667,g__DRJF01,2.436332776
4668,g__DRJH01,2.825552915
4669,g__DRJJ01,2.757298199
4670,g__DRJW01,2.481305472
4671,g__DRKF01,2.87677661
4672,g__DRKI01,2.734971671
4673,g__DRKO01,2.555182629
4674,g__DRKS01,2.540937326
4675,g__DRKV01,2.379892572
4676,g__DRLC01,2.687061676
4677,g__DRLM01,2.482384032
4678,g__DRLW01,3.0021578
4679,g__DRLX01,3.144096296
4680,g__DRLZ01,2.847979121
4681,g__DRME01,1.998011525
4682,g__DRMK01,2.250194528
4683,g__DRMV01,2.037023211
4684,g__DRNA01,3.479137804
4685,g__DROE01,2.795192971
4686,g__DRPG01,4.966373518
4687,g__DRPN01,1.976749376
4688,g__DRQE01,2.020639145
4689,g__DRQF01,3.042757054
4690,g__DRQG01,2.796917016
4691,g__DRQN01,3.137198382
4692,g__DRQR01,2.140284318
4693,g__DRQV01,2.556725287
4694,g__DRTC01,2.419106552
4695,g__DRTT01,2.023572281
4696,g__DRUK01,2.791363714
4697,g__DRVD01,1.700786679
4698,g__DRVG01,1.984657106
4699,g__DRVP01,2.163120998
4700,g__DRVV01,2.203909189
4701,g__DRWP01,2.039362112
4702,g__DRWZ01,1.912197395
4703,g__DRYD01,1.749231428
4704,g__DRYI01,2.294440953
4705,g__DRYM01,2.09771209
4706,g__DRYS01,1.81956861
4707,g__DRZP01,2.230816933
4708,g__DSAB01,2.387879796
4709,g__DSAD01,2.875549036
4710,g__DSAL01,1.969059102
4711,g__DSAP01,2.062346299
4712,g__DSAR01,3.612581023
4713,g__DSAU01,2.721083562
4714,g__DSAX01,2.084099172
4715,g__DSBA01,1.644992021
4716,g__DSBD01,1.553450111
4717,g__DSBG01,2.606222622
4718,g__DSBK01,2.021135461
4719,g__DSBN01,2.752157528
4720,g__DSBP01,1.533561094
4721,g__DSBS01,1.703841199
4722,g__DSBX01,1.840609215
4723,g__DSCA01,2.071957731
4724,g__DSCS01,2.289703979
4725,g__DSCZ01,3.290467654
4726,g__DSDE01,2.201944493
4727,g__DSDF01,2.495976724
4728,g__DSDH01,2.019545957
4729,g__DSDT01,3.361093867
4730,g__DSDU01,2.863035945
4731,g__DSFO01,2.104290436
4732,g__DSFT01,1.933916619
4733,g__DSGC01,2.375949357
4734,g__DSLH01,2.317621654
4735,g__DSLN01,2.635390496
4736,g__DSM-111022,3.208069923
4737,g__DSM-25186,4.587814839
4738,g__DSM-44207,2.188989499
4739,g__DSM-9736,2.981663734
4740,g__DSNU01,3.996619762
4741,g__DSNW01,1.969275756
4742,g__DSNY01,3.329142617
4743,g__DSOI01,4.316225863
4744,g__DSOS01,2.82576655
4745,g__DSOT01,3.403984058
4746,g__DSPA01,2.456615326
4747,g__DSPM01,2.913554859
4748,g__DSPP01,2.470848735
4749,g__DSQK01,1.75197521
4750,g__DSQQ01,5.282797065
4751,g__DSRU01,3.776360616
4752,g__DSSB01,2.580545012
4753,g__DSSM01,2.255874245
4754,g__DSUN01,3.732420727
4755,g__DSVQ01,3.654708722
4756,g__DSVR01,3.259200242
4757,g__DSVZ01,3.447029945
4758,g__DSWB01,2.742903451
4759,g__DSWT01,2.958991632
4760,g__DSXF01,2.550077665
4761,g__DSXH01,2.375551974
4762,g__DSYF01,2.646418083
4763,g__DSYL01,1.498040254
4764,g__DSYU01,3.714503091
4765,g__DSZD01,1.9878693
4766,g__DSZV01,2.191453769
4767,g__DT-108,4.578744902
4768,g__DT-110,3.520675393
4769,g__DT-111,5.537658458
4770,g__DT-14,2.962085572
4771,g__DT-32,3.566274291
4772,g__DT-33,3.054588445
4773,g__DT-34,2.914802934
4774,g__DT-35,3.186904301
4775,g__DT-38,3.003956063
4776,g__DT-50,2.409929866
4777,g__DT-59,2.57507798
4778,g__DT-68,2.176324968
4779,g__DT-91,3.338995882
4780,g__DT12,5.449824226
4781,g__DTBI01,2.324953859
4782,g__DTBU01,1.884353157
4783,g__DTCV01,2.30464262
4784,g__DTDR01,2.064859532
4785,g__DTDX01,1.90528863
4786,g__DTER01,1.893162059
4787,g__DTEX01,1.863342952
4788,g__DTFZ01,2.515352455
4789,g__DTGE01,2.254257713
4790,g__DTGL01,1.927349019
4791,g__DTGQ01,2.83759768
4792,g__DTHB01,2.446482806
4793,g__DTHP01,1.739857269
4794,g__DTHT01,2.158887338
4795,g__DTIX01,2.746508077
4796,g__DTJG01,1.436001597
4797,g__DTKD01,2.1910635
4798,g__DTKV01,1.938804958
4799,g__DTKY01,2.153476377
4800,g__DTKZ01,2.805162796
4801,g__DTLA01,2.370901771
4802,g__DTLC01,1.884368709
4803,g__DTLM01,2.723132026
4804,g__DTMT01,2.417132053
4805,g__DTNP01,3.313130096
4806,g__DTNV01,1.621961063
4807,g__DTOV01,2.234380702
4808,g__DTPJ01,2.368224434
4809,g__DTPS01,2.460478643
4810,g__DTPU01,1.825569055
4811,g__DTQF01,1.877708639
4812,g__DTQO01,1.976021647
4813,g__DTRM01,2.589355444
4814,g__DTRS01,2.288435824
4815,g__DTSJ01,2.541758989
4816,g__DTSX01,2.182636008
4817,g__DTSZ01,2.420492914
4818,g__DTU008,2.524549314
4819,g__DTU010,2.538178939
4820,g__DTU012,2.003821168
4821,g__DTU013,2.604373738
4822,g__DTU014,1.796776981
4823,g__DTU015,2.191400772
4824,g__DTU018,2.637938977
4825,g__DTU019,2.671478407
4826,g__DTU022,2.076162896
4827,g__DTU024,2.441374584
4828,g__DTU025,2.203612896
4829,g__DTU027,2.20852958
4830,g__DTU029,2.144222639
4831,g__DTU030,2.160242425
4832,g__DTU032,2.16479949
4833,g__DTU036,2.716650384
4834,g__DTU049,1.817480587
4835,g__DTU052,2.553438017
4836,g__DTU053,1.971166644
4837,g__DTU056,1.948525343
4838,g__DTU059,2.894634596
4839,g__DTU063,2.450928296
4840,g__DTU064,2.20956602
4841,g__DTU065,2.579499219
4842,g__DTU067,2.06678403
4843,g__DTU068,2.242676826
4844,g__DTU069,2.178343118
4845,g__DTU072,2.038946956
4846,g__DTU073,2.041895735
4847,g__DTU074,1.855202863
4848,g__DTU078,2.022691602
4849,g__DTU080,2.156362008
4850,g__DTU083,2.337506784
4851,g__DTU084,2.100986405
4852,g__DTU086,2.52839237
4853,g__DTU087,2.12152562
4854,g__DTU089,2.209178803
4855,g__DTU098,2.582740744
4856,g__DTUCFX13,2.580019072
4857,g__DTVJ01,2.012968385
4858,g__DTWD01,2.555029236
4859,g__DTXE01,2.418225649
4860,g__DTYH01,2.915196256
4861,g__DTYK01,2.129103559
4862,g__DTYO01,2.570494708
4863,g__DTYU01,2.119718973
4864,g__DTYX01,3.66987013
4865,g__DTZC01,2.130767322
4866,g__DTZQ01,2.920131343
4867,g__DUAG01,2.735382904
4868,g__DUAL01,1.859684679
4869,g__DUBZ01,3.726645939
4870,g__DUCD01,4.439417273
4871,g__DUCF01,2.843275036
4872,g__DUCM01,2.838938185
4873,g__DUEC01,2.053209876
4874,g__DUEF01,2.637683165
4875,g__DUEH01,2.967178658
4876,g__DUEL01,2.128252646
4877,g__DUEN01,2.622270859
4878,g__DUEP01,2.380877015
4879,g__DUES01,2.512548145
4880,g__DUEZ01,2.52631669
4881,g__DULF01,2.374387109
4882,g__DULI01,2.140892351
4883,g__DULK01,2.346766455
4884,g__DULL01,2.428575351
4885,g__DULO01,2.487175732
4886,g__DULU01,2.309789989
4887,g__DULV01,2.473552979
4888,g__DULZ01,2.880791697
4889,g__DUMB01,2.311761833
4890,g__DUMC01,2.494719534
4891,g__DUMD01,2.280320743
4892,g__DUMF01,2.550095349
4893,g__DUMJ01,1.607485563
4894,g__DUML01,2.623689131
4895,g__DUMO01,2.617387019
4896,g__DUMP01,2.480626419
4897,g__DUMS01,2.738134587
4898,g__DUMU01,1.924567574
4899,g__DUMW01,2.038135101
4900,g__DUNF01,1.905664599
4901,g__DUNI01,2.422855982
4902,g__DUNJ01,2.479060236
4903,g__DUNV01,2.584550612
4904,g__DUNY01,2.497571081
4905,g__DUOA01,2.074157656
4906,g__DUOC01,2.164916158
4907,g__DUOD01,2.357676953
4908,g__DUOF01,2.425944871
4909,g__DUOG01,2.442693312
4910,g__DUOH01,2.241830726
4911,g__DUOJ01,2.366520772
4912,g__DUOL01,2.150869464
4913,g__DUOT01,2.1871489
4914,g__DUOU01,2.128452769
4915,g__DUOV01,2.617395444
4916,g__DUOX01,2.677946207
4917,g__DUOZ01,1.852081771
4918,g__DUPA01,2.338137209
4919,g__DUPG01,2.588050908
4920,g__DUPH01,1.699382516
4921,g__DUPI01,1.933423692
4922,g__DUPJ01,2.332515718
4923,g__DUPK01,2.614113279
4924,g__DUPL01,2.249529973
4925,g__DUPM01,2.657744231
4926,g__DUPP01,2.505938867
4927,g__DUPQ01,2.000178588
4928,g__DUPT01,2.770660154
4929,g__DUPU01,2.545886095
4930,g__DUPX01,2.374995579
4931,g__DUPY01,2.13177241
4932,g__DUQB01,2.355128299
4933,g__DUQP01,2.218197661
4934,g__DUQS01,2.068992991
4935,g__DUQU01,1.743804328
4936,g__DUQW01,1.673677939
4937,g__DUQX01,2.206628718
4938,g__DURK01,2.299427575
4939,g__DUSB01,2.308787652
4940,g__DUSC01,3.667638396
4941,g__DUSN01,2.30337059
4942,g__DUSO01,2.395145472
4943,g__DUSP01,2.331542788
4944,g__DUSS01,2.332080423
4945,g__DUTQ01,2.167289197
4946,g__DUTS01,1.986092328
4947,g__DUUA01,2.174965478
4948,g__DUUE01,2.409767985
4949,g__DUUG01,2.204919398
4950,g__DUUI01,2.360599009
4951,g__DUUL01,1.356844577
4952,g__DUUM01,3.511103481
4953,g__DUUS01,1.901546545
4954,g__DUUT01,2.602993603
4955,g__DUUU01,2.601629205
4956,g__DUVF01,2.179790074
4957,g__DUVM01,2.544825412
4958,g__DUVQ01,2.727468631
4959,g__DUVT01,1.881717884
4960,g__DUVY01,1.843398057
4961,g__DUWA01,1.837833699
4962,g__DUZB01,3.060727206
4963,g__DUZI01,2.327786578
4964,g__DUZK01,3.142464985
4965,g__DUZN01,2.110054107
4966,g__DUZU01,3.703602442
4967,g__DVEB01,3.461857397
4968,g__DVED01,3.42068411
4969,g__DVEF01,2.840176074
4970,g__DVEG01,3.093045437
4971,g__DVGY01,2.452729546
4972,g__DXJG01,2.62030023
4973,g__DXTB01,2.838301397
4974,g__DXWE01,1.818803146
4975,g__DXYV01,3.508359614
4976,g__DYEC01,2.529125841
4977,g__DYEP01,2.755942939
4978,g__DYER01,2.20312784
4979,g__DYEY01,2.807768671
4980,g__DYFA01,2.210737115
4981,g__DYFB01,2.150549219
4982,g__DYFC01,2.228582881
4983,g__DYFL01,2.71377492
4984,g__DYFM01,1.795744759
4985,g__DYFO01,2.394513358
4986,g__DYFQ01,2.409797292
4987,g__DYFS01,2.227598082
4988,g__DYFT01,2.726200921
4989,g__DYFV01,4.116626364
4990,g__DYFX01,2.02138267
4991,g__DYGA01,1.367910486
4992,g__DYGB01,1.508523687
4993,g__DYGC01,1.644104167
4994,g__DYGE01,1.697490836
4995,g__DYGG01,2.525416628
4996,g__DYGI01,1.568884721
4997,g__DYGS01,1.206629064
4998,g__DYGT01,1.20300692
4999,g__DYGU01,2.152985146
5000,g__DYGX01,2.59432868
5001,g__DYHD01,2.172959536
5002,g__DYHM01,1.722481539
5003,g__DYHP01,1.483750234
5004,g__DYHQ01,2.184735096
5005,g__DYHV01,2.137526884
5006,g__DYHW01,2.41545958
5007,g__DYHX01,2.318024575
5008,g__DYHY01,1.876481653
5009,g__DYIB01,2.772302084
5010,g__DYIG01,2.078543825
5011,g__DYIH01,2.187581067
5012,g__DYIT01,2.994646256
5013,g__DYIU01,2.605596144
5014,g__DYIV01,2.436647764
5015,g__DYIX01,4.132034189
5016,g__DYIZ01,3.822000132
5017,g__DYJB01,2.55690715
5018,g__DYJD01,4.238508844
5019,g__DYJE01,4.649699843
5020,g__DYJF01,2.251956327
5021,g__DYJK01,2.7428033
5022,g__DYJQ01,1.877979326
5023,g__DYJS01,1.548586169
5024,g__DYJU01,1.582685749
5025,g__DYJV01,2.078925052
5026,g__DYKB01,3.342516641
5027,g__DYKD01,2.96373647
5028,g__DYKF01,2.772778816
5029,g__DYKG01,3.305691121
5030,g__DYKH01,4.0496015
5031,g__DYKK01,2.147774988
5032,g__DYKS01,1.125636991
5033,g__DYLA01,2.058880605
5034,g__DYLC01,2.897526777
5035,g__DYLD01,2.626819913
5036,g__DYLE01,2.327227573
5037,g__DYLF01,2.467108124
5038,g__DYLG01,3.074504612
5039,g__DYLN01,2.544467139
5040,g__DYLR01,2.158815595
5041,g__DYLV01,2.775449575
5042,g__DYLW01,2.86731563
5043,g__DYMC01,2.324295111
5044,g__DYMG01,2.508308421
5045,g__DYMH01,2.964583605
5046,g__DYNF01,3.82403578
5047,g__DYNN01,2.577281793
5048,g__DYNO01,2.84311005
5049,g__DYNP01,2.746351263
5050,g__DYNR01,2.285396003
5051,g__DYNZ01,3.434585003
5052,g__DYOB01,2.606792496
5053,g__DYOH01,2.737416982
5054,g__DYOJ01,3.066693341
5055,g__DYOP01,2.789914814
5056,g__DYOQ01,2.673255013
5057,g__DYOS01,2.868962104
5058,g__DYOT01,2.017128019
5059,g__DYOW01,2.164447362
5060,g__DYPE01,4.609033046
5061,g__DYPP01,2.761627589
5062,g__DYPW01,3.792571129
5063,g__DYQA01,2.017837478
5064,g__DYQJ01,3.273324367
5065,g__DYQK01,2.905258945
5066,g__DYQY01,1.860250211
5067,g__DYQZ01,2.005416498
5068,g__DYRB01,2.683744445
5069,g__DYRC01,3.200796898
5070,g__DYRG01,3.343956741
5071,g__DYRK01,4.180658487
5072,g__DYRQ01,2.328600841
5073,g__DYRR01,2.453734081
5074,g__DYRX01,2.746213749
5075,g__DYSN01,3.053028796
5076,g__DYSO01,2.486961876
5077,g__DYSU01,2.377598499
5078,g__DYTE01,2.027529315
5079,g__DYTH01,2.835459423
5080,g__DYTM01,2.020046796
5081,g__DYTO01,2.081388304
5082,g__DZAY01,2.38181625
5083,g__DZBG01,3.634681549
5084,g__DZBS01,3.046032338
5085,g__DZDJ01,2.833100357
5086,g__Dactylopiibacterium,3.638174147
5087,g__Dactylosporangium,5.826951171
5088,g__Daejeonella,2.970449046
5089,g__Damh-18,2.017762598
5090,g__Danuiimicrobium,2.02301262
5091,g__Dasania,4.476938909
5092,g__Deefgea,4.479046423
5093,g__Deferribacter,2.457027052
5094,g__Deferrimicrobium,2.127697867
5095,g__Deferrimonas,3.430467272
5096,g__Deferrisoma,2.640613934
5097,g__Deferrivibrio,2.394523538
5098,g__Defluviicoccus,2.849966889
5099,g__Defluviilinea,3.015463851
5100,g__Defluviimonas,3.713555711
5101,g__Defluviitalea,2.422327262
5102,g__Defluviitalea_A,3.022921598
5103,g__Defluviitoga,1.698819428
5104,g__Dehalobacter,3.131592798
5105,g__Dehalobacterium,3.255200447
5106,g__Dehalococcoides,2.55211949
5107,g__Dehalogenimonas,2.538282972
5108,g__Deianiraea,2.173151163
5109,g__Deinobacterium,3.583452825
5110,g__Deinococcus,3.669227949
5111,g__Deinococcus_A,3.584485629
5112,g__Deinococcus_B,2.888823132
5113,g__Deinococcus_C,4.535003211
5114,g__Dellaglioa,3.064398926
5115,g__Delta-02,2.843736327
5116,g__Demequina,2.783665612
5117,g__Demetria,3.651043147
5118,g__Deminuibacter,3.98923009
5119,g__Dendronalium,5.134037099
5120,g__Dendrosporobacter,3.704096959
5121,g__Denitratisoma,3.651883838
5122,g__Denitrobacterium,2.473056587
5123,g__Denitrobaculum,4.68071945
5124,g__Denitrolinea,2.809828353
5125,g__Denitrovibrio,3.062013282
5126,g__Dermabacter,2.720908365
5127,g__Dermacoccus,2.863531223
5128,g__Dermatophilus,2.282795021
5129,g__Derxia,4.478123807
5130,g__Desemzia,3.387338254
5131,g__Desertibacillus,4.478485113
5132,g__Desertifilum,3.616830804
5133,g__Desertihabitans,2.472113875
5134,g__Desertimonas,4.005265692
5135,g__Desmonostoc,4.347957653
5136,g__Desmospora,3.21530452
5137,g__Desulfacinum,2.942266104
5138,g__Desulfacyla,2.880369895
5139,g__Desulfallas,3.110902522
5140,g__Desulfaltia,2.377542543
5141,g__Desulfamplus,2.946992486
5142,g__Desulfarculus,2.769545289
5143,g__Desulfatibacillum,3.795296355
5144,g__Desulfatibia,3.270349282
5145,g__Desulfatibia_A,3.014380463
5146,g__Desulfatifera,2.640498306
5147,g__Desulfatiglans,3.266763765
5148,g__Desulfatirhabdium,4.120271509
5149,g__Desulfatitalea,3.707467726
5150,g__Desulfitibacter,3.19627451
5151,g__Desulfitobacterium,3.845702744
5152,g__Desulfitobacterium_A,3.192299398
5153,g__Desulfobacca,2.578809155
5154,g__Desulfobacca_B,2.465730044
5155,g__Desulfobacillus,2.84460118
5156,g__Desulfobacter,3.849462087
5157,g__Desulfobacula,3.457093367
5158,g__Desulfobaculum,3.164708444
5159,g__Desulfobia,2.570113701
5160,g__Desulfobotulus,3.063081097
5161,g__Desulfobulbus,3.257064343
5162,g__Desulfobulbus_B,1.902194783
5163,g__Desulfobulbus_C,2.807598401
5164,g__Desulfocapsa,2.943451593
5165,g__Desulfocarbo,3.421207781
5166,g__Desulfocicer,3.630069921
5167,g__Desulfococcus,3.299604602
5168,g__Desulfocucumis,2.832328602
5169,g__Desulfocurvibacter,2.933283019
5170,g__Desulfocurvus,2.910317127
5171,g__Desulfofalx,3.023340238
5172,g__Desulfofarcimen,3.235423802
5173,g__Desulfoferrobacter,3.513377251
5174,g__Desulfofundulus,2.641075378
5175,g__Desulfofundulus_A,2.820879616
5176,g__Desulfofustis,3.049027357
5177,g__Desulfoglaeba,2.666808236
5178,g__Desulfogranum,3.029371275
5179,g__Desulfohalobium,2.704885352
5180,g__Desulfohalovibrio,2.755960682
5181,g__Desulfolinea,2.98349236
5182,g__Desulfolithobacter,2.962418633
5183,g__Desulfolucanica,2.715396329
5184,g__Desulfoluna,4.030413658
5185,g__Desulfolutivibrio,3.052120859
5186,g__Desulfomarina,2.936668877
5187,g__Desulfomicrobium,3.403971429
5188,g__Desulfomonile,3.931217305
5189,g__Desulfonatronospira,2.448400981
5190,g__Desulfonatronovibrio,2.581032363
5191,g__Desulfonatronum,2.998303903
5192,g__Desulfonauticus,2.427960439
5193,g__Desulfonema,4.182419985
5194,g__Desulfonema_B,3.91373699
5195,g__Desulfonema_C,4.347156637
5196,g__Desulfonispora,2.870959506
5197,g__Desulfopertinax,2.278192663
5198,g__Desulfopila,4.263943103
5199,g__Desulfopila_A,3.440521612
5200,g__Desulfoplanes,2.852186049
5201,g__Desulfoprunum,4.400706173
5202,g__Desulforadius,2.832780913
5203,g__Desulforapulum,4.389071869
5204,g__Desulforegula,3.748864182
5205,g__Desulforhabdus,3.440303564
5206,g__Desulforhopalus,3.773648526
5207,g__Desulforudis,2.073333877
5208,g__Desulfosalsimonas,2.509229634
5209,g__Desulfosarcina,3.417450504
5210,g__Desulfoscipio,2.98659112
5211,g__Desulfosoma,2.637221769
5212,g__Desulfospira,4.088275737
5213,g__Desulfosporosinus,3.834991148
5214,g__Desulfosudis,2.465848309
5215,g__Desulfotalea,3.861182145
5216,g__Desulfothermus,2.72841964
5217,g__Desulfotignum,3.195571933
5218,g__Desulfotomaculum,3.584643221
5219,g__Desulfotomaculum_G,2.827454658
5220,g__Desulfovermiculus,2.852897761
5221,g__Desulfovibrio,2.685762577
5222,g__Desulfovibrio_Q,3.09129294
5223,g__Desulfovirgula,2.71742177
5224,g__Desulfovulcanus,2.375922093
5225,g__Desulfurella,2.186608386
5226,g__Desulfuribacillus,3.529370145
5227,g__Desulfuribacillus_A,3.736149778
5228,g__Desulfurispira,2.385374068
5229,g__Desulfurispirillum,2.736192575
5230,g__Desulfurispora,2.672687133
5231,g__Desulfurivibrio,2.449183228
5232,g__Desulfurobacterium,2.49251037
5233,g__Desulfurobacterium_A,2.175139739
5234,g__Desulfurobacterium_B,2.185291827
5235,g__Desulfurococcus,1.93638822
5236,g__Desulfuromonas,3.182301958
5237,g__Desulfuromonas_A,3.531724008
5238,g__Desulfuromusa,2.81908786
5239,g__Dethiobacter,3.107198986
5240,g__Dethiosulfatarculus,3.932311472
5241,g__Dethiosulfatibacter,3.184815789
5242,g__Dethiosulfovibrio,2.918937066
5243,g__Devosia,3.795155357
5244,g__Devosia_A,3.553770636
5245,g__Devriesea,3.563206852
5246,g__Dialister,3.342134123
5247,g__Diaminobutyricibacter,3.455824304
5248,g__Diaminobutyricimonas,2.404061259
5249,g__Diaphorobacter,3.887967086
5250,g__Diaphorobacter_A,5.297549052
5251,g__Dichelobacter,2.329870115
5252,g__Dichloromethanomonas,3.016463994
5253,g__Dichotomicrobium,2.571633761
5254,g__Dickeya,4.770934524
5255,g__Dictyobacter,4.810264632
5256,g__Dictyoglomus,1.413780164
5257,g__Didemnitutus,2.915710274
5258,g__Dielma,4.421698279
5259,g__Dietzia,2.881002123
5260,g__Dinghuibacter,3.880210328
5261,g__Dinoroseobacter,3.616238368
5262,g__Diplocloster,4.501826122
5263,g__Diplorickettsia,2.330215161
5264,g__Dissulfuribacter,2.370207923
5265,g__Dissulfurimicrobium,2.482509959
5266,g__Dissulfurirhabdus,2.14039249
5267,g__Dissulfurispira,2.522088806
5268,g__Dokdonella,2.995847639
5269,g__Dokdonella_A,2.662107222
5270,g__Dokdonia,3.192206284
5271,g__Dolichospermum,3.746042091
5272,g__Dolosicoccus,3.474971292
5273,g__Dolosigranulum,2.785332777
5274,g__Domibacillus,4.667012795
5275,g__Donghicola,4.598965318
5276,g__Dongia,3.702853075
5277,g__Dongia_A,3.746067134
5278,g__Dongshaea,6.049181564
5279,g__Doolittlea,2.301658475
5280,g__Dorea,3.62700978
5281,g__Dorea_A,3.462298159
5282,g__Dorea_B,3.999144767
5283,g__Dorea_D,3.532390816
5284,g__Dormibacter,2.787378333
5285,g__Draconibacterium,2.897860845
5286,g__Drouetiella,3.772558041
5287,g__Dryocola,4.902743544
5288,g__Duberdicusella,1.634679673
5289,g__Dubosiella,3.601528429
5290,g__Duffyella,4.87835063
5291,g__Duganella,6.194709334
5292,g__Dulcicalothrix,5.427455146
5293,g__Duncaniella,2.238631003
5294,g__Duodenibacillus,3.35338915
5295,g__Dwaynesavagella,1.58955012
5296,g__Dyadobacter,4.954794913
5297,g__Dyella,3.399307579
5298,g__Dyella_A,3.011718918
5299,g__Dyella_B,3.432573925
5300,g__Dyella_C,3.648645969
5301,g__Dysgonomonas,2.774717224
5302,g__Dysosmobacter,3.216642023
5303,g__Dysosmobacter_A,3.459014631
5304,g__E26-bin7,3.639398437
5305,g__E29-bin14,1.919364589
5306,g__E29-bin15,2.19002982
5307,g__E29-bin54,2.372637759
5308,g__E29-bin73,2.197255259
5309,g__E4-135,2.270308463
5310,g__E4-60,2.295750769
5311,g__E44-bin10,2.289339033
5312,g__E44-bin18,2.454097368
5313,g__E44-bin26,2.084831144
5314,g__E44-bin32,2.410833816
5315,g__E44-bin39,3.440766659
5316,g__E44-bin46,2.300692569
5317,g__E44-bin52,1.85790776
5318,g__E44-bin80,2.265821882
5319,g__E44-bin88,2.122579068
5320,g__E44-bin89,2.31659966
5321,g__EA-19,2.119610244
5322,g__EA-27,2.145198392
5323,g__EB88,2.166394195
5324,g__EC70,2.157157527
5325,g__ECH-B-1,2.725745621
5326,g__ECS31B3,3.601314241
5327,g__ECT2AJA-044,3.254584006
5328,g__ECT2AJA-110-A,3.373555562
5329,g__EFPC-124,1.875457341
5330,g__EFPC-2,3.687957091
5331,g__EFPC2,3.708647993
5332,g__ELB16-189,3.339494949
5333,g__ER46,3.181952526
5334,g__ES-bin-26,3.200331601
5335,g__ESFC-1,3.445948266
5336,g__ESH-2018B,1.991036431
5337,g__ESL0723,3.307183315
5338,g__ETH-SRB1,2.770190219
5339,g__EW11,3.138841526
5340,g__EX4484-135,2.164708097
5341,g__EX4484-15,2.007085406
5342,g__EX4484-2,1.934935094
5343,g__EX4484-204,1.831836318
5344,g__EX4484-205,1.922728381
5345,g__EX4484-217-1,2.11332566
5346,g__EX4484-218,1.93603322
5347,g__EX4484-224,1.521650129
5348,g__EX4484-31,1.722956139
5349,g__EX4484-36,2.220236569
5350,g__EX4484-52,1.761148907
5351,g__EX4484-58,2.202929972
5352,g__EX4484-6,2.530063081
5353,g__EX4484-71,1.755660484
5354,g__EX4572-165,2.398912989
5355,g__EX4572-44,1.984049677
5356,g__EX4572-64,1.949910836
5357,g__Echinicola,3.59255933
5358,g__Echinimonas,3.636480112
5359,g__Ecksteinia,1.578714851
5360,g__Ectobacillus,5.48139345
5361,g__Ectorhizobium,4.184033491
5362,g__Ectothiorhodosinus,2.202704069
5363,g__Ectothiorhodospira,2.928898472
5364,g__Edaphobacillus,4.39878506
5365,g__Edaphobacter,3.11817781
5366,g__Edaphocola,4.848957718
5367,g__Edaphovirga,4.744188404
5368,g__Edwardiiplasma,2.490266246
5369,g__Edwardsiella,5.115541753
5370,g__Effusibacillus,3.762880074
5371,g__Effusibacillus_A,3.632453383
5372,g__Egerieenecus,2.708299921
5373,g__Egerieicola,2.435524118
5374,g__Egerieimonas,4.470178897
5375,g__Egerieimonas_A,3.992594817
5376,g__Egerieisoma,2.37811117
5377,g__Egerieousia,2.5968323
5378,g__Eggerthella,3.456277896
5379,g__Eggerthia,2.502042795
5380,g__Egibacter,3.176992675
5381,g__Egicoccus,2.794176727
5382,g__EhC02,3.497410819
5383,g__Ehrlichia,2.086047816
5384,g__Eikenella,3.112408395
5385,g__Eilatimonas,3.335340439
5386,g__Eisenbergiella,3.563701757
5387,g__Eisenibacter,3.550794775
5388,g__Ekhidna,3.497119235
5389,g__Elainella,3.848816693
5390,g__Elarobacter,3.045324153
5391,g__Electronema,2.233248681
5392,g__Electrothrix,3.096001596
5393,g__Electryonea,3.345243012
5394,g__Elioraea,2.479557663
5395,g__Elioraea_A,3.001660948
5396,g__Elizabethkingia,3.925113984
5397,g__Ellagibacter,2.949787257
5398,g__Elstera,3.854514415
5399,g__Elusimicrobium,2.299264225
5400,g__Embleya,6.464131861
5401,g__Emcibacter,4.292153444
5402,g__Emergencia,3.920817087
5403,g__Empedobacter,3.688921716
5404,g__Emticicia,3.871143945
5405,g__Endobacter,2.964822626
5406,g__Endobugula,3.309147581
5407,g__Endolissoclinum,1.83066059
5408,g__Endomicrobium,1.921942265
5409,g__Endomicrobium_A,1.824526675
5410,g__Endonucleobacter,3.25811024
5411,g__Endoriftia,4.650249942
5412,g__Endozoicomonas,5.257742726
5413,g__Enemella,3.059757754
5414,g__Enhygromyxa,5.22740463
5415,g__Enorma,2.683569855
5416,g__Ensifer,5.685968933
5417,g__Ensifer_A,4.540909602
5418,g__Enteractinococcus,3.887410698
5419,g__Enterenecus,2.983492143
5420,g__Enterobacillus,4.872503577
5421,g__Enterobacter,5.151750983
5422,g__Enterobacter_B,5.58799561
5423,g__Enterobacter_D,4.98812375
5424,g__Enterocloster,4.707665214
5425,g__Enterococcus,4.135807475
5426,g__Enterococcus_A,4.650936781
5427,g__Enterococcus_B,3.961490771
5428,g__Enterococcus_C,3.890126368
5429,g__Enterococcus_D,4.386496364
5430,g__Enterococcus_E,3.826572747
5431,g__Enterococcus_F,3.949320282
5432,g__Enterococcus_G,3.698059761
5433,g__Enterococcus_H,4.149093818
5434,g__Enterococcus_I,3.533247726
5435,g__Enterococcus_J,2.919957999
5436,g__Enterocola,2.19023832
5437,g__Enteromonas,2.380531959
5438,g__Enterorhabdus,2.651833425
5439,g__Enteroscipio,3.036493611
5440,g__Enterosoma,2.284040919
5441,g__Enterousia,2.010714802
5442,g__Enterovibrio,5.025882962
5443,g__Enterovirga,3.08686564
5444,g__Entomobacter,2.643081312
5445,g__Entomohabitans,5.6512101
5446,g__Entomomonas,3.362243189
5447,g__Entomoplasma,2.753185204
5448,g__Entomospira,2.068646859
5449,g__Entotheonella,5.443622091
5450,g__Eoetvoesia,4.273209223
5451,g__Eperythrozoon_A,2.133756494
5452,g__Eperythrozoon_B,2.607182148
5453,g__Epibacterium,4.420559181
5454,g__Epidermidibacterium,2.950384885
5455,g__Epilinea,3.020770393
5456,g__Epilithonimonas,3.721948073
5457,g__Epulopiscium_A,2.184305749
5458,g__Epulopiscium_B,2.159415207
5459,g__Epulopiscium_C,2.203642247
5460,g__Epulopiscium_D,2.284286254
5461,g__Erabacter,2.579278687
5462,g__Ereboglobus,1.941884031
5463,g__Eremiobacter,2.422579406
5464,g__Eremococcus,3.254876528
5465,g__Erginobacter,1.788920625
5466,g__Erwinia,4.917070161
5467,g__Erwinia_C,4.881713459
5468,g__Erwinia_D,4.445833445
5469,g__Erysipelothrix,2.954499205
5470,g__Erythrobacter,3.354429643
5471,g__EsbW-18,2.086050759
5472,g__Escherichia,4.715553875
5473,g__Ess09-12,4.310749407
5474,g__Ess09-15,2.558724447
5475,g__Estrella,2.893929402
5476,g__Ethanoligenens,2.305349086
5477,g__Ethanoperedens,1.981204232
5478,g__Eubacterium,4.738866762
5479,g__Eubacterium_B,2.876216931
5480,g__Eubacterium_C,3.18386763
5481,g__Eubacterium_F,2.939735258
5482,g__Eubacterium_G,2.50607595
5483,g__Eubacterium_I,3.058295898
5484,g__Eubacterium_J,3.226195392
5485,g__Eubacterium_N,2.226163264
5486,g__Eubacterium_O,3.702489911
5487,g__Eubacterium_P,4.256986956
5488,g__Eubacterium_Q,3.010945217
5489,g__Eubacterium_R,2.654766179
5490,g__Eubacterium_S,2.608209342
5491,g__Eubacterium_T,3.309534571
5492,g__Eudoraea,2.708428793
5493,g__Euphemobacter,1.934903635
5494,g__Euryhalocaulis,2.931111608
5495,g__Euzebya,3.760393584
5496,g__Euzebyella,3.483482111
5497,g__Evansella,4.635931501
5498,g__Evtepia,3.331616984
5499,g__Ewingella,4.47082802
5500,g__Excrementavichristensenella,2.464992657
5501,g__Exiguobacterium,5.538343179
5502,g__Exiguobacterium_A,5.347226944
5503,g__Exilibacterium,3.912428826
5504,g__Exilispira,2.198084548
5505,g__Extensimonas,3.117658984
5506,g__Extibacter,4.560667256
5507,g__Ezakiella,2.631488456
5508,g__F-183,3.467559606
5509,g__F0058,2.221443694
5510,g__F0422,3.380739597
5511,g__F0428,3.810893953
5512,g__F1-120-MAGs023,3.083836359
5513,g__F1-120-MAGs055,2.792237699
5514,g__F1-120-MAGs118,2.943962263
5515,g__F1-120-MAGs170,3.725571283
5516,g__F1-120-MAGs238,3.220401083
5517,g__F1-140-MAGs086,1.901741322
5518,g__F1-140-MAGs142,2.967856529
5519,g__F1-20-MAGs016,2.514970068
5520,g__F1-20-MAGs119,2.768067267
5521,g__F1-20-MAGs160,2.818483581
5522,g__F1-60-MAGs027,2.409754553
5523,g__F1-60-MAGs104,2.477757434
5524,g__F1-60-MAGs140,2.476538831
5525,g__F1-60-MAGs149,2.198917738
5526,g__F1-60-MAGs163,2.195131386
5527,g__F1-80-MAGS106,3.677726089
5528,g__F1-80-MAGs030,3.158337188
5529,g__F1-80-MAGs062,4.486140592
5530,g__F11,1.718498766
5531,g__F22,2.100480303
5532,g__F23-B02,3.297517239
5533,g__F23-D06,2.633669324
5534,g__F2B08,3.075285925
5535,g__FACHB-1237,3.53935654
5536,g__FACHB-1375,4.853901194
5537,g__FACHB-1406,3.796315885
5538,g__FACHB-1407,4.692991918
5539,g__FACHB-261,4.194988171
5540,g__FACHB-36,3.221284711
5541,g__FACHB-40,3.955401311
5542,g__FACHB-68,3.706496117
5543,g__FACHB-8,4.206588637
5544,g__FACHB-800,3.799866112
5545,g__FACHB-831,3.738491263
5546,g__FACHB-886,5.066525646
5547,g__FACHB-T130,3.707870718
5548,g__FB2012,2.93072102
5549,g__FD2005,3.254185453
5550,g__FEB-10,2.344358507
5551,g__FEB-12,2.745686496
5552,g__FEB-17,1.382712181
5553,g__FEB-22,3.726616026
5554,g__FEB-25,3.037807499
5555,g__FEB-35,2.167639394
5556,g__FEB-7,2.858034152
5557,g__FEN-1073,2.14605262
5558,g__FEN-1088,3.690170968
5559,g__FEN-1099,2.799081487
5560,g__FEN-1139,5.23002077
5561,g__FEN-1143,5.295886887
5562,g__FEN-1160,2.62724122
5563,g__FEN-1173,2.400570439
5564,g__FEN-1185,2.784412455
5565,g__FEN-1191,2.55816625
5566,g__FEN-1219,3.160390284
5567,g__FEN-1226,1.855618604
5568,g__FEN-1250,2.822910604
5569,g__FEN-1251,2.351594703
5570,g__FEN-1257,3.144440762
5571,g__FEN-1279,2.546677823
5572,g__FEN-1297,2.43882765
5573,g__FEN-1320,1.89651128
5574,g__FEN-1322,1.753971262
5575,g__FEN-1329,2.158977321
5576,g__FEN-1343,2.318303016
5577,g__FEN-1344,2.411317293
5578,g__FEN-1346,2.124177837
5579,g__FEN-1349,1.797582321
5580,g__FEN-1350,1.671835484
5581,g__FEN-1388,2.397240509
5582,g__FEN-299,2.563776177
5583,g__FEN-33,2.420483352
5584,g__FEN-336,2.212521634
5585,g__FEN-413,2.272673643
5586,g__FEN-672,2.39359028
5587,g__FEN-680,2.330657942
5588,g__FEN-727,2.708450706
5589,g__FEN-943,2.525137951
5590,g__FEN-979,2.694404865
5591,g__FEN-987,2.437336552
5592,g__FFU,2.088885499
5593,g__FJAT-45350,4.635076811
5594,g__FL481,3.907267349
5595,g__FLUQ01,2.708754704
5596,g__FMMP01,3.44907275
5597,g__FREY01,4.6414501
5598,g__FS08-3,2.916521888
5599,g__FT1-004,2.797754071
5600,g__FT1-020,2.986702413
5601,g__FUHM01,2.560738499
5602,g__FW021-bin31,2.502811729
5603,g__FW021-bin43,2.526387608
5604,g__FW300-bin19,4.298127133
5605,g__FW305-bin1,2.44129429
5606,g__FW602-bin16,3.348212841
5607,g__FW602-bin19,2.677795137
5608,g__FW602-bin22,2.984291817
5609,g__Facilibium,2.981065799
5610,g__Facklamia,3.129611125
5611,g__Faecalibacillus,3.037016522
5612,g__Faecalibacter,3.189536358
5613,g__Faecalibacterium,3.424071243
5614,g__Faecalibaculum,3.015922318
5615,g__Faecalicoccus,3.12898042
5616,g__Faecaligallichristensenella,2.327605749
5617,g__Faecalimicrobium,3.93609307
5618,g__Faecalimonas,3.67757879
5619,g__Faecalitalea,3.135068405
5620,g__Faecenecus,2.231166537
5621,g__Faecicola,2.368336631
5622,g__Faecimonas,2.236813394
5623,g__Faecimorpha,2.608953401
5624,g__Faeciplasma,2.413252785
5625,g__Faecisoma,2.150593138
5626,g__Faecivicinus,2.716365384
5627,g__Faecivivens,3.19665654
5628,g__Faecousia,3.217759435
5629,g__Falcatimonas,3.4557046
5630,g__Falkowella,2.527837904
5631,g__Falseniella,2.964946763
5632,g__Falsibacillus,5.906204228
5633,g__Falsihalocynthiibacter,4.205996652
5634,g__Falsirhodobacter,3.567074852
5635,g__Falsiroseomonas,3.837583732
5636,g__Falsiruegeria,4.798220921
5637,g__Falsochrobactrum,3.874139922
5638,g__Fangia,3.23597599
5639,g__Fannyhessea,2.415565727
5640,g__Fastidiosibacter,2.552750163
5641,g__Fastidiosipila,1.535479272
5642,g__Faunimonas,3.074798478
5643,g__Feifania,2.860806662
5644,g__Fen-1038,2.958153006
5645,g__Fen-1039,2.505958099
5646,g__Fen-1058,4.576540643
5647,g__Fen-1064,2.412058478
5648,g__Fen-1077,2.247417318
5649,g__Fen-1087,2.552012439
5650,g__Fen-1118,2.820026268
5651,g__Fen-1135,3.004322588
5652,g__Fen-1137,3.257326897
5653,g__Fen-1166,2.581997147
5654,g__Fen-1174,1.814797981
5655,g__Fen-1231,2.687517287
5656,g__Fen-1245,2.048283469
5657,g__Fen-1247,3.311384656
5658,g__Fen-1254,2.244436633
5659,g__Fen-1255,2.789129705
5660,g__Fen-1258,2.656452598
5661,g__Fen-1260,2.213529526
5662,g__Fen-1262,2.883498216
5663,g__Fen-1273,2.479782835
5664,g__Fen-1298,2.351162715
5665,g__Fen-1301,2.744808717
5666,g__Fen-1308,2.880647975
5667,g__Fen-1317,2.173467166
5668,g__Fen-1326,1.491939573
5669,g__Fen-1342,2.706384936
5670,g__Fen-1359,2.151453499
5671,g__Fen-1362,2.015199892
5672,g__Fen-1364,3.189343602
5673,g__Fen-1467,2.541528772
5674,g__Fen-178,3.456135063
5675,g__Fen-181,3.278846516
5676,g__Fen-183,2.714485449
5677,g__Fen-330,3.088462372
5678,g__Fen-455,2.619830813
5679,g__Fen-549,2.123957193
5680,g__Fen-668,2.591629729
5681,g__Fen-671,3.095787857
5682,g__Fen-7,2.785682105
5683,g__Fen-999,2.931556709
5684,g__Fen731,2.013590973
5685,g__Fenollaria,2.308777098
5686,g__Ferdinandcohnia,5.058039964
5687,g__Fermentibacter,2.283384133
5688,g__Fermentimicrarchaeum,1.745701254
5689,g__Ferranicluibacter,4.355211849
5690,g__Ferrimicrobium,2.896385128
5691,g__Ferrimonas,5.657925507
5692,g__Ferriphaselus,3.414616429
5693,g__Ferrithrix,2.299176734
5694,g__Ferroacidibacillus,2.783199009
5695,g__Ferroglobus,2.543732776
5696,g__Ferroplasma,2.235364563
5697,g__Ferrovibrio,3.561326242
5698,g__Ferrovum,2.187158025
5699,g__Ferruginibacter,2.905471354
5700,g__Ferruginivarius,3.296632056
5701,g__Fertoeibacter,3.719277308
5702,g__Fervidibacillus,3.39117543
5703,g__Fervidibacter,2.088851258
5704,g__Fervidicella,3.658930608
5705,g__Fervidicoccus,1.903328528
5706,g__Fervidicola,2.560335182
5707,g__Fervidobacterium,2.316588877
5708,g__Fervidobacterium_A,2.208154789
5709,g__Fibrella,3.997490866
5710,g__Fibrisoma,4.51055377
5711,g__Fibro-01,2.162427039
5712,g__Fibrobacter,2.72034244
5713,g__Fibromonas,2.589461236
5714,g__Fictibacillus,4.590324099
5715,g__Fictibacillus_A,5.285600898
5716,g__Fictibacillus_C,5.593003039
5717,g__Filifactor,2.854386191
5718,g__Filimonas,4.327842164
5719,g__Filobacillus,3.993710919
5720,g__Filomicrobium,3.250317747
5721,g__Fimadaptatus,2.131579964
5722,g__Fimbriiglobus,4.325483287
5723,g__Fimbriimonas,2.945365841
5724,g__Fimenecus,2.452843692
5725,g__Fimicola,3.78251996
5726,g__Fimihabitans,2.544307742
5727,g__Fimimonas,2.415619823
5728,g__Fimimorpha,3.69671033
5729,g__Fimiplasma,3.603584218
5730,g__Fimisoma,3.310920142
5731,g__Fimivicinus,2.338317762
5732,g__Fimivivens,3.300143689
5733,g__Fimousia,3.466945253
5734,g__Finegoldia,2.495666795
5735,g__Finniella,2.466369768
5736,g__Firm-04,2.960348161
5737,g__Firm-07,2.77782233
5738,g__Firm-08,2.367069717
5739,g__Firm-09,2.092048307
5740,g__Firm-10,2.447976508
5741,g__Firm-13,3.011887621
5742,g__Firm-16,3.317796868
5743,g__Firm-18,1.835977181
5744,g__Fischerella,3.818648137
5745,g__Flagellatimonas,3.113958763
5746,g__Flagellimonas,3.568065131
5747,g__Flammeovirga,4.984440502
5748,g__Flaviaesturariibacter,3.184562993
5749,g__Flavicella,2.55757502
5750,g__Flaviflexus,2.913897758
5751,g__Flavihumibacter,3.541297595
5752,g__Flavilitoribacter,5.257071495
5753,g__Flavimaribacter,4.222492476
5754,g__Flavimaricola,4.001320775
5755,g__Flavimobilis,2.681862588
5756,g__Flavipsychrobacter,3.531697397
5757,g__Flaviramulus,2.710058814
5758,g__Flavisolibacter,3.307017932
5759,g__Flavisolibacter_B,4.620184311
5760,g__Flavitalea,2.943288743
5761,g__Flavivirga,3.363186252
5762,g__Flavobacterium,3.311308776
5763,g__Flavonifractor,3.315701151
5764,g__Flectobacillus,4.732966537
5765,g__Flemingibacterium,3.23539003
5766,g__Flexibacter,4.061388942
5767,g__Flexicrinis,3.129771289
5768,g__Flexifilum,3.422299846
5769,g__Flexilinea,2.813973311
5770,g__Flexistipes,2.334395231
5771,g__Flexithrix,3.995252031
5772,g__Flexivirga,3.491306634
5773,g__Floccifex,3.419146401
5774,g__Flocculibacter,4.529013073
5775,g__Floricoccus,3.971254976
5776,g__Fluviibacter,2.79996346
5777,g__Fluviicoccus,4.035223551
5778,g__Fluviicola,3.904718215
5779,g__Fodinibius,2.970906007
5780,g__Fodinicola,6.140440869
5781,g__Fodinicurvata,3.22856275
5782,g__Foetidibacter,4.509193724
5783,g__Fokinia,2.165267384
5784,g__Foliamicus,2.825157755
5785,g__Fonsibacter,1.672208567
5786,g__Fonticella,3.297519764
5787,g__Fontimonas,2.368415997
5788,g__Fontisphaera,2.178974111
5789,g__Formicincola,2.837942361
5790,g__Formimonas,4.112051846
5791,g__Formivibrio,3.993834275
5792,g__Formosa,2.866758216
5793,g__Formosimonas,3.033487221
5794,g__Forterrea,1.613791782
5795,g__Fortiea,3.994826923
5796,g__Fournierella,3.263546036
5797,g__Frackibacter,2.574677892
5798,g__Francisella,2.483358247
5799,g__Francisella_A,2.511509027
5800,g__Franconibacter,5.308109781
5801,g__Frankia,3.802371773
5802,g__Franzmannia,3.923182887
5803,g__Frateuria,3.423178886
5804,g__Frateuria_A,2.740962137
5805,g__Frateuria_B,3.076256555
5806,g__Fredericiella,4.011309405
5807,g__Frederiksenia,3.51072108
5808,g__Fredricksoniimonas,2.223611358
5809,g__Fretibacterium,2.33713179
5810,g__Freyrarchaeum,2.590545121
5811,g__Friedmanniella,2.994875628
5812,g__Friedmanniella_A,2.569514766
5813,g__Frigidibacter,3.592102465
5814,g__Frigididesulfovibrio,2.245108026
5815,g__Frigididesulfovibrio_A,2.585755504
5816,g__Frigoribacterium,2.949232845
5817,g__Frigoriflavimonas,3.326979954
5818,g__Frischella,3.270915959
5819,g__Frisingicoccus,4.125558839
5820,g__Frondihabitans,3.232668985
5821,g__Fructilactobacillus,3.044977624
5822,g__Fructobacillus,3.312254245
5823,g__Fuchsiella,2.520604976
5824,g__Fuerstiella,4.61806551
5825,g__Fukatsuia,3.577244075
5826,g__Fulvimarina,3.526651362
5827,g__Fulvimonas,2.593414869
5828,g__Fulvivirga,4.109398449
5829,g__Fumia,3.155347529
5830,g__Fundicoccus,3.590874084
5831,g__Fundidesulfovibrio,3.24585469
5832,g__Furfurilactobacillus,3.648487431
5833,g__Fuscibacter,3.929355601
5834,g__Fuscovulum,3.43816023
5835,g__Fusibacter,3.942716561
5836,g__Fusibacter_A,4.617811258
5837,g__Fusibacter_C,3.584235842
5838,g__Fusicatenibacter,3.241202555
5839,g__Fusobacterium,2.218347141
5840,g__Fusobacterium_A,2.845354951
5841,g__Fusobacterium_B,2.716190275
5842,g__Fusobacterium_C,2.99615578
5843,g__Futiania,2.86549662
5844,g__G004843345,2.697795036
5845,g__G016756615,5.132253804
5846,g__G019454225,3.22889481
5847,g__G019856515,2.861981857
5848,g__G020341755,2.434590086
5849,g__G020342025,3.374247377
5850,g__G020342115,3.001853517
5851,g__G020343695,1.957958585
5852,g__G020343875,3.452390448
5853,g__G020344215,3.170404842
5854,g__G020344255,1.9458055
5855,g__G020344375,2.290046609
5856,g__G020344415,2.997722721
5857,g__G020345745,2.771942149
5858,g__G020345765,2.604734429
5859,g__G020345805,2.794203747
5860,g__G020346125,2.516823379
5861,g__G020346285,1.604757724
5862,g__G020346765,2.394381133
5863,g__G020347605,2.684592719
5864,g__G020347665,2.275992424
5865,g__G020348185,2.738776508
5866,g__G020348385,2.363701668
5867,g__G020348765,2.878356487
5868,g__G020348885,2.452230452
5869,g__G020348925,3.389314821
5870,g__G020349025,2.278510846
5871,g__G020349885,2.016521821
5872,g__G020349905,2.178212391
5873,g__G020350085,2.863797139
5874,g__G020350405,2.003922686
5875,g__G020350445,3.235929276
5876,g__G020350565,2.863018705
5877,g__G020350725,2.491542609
5878,g__G020350785,3.210937811
5879,g__G020350845,2.104316413
5880,g__G020350885,2.730613104
5881,g__G020351025,1.908005766
5882,g__G020351185,2.164638247
5883,g__G020351775,3.085224936
5884,g__G020351855,2.440143011
5885,g__G020352215,3.13090421
5886,g__G020352515,2.8824098
5887,g__G020352555,2.805544777
5888,g__G020352595,2.324100726
5889,g__G020352775,1.576140696
5890,g__G020352895,2.573691647
5891,g__G020353115,2.332015881
5892,g__G020353215,3.447275908
5893,g__G020353235,1.995391998
5894,g__G020353355,4.048306825
5895,g__G020353555,4.24630997
5896,g__G020354025,2.589657911
5897,g__G020354085,2.581609415
5898,g__G020354275,2.471253837
5899,g__G020354625,3.627472641
5900,g__G020354645,3.555874791
5901,g__G020354665,3.096623279
5902,g__G020354785,1.986281028
5903,g__G020354945,1.63331323
5904,g__G020355325,2.479155183
5905,g__G020356045,3.055051032
5906,g__G0223898765,2.194943443
5907,g__G022818785,1.340325274
5908,g__G023898385,3.198824962
5909,g__G023898405,2.90052507
5910,g__G023898705,2.037561239
5911,g__G023898725,2.088024819
5912,g__G023898745,2.064077514
5913,g__G023898765,2.361176953
5914,g__G025736875,2.536497573
5915,g__G025836975,4.122412855
5916,g__G026625185,2.694425042
5917,g__G029814805,3.392727017
5918,g__G029866965,3.329004821
5919,g__G029867005,2.800973481
5920,g__G030254645,5.606506308
5921,g__G030406045,2.728685877
5922,g__G030583765,1.587233054
5923,g__G030583825,2.018088482
5924,g__G030583845,2.164893848
5925,g__G030584005,2.805330455
5926,g__G030584185,2.447963243
5927,g__G030657355,4.254226725
5928,g__G030845175,4.045827314
5929,g__G030849185,1.246845519
5930,g__G030913385,3.724384856
5931,g__G11,2.771399193
5932,g__G192,3.978240297
5933,g__G519,1.958331355
5934,g__G60ANME1,2.113158179
5935,g__G713,2.499211132
5936,g__G949788275,3.96711137
5937,g__G951813855,3.415791661
5938,g__G958295645,2.101047295
5939,g__G958295755,2.442547136
5940,g__G958295825,4.455466939
5941,g__G958295935,2.213367471
5942,g__G958296095,2.956036935
5943,g__G958296245,2.037967631
5944,g__G958296285,2.080284985
5945,g__GAS188,3.860844922
5946,g__GAS474,2.268889971
5947,g__GBBU,1.697027741
5948,g__GBChlB,2.642796758
5949,g__GBS-1,2.101381512
5950,g__GBS-2,1.441599453
5951,g__GBS-DC,2.118754812
5952,g__GCA-000496135,2.379973388
5953,g__GCA-001602625,3.609719655
5954,g__GCA-001730085,1.937359384
5955,g__GCA-001735895,3.25356419
5956,g__GCA-001856825,2.279608607
5957,g__GCA-002050365,2.803626914
5958,g__GCA-002282575,2.766012303
5959,g__GCA-002401295,2.980444938
5960,g__GCA-002402085,3.302821016
5961,g__GCA-002684695,2.363947453
5962,g__GCA-002688135,1.393112641
5963,g__GCA-002690875,1.927643152
5964,g__GCA-002691585,2.114188448
5965,g__GCA-002694895,1.876527889
5966,g__GCA-002697625,1.823792605
5967,g__GCA-002700125,1.857987158
5968,g__GCA-002701365,1.686617009
5969,g__GCA-002701455,2.611643963
5970,g__GCA-002701945,2.151353906
5971,g__GCA-002704045,1.949200651
5972,g__GCA-002704185,1.501303262
5973,g__GCA-002705045,2.516905254
5974,g__GCA-002707245,1.735356714
5975,g__GCA-002707645,1.765327006
5976,g__GCA-002707905,1.735542978
5977,g__GCA-002708145,2.007684802
5978,g__GCA-002708315,2.684270316
5979,g__GCA-002708715,1.859820432
5980,g__GCA-002712045,2.751113446
5981,g__GCA-002712965,2.267280951
5982,g__GCA-002713455,1.778174093
5983,g__GCA-002715585,1.858912093
5984,g__GCA-002715885,1.682172069
5985,g__GCA-002717915,1.646748317
5986,g__GCA-002718395,1.933521482
5987,g__GCA-002718515,2.527058223
5988,g__GCA-002718655,2.104240808
5989,g__GCA-002719095,1.992005112
5990,g__GCA-002719695,1.852990012
5991,g__GCA-002720895,1.410519101
5992,g__GCA-002721295,2.590282532
5993,g__GCA-002722245,2.360495577
5994,g__GCA-002723415,2.398350071
5995,g__GCA-002724395,3.202313551
5996,g__GCA-002724975,1.365043256
5997,g__GCA-002726655,3.208025165
5998,g__GCA-002727615,1.916950167
5999,g__GCA-002727735,1.925212414
6000,g__GCA-002728675,3.399843887
6001,g__GCA-002728855,1.808074188
6002,g__GCA-002729875,2.721105973
6003,g__GCA-002731945,2.073938893
6004,g__GCA-002733105,2.798757618
6005,g__GCA-002733185,2.440263787
6006,g__GCA-002733465,3.75214092
6007,g__GCA-002748415,2.512889199
6008,g__GCA-002772825,1.589459068
6009,g__GCA-002772895,1.629121602
6010,g__GCA-002773005,1.33344159
6011,g__GCA-002779355,1.797553449
6012,g__GCA-002779425,1.572333334
6013,g__GCA-002779465,2.581110839
6014,g__GCA-002779875,1.908260345
6015,g__GCA-002780085,1.649644625
6016,g__GCA-002780795,1.512223432
6017,g__GCA-002782225,1.608213355
6018,g__GCA-002782285,1.450266849
6019,g__GCA-002782345,1.551610112
6020,g__GCA-002784865,1.199003664
6021,g__GCA-002785045,1.647804685
6022,g__GCA-002787175,1.730294967
6023,g__GCA-002787255,1.639150607
6024,g__GCA-002787375,1.435160622
6025,g__GCA-00278855,1.531572131
6026,g__GCA-002788555,1.880078212
6027,g__GCA-002789015,1.475590663
6028,g__GCA-002790365,2.145165313
6029,g__GCA-002790575,1.479863675
6030,g__GCA-002790615,1.424240057
6031,g__GCA-002790695,1.386523808
6032,g__GCA-002791395,1.630924301
6033,g__GCA-002792115,2.238167474
6034,g__GCA-002793235,2.780147482
6035,g__GCA-002793355,1.972514233
6036,g__GCA-002793575,1.554111574
6037,g__GCA-002795985,1.850913905
6038,g__GCA-002838935,2.447684332
6039,g__GCA-002840015,2.931582775
6040,g__GCA-002840305,1.504984801
6041,g__GCA-002840935,2.912048244
6042,g__GCA-002841655,1.65371937
6043,g__GCA-002862325,2.55983073
6044,g__GCA-003244245,3.306386834
6045,g__GCA-004216475,3.985363218
6046,g__GCA-012562765,1.355053763
6047,g__GCA-013348725,2.580462278
6048,g__GCA-013693735,3.154442507
6049,g__GCA-014075295,2.049013697
6050,g__GCA-014931565,3.532208685
6051,g__GCA-016432245,1.706201768
6052,g__GCA-016432345,1.058921815
6053,g__GCA-016432425,1.060596383
6054,g__GCA-016432445,1.600982713
6055,g__GCA-016432465,1.798879645
6056,g__GCA-016432525,1.036004095
6057,g__GCA-016432625,2.010852952
6058,g__GCA-016699085,2.089204153
6059,g__GCA-016699105,2.168454993
6060,g__GCA-016699145,2.438227854
6061,g__GCA-016699305,2.575119366
6062,g__GCA-016699365,2.025279532
6063,g__GCA-016699445,3.411213221
6064,g__GCA-016699515,2.222015984
6065,g__GCA-016699535,3.570673596
6066,g__GCA-016699595,1.516295249
6067,g__GCA-016699755,1.975528464
6068,g__GCA-016699835,2.400314505
6069,g__GCA-016699855,3.503747321
6070,g__GCA-016699895,1.864702895
6071,g__GCA-016699975,1.517319526
6072,g__GCA-016700035,1.635399104
6073,g__GCA-016700095,1.474591042
6074,g__GCA-016700155,2.740329668
6075,g__GCA-016700315,2.058514521
6076,g__GCA-016700335,2.437611457
6077,g__GCA-020341775,2.523872584
6078,g__GCA-020343435,1.605823762
6079,g__GCA-020343575,1.716509044
6080,g__GCA-020343615,1.874800577
6081,g__GCA-020343675,2.573441743
6082,g__GCA-020343715,2.657053481
6083,g__GCA-020344235,2.397819964
6084,g__GCA-020344395,2.706323556
6085,g__GCA-020344555,3.201151353
6086,g__GCA-020344715,2.33474318
6087,g__GCA-020345705,2.459805245
6088,g__GCA-020345945,1.888469576
6089,g__GCA-020346225,2.734531297
6090,g__GCA-020346805,2.801453262
6091,g__GCA-020347585,2.686509079
6092,g__GCA-020348065,2.781311947
6093,g__GCA-020348265,3.537954986
6094,g__GCA-020348365,1.896384571
6095,g__GCA-020348445,2.955968635
6096,g__GCA-020350385,1.810969677
6097,g__GCA-020350865,2.4070728
6098,g__GCA-020351305,2.368571361
6099,g__GCA-020352575,2.359511557
6100,g__GCA-020352645,2.290520971
6101,g__GCA-020354575,2.396132948
6102,g__GCA-020355125,2.303542558
6103,g__GCA-020356005,2.380466187
6104,g__GCA-020356105,3.216558341
6105,g__GCA-020356305,2.460769466
6106,g__GCA-021513135,4.79808222
6107,g__GCA-022846635,4.614199958
6108,g__GCA-023898365,1.899612777
6109,g__GCA-024661895,3.182795422
6110,g__GCA-030583725,1.456808691
6111,g__GCA-16432305,1.538637698
6112,g__GCA-1730015,3.605108963
6113,g__GCA-2400775,2.452201485
6114,g__GCA-2400975,3.189573517
6115,g__GCA-2401155,3.359965695
6116,g__GCA-2401345,1.954921374
6117,g__GCA-2401425,2.25023077
6118,g__GCA-2401445,2.238514598
6119,g__GCA-2401635,2.595106974
6120,g__GCA-2401725,3.475988899
6121,g__GCA-2401735,2.521731991
6122,g__GCA-2401785,1.797908263
6123,g__GCA-2401865,1.967166113
6124,g__GCA-2402025,2.075282827
6125,g__GCA-2402105,3.440845138
6126,g__GCA-2402195,2.252471676
6127,g__GCA-2683135,2.92018564
6128,g__GCA-2683315,2.890593311
6129,g__GCA-2683405,3.074325811
6130,g__GCA-2683775,1.74463584
6131,g__GCA-2683825,3.29274379
6132,g__GCA-2684655,2.71976036
6133,g__GCA-2685815,2.230283686
6134,g__GCA-2685855,1.577567355
6135,g__GCA-2685965,2.598687844
6136,g__GCA-2686065,3.579063309
6137,g__GCA-2686265,2.550605711
6138,g__GCA-2686295,1.878934394
6139,g__GCA-2686365,1.57444375
6140,g__GCA-2686445,1.57959512
6141,g__GCA-2686465,1.434662713
6142,g__GCA-2686595,2.332911257
6143,g__GCA-2686765,2.35907928
6144,g__GCA-2686855,1.882326054
6145,g__GCA-2686945,2.654587263
6146,g__GCA-2686955,2.751594124
6147,g__GCA-2686995,3.213439204
6148,g__GCA-2687015,3.537108084
6149,g__GCA-2687025,3.537056562
6150,g__GCA-2687185,2.265910447
6151,g__GCA-2687275,2.242448541
6152,g__GCA-2687515,3.473283473
6153,g__GCA-2687715,3.219692186
6154,g__GCA-2687795,1.68196276
6155,g__GCA-2687815,1.460962403
6156,g__GCA-2688035,1.443006546
6157,g__GCA-2688095,1.649016005
6158,g__GCA-2688105,2.027579925
6159,g__GCA-2688265,2.04033345
6160,g__GCA-2688355,1.677301066
6161,g__GCA-2688435,1.985037548
6162,g__GCA-2688775,2.017394773
6163,g__GCA-2688925,1.942249507
6164,g__GCA-2688965,1.99517457
6165,g__GCA-2689605,3.332730544
6166,g__GCA-2689925,1.891600834
6167,g__GCA-2689995,2.374937402
6168,g__GCA-2690215,3.484013865
6169,g__GCA-2690565,2.06151524
6170,g__GCA-2691085,2.187256921
6171,g__GCA-2691145,2.378615382
6172,g__GCA-2691245,1.946150351
6173,g__GCA-2691785,1.876053993
6174,g__GCA-2692065,1.81640356
6175,g__GCA-2693325,2.54971932
6176,g__GCA-2693335,1.466899031
6177,g__GCA-2696965,1.8398766
6178,g__GCA-2697345,2.544144519
6179,g__GCA-2697505,1.889243296
6180,g__GCA-2698665,1.850480205
6181,g__GCA-2698995,3.134678612
6182,g__GCA-2699025,4.420582729
6183,g__GCA-2699105,3.165104097
6184,g__GCA-2699335,4.031480029
6185,g__GCA-2699365,1.986852878
6186,g__GCA-2699445,2.596635252
6187,g__GCA-2700365,2.913429434
6188,g__GCA-2700405,1.602751142
6189,g__GCA-2701545,3.840575428
6190,g__GCA-2701705,1.734622351
6191,g__GCA-2701885,2.237496062
6192,g__GCA-2701925,1.888792401
6193,g__GCA-2702065,3.820043623
6194,g__GCA-2702235,1.791747387
6195,g__GCA-2702655,3.193850795
6196,g__GCA-2704625,1.555027777
6197,g__GCA-2704665,2.278998213
6198,g__GCA-2705055,2.726234666
6199,g__GCA-2705205,1.989181483
6200,g__GCA-2705445,1.835402916
6201,g__GCA-2705995,3.449524251
6202,g__GCA-2706205,3.367568339
6203,g__GCA-2706465,1.275650504
6204,g__GCA-2706885,2.252964827
6205,g__GCA-2707145,2.03924281
6206,g__GCA-2707185,2.343653623
6207,g__GCA-2707205,2.437689444
6208,g__GCA-2707495,3.579890209
6209,g__GCA-2707695,2.064123022
6210,g__GCA-2707915,1.978797833
6211,g__GCA-2708265,2.808602346
6212,g__GCA-2708415,2.751726205
6213,g__GCA-2709075,2.662647205
6214,g__GCA-2709385,3.117559028
6215,g__GCA-2709565,2.721671232
6216,g__GCA-2709665,3.270870841
6217,g__GCA-2710765,1.763656253
6218,g__GCA-2711125,1.669593732
6219,g__GCA-2711415,2.45506676
6220,g__GCA-2711515,1.90710254
6221,g__GCA-2711565,2.929430185
6222,g__GCA-2711625,2.115004966
6223,g__GCA-2711925,2.209788191
6224,g__GCA-2712005,3.964687988
6225,g__GCA-2712585,2.270957685
6226,g__GCA-2712665,2.437542797
6227,g__GCA-2712715,1.669940214
6228,g__GCA-2712985,2.514241084
6229,g__GCA-2713145,4.025059634
6230,g__GCA-2715305,1.724973247
6231,g__GCA-2715465,2.11546237
6232,g__GCA-2715505,2.119087122
6233,g__GCA-2715565,1.428218017
6234,g__GCA-2715645,1.603701548
6235,g__GCA-2715965,3.322003151
6236,g__GCA-2716065,2.206875693
6237,g__GCA-2716345,1.660644476
6238,g__GCA-2716585,3.087054174
6239,g__GCA-2716765,1.617527838
6240,g__GCA-2716945,1.827579408
6241,g__GCA-2717185,4.017521192
6242,g__GCA-2717285,2.451607498
6243,g__GCA-2717385,2.042747141
6244,g__GCA-2717465,2.505752035
6245,g__GCA-2717485,1.776209063
6246,g__GCA-2717625,1.754216092
6247,g__GCA-2717925,2.061848408
6248,g__GCA-2718035,1.495645957
6249,g__GCA-2718595,2.347237046
6250,g__GCA-2718715,2.203994436
6251,g__GCA-2718815,3.127496808
6252,g__GCA-2718845,1.70225423
6253,g__GCA-2718895,1.633199803
6254,g__GCA-2719315,1.685336376
6255,g__GCA-2719675,2.038586657
6256,g__GCA-2719775,2.292822004
6257,g__GCA-2720125,2.067066175
6258,g__GCA-2720195,1.899060573
6259,g__GCA-2720855,3.068350193
6260,g__GCA-2720865,4.187648023
6261,g__GCA-2720935,3.074864125
6262,g__GCA-2720975,2.69453632
6263,g__GCA-2721105,2.471772675
6264,g__GCA-2721365,3.141189418
6265,g__GCA-2721545,2.291052304
6266,g__GCA-2721815,3.322001517
6267,g__GCA-2722105,2.304028805
6268,g__GCA-2722175,2.754228483
6269,g__GCA-2722315,2.809949734
6270,g__GCA-2722455,2.651245627
6271,g__GCA-2722775,2.455573163
6272,g__GCA-2722955,4.069509973
6273,g__GCA-2723085,2.111422624
6274,g__GCA-2723275,3.808875968
6275,g__GCA-2724185,2.718958213
6276,g__GCA-2724215,3.514633006
6277,g__GCA-2724505,2.630885368
6278,g__GCA-2724675,3.397683859
6279,g__GCA-2725445,2.72665679
6280,g__GCA-2725625,2.921878077
6281,g__GCA-2725915,2.615580886
6282,g__GCA-2725955,3.477326681
6283,g__GCA-2726205,2.737979562
6284,g__GCA-2726245,4.786840042
6285,g__GCA-2726865,2.374498236
6286,g__GCA-2728135,2.454389712
6287,g__GCA-2728255,2.739854791
6288,g__GCA-2728355,1.866269782
6289,g__GCA-2729495,2.621470995
6290,g__GCA-2729515,3.066337347
6291,g__GCA-2730555,2.617389061
6292,g__GCA-2730855,1.981155244
6293,g__GCA-2730975,3.090142705
6294,g__GCA-2731375,3.707230188
6295,g__GCA-2732015,1.99892951
6296,g__GCA-2732755,2.633787788
6297,g__GCA-2732805,2.413123829
6298,g__GCA-2733415,2.702954995
6299,g__GCA-2733545,2.355866119
6300,g__GCA-2733575,5.221811415
6301,g__GCA-2733885,4.250797998
6302,g__GCA-2737125,2.565219306
6303,g__GCA-2737595,3.15311994
6304,g__GCA-2737665,3.480544552
6305,g__GCA-2737725,3.193434873
6306,g__GCA-2742885,2.431742332
6307,g__GCA-2742935,2.583830186
6308,g__GCA-2746115,3.549191397
6309,g__GCA-2746155,3.222766437
6310,g__GCA-2746185,2.763031634
6311,g__GCA-2746235,2.861333876
6312,g__GCA-2746255,2.366122862
6313,g__GCA-2746335,2.867498799
6314,g__GCA-2746365,3.049344449
6315,g__GCA-2746425,4.216373631
6316,g__GCA-2746535,3.685502876
6317,g__GCA-2746565,2.417071134
6318,g__GCA-2746605,2.521175026
6319,g__GCA-2746795,3.427537021
6320,g__GCA-2746885,2.130571954
6321,g__GCA-2747035,3.51280023
6322,g__GCA-2747255,2.757735213
6323,g__GCA-2747325,2.799368072
6324,g__GCA-2747355,2.17617808
6325,g__GCA-2747515,1.551698464
6326,g__GCA-2747695,2.344070073
6327,g__GCA-2747955,1.835904904
6328,g__GCA-2748055,2.488908754
6329,g__GCA-2748265,3.379879455
6330,g__GCA-2748355,2.513110221
6331,g__GCA-2748425,2.646450502
6332,g__GCA-2748505,2.47640041
6333,g__GCA-2748575,3.705058368
6334,g__GCA-2748835,2.423599742
6335,g__GCA-2749205,2.516057051
6336,g__GCA-2753255,3.85023102
6337,g__GCA-2753275,2.794332337
6338,g__GCA-2753565,3.068029903
6339,g__GCA-2753745,2.33794238
6340,g__GCA-2770975,4.032377234
6341,g__GCA-2774365,1.886596474
6342,g__GCA-2785325,1.7475918
6343,g__GCA-2786165,2.443587201
6344,g__GCA-2786225,3.267099112
6345,g__GCA-2792135,1.4028694
6346,g__GCA-2794515,2.941042268
6347,g__GCA-2794595,3.070756746
6348,g__GCA-2861585,2.421400088
6349,g__GCA-2861595,2.019575411
6350,g__GCA-2862085,3.272681227
6351,g__GCA-2862225,3.517638938
6352,g__GCA-2862545,3.988743115
6353,g__GCA-2862585,2.229913233
6354,g__GCA-2862715,1.577603118
6355,g__GCA-2863045,2.742678805
6356,g__GCA-2863065,3.615346223
6357,g__GCA-2863085,2.000623342
6358,g__GCA-918320885,2.392320165
6359,g__GCA-958296115,2.195336189
6360,g__GCA-965745,2.733268867
6361,g__GCA001735715,2.111928573
6362,g__GCF-000287335,2.228095145
6363,g__GCF-000287355,1.802321966
6364,g__GCF-000787395,2.666406321
6365,g__GCF-001939115,4.443711252
6366,g__GCF-002002485,3.018116129
6367,g__GCF-002020805,2.960485876
6368,g__GCF-002259525,2.232424733
6369,g__GCF-002776555,1.597273114
6370,g__GCF-1484045,2.263187598
6371,g__GCF-900161835,2.253673891
6372,g__GFB01,2.654517361
6373,g__GH22,3.192126933
6374,g__GJ-E10,2.290390041
6375,g__GLO-12,3.583468719
6376,g__GLO-3,2.817293591
6377,g__GLR112,1.833980594
6378,g__GLR113,2.458558293
6379,g__GLR69,3.340755876
6380,g__GLR71,1.845655142
6381,g__GM202ARS2,2.080549267
6382,g__GM7ARS4,1.819892556
6383,g__GM7GCV1,2.395275477
6384,g__GMQP-bins7,2.277956338
6385,g__GN02-872,1.955726927
6386,g__GN02-873,2.741572875
6387,g__GPF-1,3.751246915
6388,g__GPS1B09,2.384101772
6389,g__GRL18,3.3439845
6390,g__GSA-30,3.568900756
6391,g__GSB9,2.670684326
6392,g__GSPS2-BC2016,2.113782789
6393,g__GUT77,2.223924465
6394,g__GW-Firmicutes-8,2.440323664
6395,g__GW-Nitrospira-1,2.338019194
6396,g__GW2011-AR1,1.881057661
6397,g__GW2011-AR10,1.986219719
6398,g__GW2011-AR11,1.921295723
6399,g__GW2011-AR13,1.988910958
6400,g__GW2011-AR15,2.148248022
6401,g__GW2011-AR17,1.840857877
6402,g__GW2011-AR18,2.070246095
6403,g__GW2011-AR20,1.762615832
6404,g__GW2011-AR5,1.879046278
6405,g__GW2011-AR9,1.759100589
6406,g__GW928-bin9,2.781999222
6407,g__GWA1-39-11,1.406505572
6408,g__GWA1-40-21,1.74989188
6409,g__GWA1-42-19,1.209016873
6410,g__GWA1-42-9,1.511226492
6411,g__GWA1-44-24,1.531033637
6412,g__GWA1-44-25,1.701150273
6413,g__GWA1-44-29,1.471971226
6414,g__GWA1-48-11,1.253365026
6415,g__GWA1-52-35,3.227375571
6416,g__GWA1-54-10,1.860908334
6417,g__GWA1-54-12,1.552132792
6418,g__GWA2-31-9,2.935837522
6419,g__GWA2-32-17,2.79169977
6420,g__GWA2-33-14,1.727048919
6421,g__GWA2-35-9,1.374472385
6422,g__GWA2-36-10,1.555259941
6423,g__GWA2-37-10,1.775416716
6424,g__GWA2-37-8,1.946474665
6425,g__GWA2-38-11,1.946654127
6426,g__GWA2-38-13,1.431513655
6427,g__GWA2-38-13b,1.731112677
6428,g__GWA2-38-27,1.576348
6429,g__GWA2-41-24,1.126045599
6430,g__GWA2-42-14,2.012570546
6431,g__GWA2-42-15,1.509418082
6432,g__GWA2-43-13,1.535118608
6433,g__GWA2-43-14,1.550900225
6434,g__GWA2-44-10,1.265216828
6435,g__GWA2-44-7,1.388775664
6436,g__GWA2-44-9,1.680718538
6437,g__GWA2-45-9,1.602294034
6438,g__GWA2-46-10,1.830701981
6439,g__GWA2-46-15,1.540515257
6440,g__GWA2-46-9,1.696749095
6441,g__GWA2-47-10,1.752335002
6442,g__GWA2-47-10b,1.443236368
6443,g__GWA2-47-26,1.259160218
6444,g__GWA2-47-8,2.583170992
6445,g__GWA2-49-15,3.892382527
6446,g__GWA2-52-8,2.042955158
6447,g__GWA2-54-12,2.279101828
6448,g__GWA2-56-11,1.631835328
6449,g__GWA2-58-10,2.286605185
6450,g__GWA2-66-18,2.570218754
6451,g__GWA2-73-35,2.657412493
6452,g__GWB1-36-13,3.114769952
6453,g__GWB1-36-5,1.638130248
6454,g__GWB1-37-8,1.280771594
6455,g__GWB1-38-13,1.236532624
6456,g__GWB1-39-10,1.454961273
6457,g__GWB1-39-12,2.028459464
6458,g__GWB1-40-14,1.560601754
6459,g__GWB1-41-6,1.626256588
6460,g__GWB1-42-6,1.339443871
6461,g__GWB1-45-5,1.698261993
6462,g__GWB1-45-9,1.629319872
6463,g__GWB1-50-10,1.684778759
6464,g__GWB1-54-5,1.931610281
6465,g__GWB1-55-8,3.398344104
6466,g__GWB2-37-7,3.362741629
6467,g__GWB2-47-37,2.423263739
6468,g__GWB2-55-19,2.213725176
6469,g__GWC1-27-15,2.842578959
6470,g__GWC1-37-10,1.608567934
6471,g__GWC1-37-12b,1.553863696
6472,g__GWC1-40-35,1.352251571
6473,g__GWC1-40-9,1.096625121
6474,g__GWC1-42-9,1.126877945
6475,g__GWC1-47-15,1.4958279
6476,g__GWC1-49-16,1.447541432
6477,g__GWC2-33-13,1.683336248
6478,g__GWC2-36-17,1.69694618
6479,g__GWC2-37-13,1.408426942
6480,g__GWC2-37-14,1.567737106
6481,g__GWC2-37-8,2.0646164
6482,g__GWC2-39-10,1.78494352
6483,g__GWC2-39-14,2.004615357
6484,g__GWC2-40-17,1.588974736
6485,g__GWC2-42-11,2.012097622
6486,g__GWC2-42-12,1.638344905
6487,g__GWC2-42-7,2.397365935
6488,g__GWC2-42-7-A,2.422479647
6489,g__GWC2-45-19,1.146132185
6490,g__GWC2-45-44,2.063676042
6491,g__GWC2-56-14,2.963763934
6492,g__GWC2-57-13,2.845517045
6493,g__GWC2-65-14,2.046266494
6494,g__GWC2-70-10,1.910928869
6495,g__GWC2-73-18,2.272392241
6496,g__GWE1-39-12,1.611105175
6497,g__GWE2-29-8,2.169955234
6498,g__GWE2-31-10,3.050058229
6499,g__GWE2-37-16,1.752260337
6500,g__GWE2-39-37,2.083630314
6501,g__GWE2-40-63,2.770675465
6502,g__GWE2-41-16,2.065439291
6503,g__GWE2-42-24,2.918986361
6504,g__GWE2-42-39,3.143298753
6505,g__GWE2-51-13,2.701125177
6506,g__GWF,1.711389864
6507,g__GWF1-31-35,1.077864888
6508,g__GWF1-45-5,1.482226688
6509,g__GWF1-51-8,2.751246991
6510,g__GWF2-30-66,1.756250214
6511,g__GWF2-32-72,1.859540816
6512,g__GWF2-33-10,1.977070671
6513,g__GWF2-33-38,3.029152287
6514,g__GWF2-33-9,2.347184247
6515,g__GWF2-35-18,1.545806945
6516,g__GWF2-35-48,3.020823243
6517,g__GWF2-35-9,2.503000563
6518,g__GWF2-37-15,2.595074025
6519,g__GWF2-37-49,2.328249258
6520,g__GWF2-38-10,1.714769146
6521,g__GWF2-38-335,3.022773745
6522,g__GWF2-38-69,2.727481365
6523,g__GWF2-38-85,2.68678695
6524,g__GWF2-39-127,2.887281466
6525,g__GWF2-39-15,1.863473536
6526,g__GWF2-43-52,1.900064764
6527,g__GWF2-43-63,2.866619784
6528,g__GWF2-44-16,2.98037419
6529,g__GWF2-45-14,2.442517353
6530,g__GWF2-50-10,2.245850787
6531,g__GWF2-50-93,2.62333418
6532,g__GWF2-57-35,2.762585758
6533,g__GYS-P2D,3.250111885
6534,g__Ga0074130,3.207029944
6535,g__Ga0074137,3.772020007
6536,g__Ga0074139,3.318624943
6537,g__Ga0074140,2.303473903
6538,g__Ga0077523,3.50127115
6539,g__Ga0077527,2.938867925
6540,g__Ga0077529,3.891584197
6541,g__Ga0077530,3.69780314
6542,g__Ga0077536,3.306394476
6543,g__Ga0077539,5.571970553
6544,g__Ga0077546,4.126421046
6545,g__Ga0077548,3.061061068
6546,g__Ga0077550,4.963337652
6547,g__Ga0077553,3.618279923
6548,g__Ga0077554,2.50980128
6549,g__Ga0077555,3.474326053
6550,g__Ga0077560,2.62702033
6551,g__Ga6A1,3.501030119
6552,g__Gabonibacter,3.311374989
6553,g__Gaetbulibacter,2.908414024
6554,g__Gaiella,2.520293614
6555,g__Gaiellasilicea,2.477027677
6556,g__Galactobacter,3.301899674
6557,g__Galbibacter,3.509329395
6558,g__Galbibacter_B,3.094905686
6559,g__Galbitalea,3.103715088
6560,g__Gallacutalibacter,2.704380365
6561,g__Gallacutalibacter_A,2.695648674
6562,g__Gallaecimonas,4.850150595
6563,g__Gallalistipes,1.855283091
6564,g__Gallibacter,2.7289226
6565,g__Gallibacterium,3.107564277
6566,g__Gallibacteroides,2.042220317
6567,g__Gallicola,2.790231437
6568,g__Galligastranaerophilus,2.354819741
6569,g__Galligastranaerophilus_A,2.523672915
6570,g__Gallilactobacillus,1.818288656
6571,g__Gallimonas,1.971907488
6572,g__Gallintestinimicrobium,3.212543493
6573,g__Gallionella,3.08646635
6574,g__Gallipaludibacter,2.166440853
6575,g__Galliscardovia,2.704432326
6576,g__Gallispira,3.441242047
6577,g__Gallitreponema,2.330101051
6578,g__Galloscillospira_A,2.24200822
6579,g__Galloscillospira_B,2.626732835
6580,g__Gandjariella,3.588016107
6581,g__Gaoshiqia,2.598234063
6582,g__Garciella,2.431502925
6583,g__Gastranaerophilus,2.970043563
6584,g__Geddesella,2.529556495
6585,g__Gehongia,2.443572828
6586,g__Geitlerinema,3.716816128
6587,g__Gelidibacter,3.465678817
6588,g__Gellertiella,4.294453554
6589,g__Gemella,2.971405231
6590,g__Geminicoccus,3.898959013
6591,g__Geminisphaera,3.130501938
6592,g__Geminocystis,3.183040145
6593,g__Gemmata,4.044512433
6594,g__Gemmatimonas,3.249630795
6595,g__Gemmatirosa,3.761526919
6596,g__Gemmiger,2.930902423
6597,g__Gemmiger_A,3.095637637
6598,g__Gemmobacter,4.074785002
6599,g__Gemmobacter_B,3.422457589
6600,g__Gemmobacter_C,3.330202581
6601,g__Gemmobacter_D,3.641547416
6602,g__Geoalkalibacter,3.104764155
6603,g__Geoalkalibacter_A,3.191032054
6604,g__Geoanaerobacter,3.460616167
6605,g__Geobacillus,3.318698904
6606,g__Geobacter,3.473364616
6607,g__Geocrenenecus,2.208453529
6608,g__Geodermatophilus,3.299397409
6609,g__Geofilum,2.387647135
6610,g__Geoglobus,2.518495144
6611,g__Geohydrothermomicrobium,2.318733439
6612,g__Geomesophilobacter,3.950257858
6613,g__Geomicrobium,3.486951268
6614,g__Geomicrobium_A,4.70331406
6615,g__Geomobilibacter,3.1283619
6616,g__Geomobilimonas,3.018180671
6617,g__Geomonas,3.662868184
6618,g__Geopsychrobacter,3.227294224
6619,g__Georgenia,2.857994714
6620,g__Georgenia_A,2.219746976
6621,g__Georgfuchsia,3.002095037
6622,g__Georhizobium,3.704934913
6623,g__Geosporobacter,4.27828817
6624,g__Geotalea,3.612614366
6625,g__Geothermarchaeum,2.590966715
6626,g__Geothermincola,2.646066731
6627,g__Geothermincola_A,2.125519083
6628,g__Geothermobacter,2.606047965
6629,g__Geothermobacter_A,2.913794699
6630,g__Geothermocultor,2.1381749
6631,g__Geothrix,3.080045799
6632,g__Geotoga,2.272570662
6633,g__Geovibrio,2.988470112
6634,g__Gephyromycinifex,3.195965527
6635,g__Ghiorsea,2.767429409
6636,g__Ghiorseimicrobium,1.929273803
6637,g__Gibbsiella,5.916750369
6638,g__Giesbergeria,3.580887354
6639,g__Gillettellia,1.735195434
6640,g__Gilliamella,3.051122022
6641,g__Gillisia,3.205297848
6642,g__Gilvibacter,3.083875948
6643,g__Gilvimarinus,3.472113623
6644,g__Gimesia,4.157342347
6645,g__Gimibacter,3.785046724
6646,g__Glaciecola,3.906717886
6647,g__Glacieibacterium,3.142171147
6648,g__Glaciihabitans,3.527098538
6649,g__Glaciimonas,4.338792362
6650,g__Glaesserella,3.166354246
6651,g__Gleimia,2.657345111
6652,g__Glo-13,2.974113607
6653,g__Glo-17,2.53558665
6654,g__Globicatella,3.011824124
6655,g__Gloeobacter,3.447977325
6656,g__Gloeocapsa,2.995574287
6657,g__Gloeocapsopsis,3.44897688
6658,g__Gloeomargarita,2.550383542
6659,g__Gloeothece,4.413550819
6660,g__Gloeotrichia,4.549774183
6661,g__Glomeribacter,2.609908262
6662,g__Gluconacetobacter,3.213536728
6663,g__Gluconobacter,3.37759655
6664,g__Gluconobacter_A,3.855944826
6665,g__Gluconobacter_B,3.552226579
6666,g__Gluconobacter_C,3.274655917
6667,g__Glutamicibacter,4.54315026
6668,g__Glycocaulis,2.892199544
6669,g__Glycomyces,3.098496713
6670,g__Goekera,3.109335896
6671,g__Goleter,4.050900453
6672,g__Gomphosphaeria,2.897338723
6673,g__Goodfellowiella,4.683067299
6674,g__Gordonia,3.768381393
6675,g__Gordonia_B,3.498842637
6676,g__Gordonibacter,3.237919339
6677,g__Gorgyraea,1.731025298
6678,g__Gorillibacterium,3.483293511
6679,g__Gottfriedia,5.314611409
6680,g__Gottschalkia,3.022252611
6681,g__Gottschalkia_A,3.12962368
6682,g__Govania,3.538329486
6683,g__Gp1-AA112,3.234931834
6684,g__Gp1-AA122,4.212038865
6685,g__Gp1-AA124,3.667867691
6686,g__Gp1-AA133,3.679208814
6687,g__Gp1-AA142,3.088013037
6688,g__Gp1-AA145,3.3772757
6689,g__Gp13-AA74,3.179449395
6690,g__Gp13-AA77,3.360283937
6691,g__Gp18-AA60,3.900194838
6692,g__Gp22-AA3,2.509916087
6693,g__Gp6-AA38,3.2766183
6694,g__Gp6-AA40,2.942063597
6695,g__Gp6-AA45,3.485273875
6696,g__Gp7-AA10,3.161011396
6697,g__Gp7-AA6,2.778516005
6698,g__Gracilibacillus,3.948519438
6699,g__Gracilibacter,2.971748434
6700,g__Gracilimonas,3.200484465
6701,g__Gracilinema,2.642072889
6702,g__Gramella,3.267960726
6703,g__Granulibacter,3.011442345
6704,g__Granulicatella,3.076109933
6705,g__Granulicella,2.549110482
6706,g__Granulicella_B,3.270427953
6707,g__Granulicella_C,2.974401163
6708,g__Granulicella_D,3.590864272
6709,g__Granulicoccus,3.263953731
6710,g__Granulimonas,2.305645405
6711,g__Granulosicoccus,3.800482264
6712,g__Gromoviella,2.447405076
6713,g__Gryllotalpicola,2.819832755
6714,g__Guanabacterium,1.96163084
6715,g__Gudongella,2.777909095
6716,g__Gugararchaeum,2.253628612
6717,g__Gulbenkiania,3.754560894
6718,g__Gullanella,1.847594261
6719,g__Gulosibacter,3.230367337
6720,g__Guopingia,2.791579131
6721,g__Guyparkeria,2.559294661
6722,g__Gygaella,1.835421279
6723,g__Gymnodinialimonas,3.637057716
6724,g__Gynuella,4.563140918
6725,g__Gynurincola,3.821378996
6726,g__H1,1.939621798
6727,g__H1-PLA3,2.714005997
6728,g__H2-BAC3,3.020510238
6729,g__H3-PLA7,2.932592031
6730,g__H5-PLA8,3.679351726
6731,g__H5-SPI1,3.294899476
6732,g__H5-UNCL2,3.345233545
6733,g__HA3dbin3,2.90617446
6734,g__HB2-32-21,2.787002279
6735,g__HCHbin5,3.204558064
6736,g__HCM1,2.089731687
6737,g__HDB-SIOI813,2.28615746
6738,g__HDS-20,2.860846141
6739,g__HDS-28,2.644044631
6740,g__HEL-GB-A,2.923483025
6741,g__HEL-GB-B,2.828550785
6742,g__HGM04593,2.713914884
6743,g__HGM05190,2.340076169
6744,g__HGM05232,2.713132599
6745,g__HGM05376,2.660840732
6746,g__HGM05398,2.510386294
6747,g__HGM08974,1.759271049
6748,g__HGM10611,2.412451048
6749,g__HGM10766,2.004025413
6750,g__HGM10818,1.779807342
6751,g__HGM10836,2.121411661
6752,g__HGM10857,2.141110109
6753,g__HGM10890,2.562633265
6754,g__HGM11327,1.963887193
6755,g__HGM11367,2.465646427
6756,g__HGM11368,2.558054632
6757,g__HGM11372,2.914671573
6758,g__HGM11377,2.357017772
6759,g__HGM11386,2.042088974
6760,g__HGM11412,2.394837543
6761,g__HGM11416,2.432173993
6762,g__HGM11417,2.405422375
6763,g__HGM11501,2.602387462
6764,g__HGM11507,2.929568412
6765,g__HGM11514,1.767685609
6766,g__HGM11521,2.457570472
6767,g__HGM11525,2.708864632
6768,g__HGM11530,2.923750738
6769,g__HGM11604,2.492404203
6770,g__HGM11616,3.297834245
6771,g__HGM11788,3.083654661
6772,g__HGM11808,3.135407839
6773,g__HGM12587,4.176544743
6774,g__HGM12619,2.209809043
6775,g__HGM12650,2.802853475
6776,g__HGM12657,2.651618182
6777,g__HGM12669,2.574865201
6778,g__HGM12713,2.822402396
6779,g__HGM12789,2.404697484
6780,g__HGM12814,2.449539189
6781,g__HGM12957,2.370541229
6782,g__HGM12998,3.110594671
6783,g__HGM13006,3.534049724
6784,g__HGM13010,3.566877187
6785,g__HGM13222,2.636155727
6786,g__HGM13233,2.336612245
6787,g__HGM13618,2.128949354
6788,g__HGM13634,1.651689654
6789,g__HGM13862,2.461784509
6790,g__HGM14224,2.689345193
6791,g__HGM16780,2.508773805
6792,g__HGM20899,3.38419108
6793,g__HGW-1,3.434433681
6794,g__HGW-15,4.060750381
6795,g__HGW-17,3.41394743
6796,g__HGW-BRC1-1,2.481825641
6797,g__HIGHO2-12-38-15,2.164112067
6798,g__HIMB100,2.337514636
6799,g__HIMB11,4.086973661
6800,g__HIMB114,1.798892902
6801,g__HIMB30,2.663790257
6802,g__HIMB59,1.853636319
6803,g__HK-STAS-PATE-10,3.228304973
6804,g__HK-STAS-PATE-2,2.477360889
6805,g__HK-STAS-PATE-3,1.743237079
6806,g__HK-STAS-PATE-34,1.736379441
6807,g__HK-STAS-PATE-36,1.847931038
6808,g__HK-STAS-PATE-42,1.996547983
6809,g__HK-STAS-PATE-9,2.654691787
6810,g__HK02M2,2.046630979
6811,g__HK1,3.976132627
6812,g__HKB214,2.502124829
6813,g__HKCCE3408,3.251099097
6814,g__HKST-UBA178,3.265257152
6815,g__HKST-UBA22,1.435810208
6816,g__HKST-UBA223,3.086123246
6817,g__HKST-UBA85,2.915566946
6818,g__HLUCCA01,3.070514938
6819,g__HLUCCA09,2.944073435
6820,g__HMF5848,4.284308154
6821,g__HMF7647,3.7282339
6822,g__HNR,3.202898679
6823,g__HO2-37-13b,1.653274403
6824,g__HO2-39-17,1.527492378
6825,g__HO2-43-120,1.661292644
6826,g__HO2-43-30,1.702832947
6827,g__HO2-45-11b,1.5084711
6828,g__HO2-45-13,1.390954262
6829,g__HO2-45-28,1.582976176
6830,g__HO2-49-34,2.26879535
6831,g__HO2-FULL-38-9,1.356104207
6832,g__HO2-FULL-47-45,1.506717682
6833,g__HOT-345,2.451404843
6834,g__HR10,2.296510609
6835,g__HRBIN01,2.612313779
6836,g__HRBIN02,2.163077407
6837,g__HRBIN11,2.299341244
6838,g__HRBIN12,1.613260258
6839,g__HRBIN15,2.427806382
6840,g__HRBIN16,2.078958269
6841,g__HRBIN21,2.008476672
6842,g__HRBIN23,2.10229209
6843,g__HRBIN24,2.152472505
6844,g__HRBIN29,2.441973555
6845,g__HRBIN30,2.892275783
6846,g__HRBIN32,2.140299581
6847,g__HRBIN33,2.566340536
6848,g__HRBIN34,1.628285605
6849,g__HRBIN35,1.426056172
6850,g__HRBIN36,2.512217981
6851,g__HRBIN37,2.213179693
6852,g__HRBIN39,2.125787699
6853,g__HRBIN40,2.541075311
6854,g__HS-7,2.210224438
6855,g__HS-T3,2.850065217
6856,g__HSG29,2.641920265
6857,g__HT-58-2,4.378617525
6858,g__HT1-32,3.657712948
6859,g__HTCC2150,3.92464494
6860,g__HTCC2207,2.853646473
6861,g__HTCC5015,2.894522112
6862,g__HUN007,3.403697236
6863,g__HXMU1420-13,3.192873111
6864,g__HXMU1420-2,4.148654823
6865,g__HXMU1428-3,2.915626475
6866,g__HY038,3.859440758
6867,g__HY158,2.879549098
6868,g__HY326,4.174674497
6869,g__Hadarchaeum,2.065939895
6870,g__Hadersleviella,4.509646645
6871,g__Haematobacter,3.652408002
6872,g__Haematomicrobium,3.556031659
6873,g__Haematospirillum,2.771582829
6874,g__Haemophilus,3.177733294
6875,g__Haemophilus_A,3.06881641
6876,g__Haemophilus_B,2.394415271
6877,g__Haemophilus_D,3.070651603
6878,g__Haemophilus_E,4.42181072
6879,g__Hafnia,4.687233716
6880,g__Hahella,5.32420609
6881,g__Haiyanarchaeum,1.733974812
6882,g__Hakubella,2.180126197
6883,g__Haladaptatiplasma,2.436497709
6884,g__Haladaptatus,3.886480631
6885,g__Halalkaliarchaeum,2.979655188
6886,g__Halalkalibacillus,3.660753599
6887,g__Halalkalibacillus_A,3.723452632
6888,g__Halalkalibacter,4.904933441
6889,g__Halalkalibacter_A,4.342929491
6890,g__Halalkalibacterium,4.450054066
6891,g__Halalkalibaculum,3.16994643
6892,g__Halalkalicoccus,3.128415096
6893,g__Halalkalirubrum,3.227718088
6894,g__Halanaeroarchaeum,2.60573496
6895,g__Halanaerobacter,2.587756686
6896,g__Halanaerobium,2.585122299
6897,g__Halapricum,2.701194071
6898,g__Halarchaeoplasma,2.260747558
6899,g__Halarchaeum,2.577496563
6900,g__Halarcobacter,3.275078964
6901,g__Halarsenatibacter,2.609142456
6902,g__Halegenticoccus,3.301716959
6903,g__Haliangium,4.686701932
6904,g__Haliea,3.382922359
6905,g__Halioglobus,3.588603213
6906,g__Halioglobus_A,3.739623713
6907,g__Haliovirga,1.982150806
6908,g__Haliscomenobacter,4.564938789
6909,g__Hallerella,2.945933916
6910,g__Haloactinopolyspora,3.210331784
6911,g__Haloactinospora,3.720795531
6912,g__Haloarchaeobius,3.388850697
6913,g__Haloarcula,3.298658149
6914,g__Halobacillus,4.996941358
6915,g__Halobacillus_A,4.767968365
6916,g__Halobacteriovorax,3.401381984
6917,g__Halobacteriovorax_A,3.559232199
6918,g__Halobacterium,2.824193946
6919,g__Halobacteroides,2.218213562
6920,g__Halobaculum,2.944400066
6921,g__Halobellus,3.013575416
6922,g__Halobiforma,3.407029307
6923,g__Halobium,3.217764108
6924,g__Halocalculus,2.705466763
6925,g__Halocatena,3.318260238
6926,g__Halococcoides,2.13905802
6927,g__Halococcus,2.800097192
6928,g__Halocynthiibacter,4.515492368
6929,g__Halocyntiibacter_A,4.739048877
6930,g__Halodesulfovibrio,3.606154602
6931,g__Halodesulfurarchaeum,2.399878814
6932,g__Haloechinothrix,3.56400449
6933,g__Haloferax,3.548805853
6934,g__Haloferula,3.452966252
6935,g__Halofilum,2.686760766
6936,g__Halogeometricum,3.390144018
6937,g__Haloglomus,3.154182507
6938,g__Haloglycomyces,3.254007685
6939,g__Halogranum,3.484412827
6940,g__Halohasta,2.850311505
6941,g__Haloimpatiens,3.402189806
6942,g__Halolactibacillus,3.599327744
6943,g__Halolacustris,2.124126843
6944,g__Halolamina,2.957468805
6945,g__Halomarina,3.072559147
6946,g__Halomarinibacterium,2.94629803
6947,g__Halomicrobium,3.044581255
6948,g__Halomicronema,4.289089203
6949,g__Halomicronema_B,3.761405214
6950,g__Halomonas,3.63228553
6951,g__Halonatronomonas,2.469708589
6952,g__Halonatronum,2.755521494
6953,g__Halonotius,2.714125776
6954,g__Haloparvum,2.947122157
6955,g__Halopelagius,3.286702878
6956,g__Halopenitus,2.875612641
6957,g__Halopiger,3.395020136
6958,g__Halopiger_A,3.184839396
6959,g__Halopiger_B,3.17340536
6960,g__Haloplanus,2.985249906
6961,g__Haloplasma,3.396446666
6962,g__Halopolyspora,3.280253516
6963,g__Haloprofundus,3.094280842
6964,g__Halopseudomonas,3.862353571
6965,g__Haloquadratum,3.155961672
6966,g__Halorhabdus,2.657071197
6967,g__Halorhodospira,2.280561965
6968,g__Halorientalis,3.224880361
6969,g__Halorubellus,3.150680518
6970,g__Halorubrum,2.869172043
6971,g__Halorussus,3.276942055
6972,g__Halorutilus,2.444797304
6973,g__Halosaccharopolyspora,3.604743002
6974,g__Halosegnis,2.822299672
6975,g__Halosimplex,3.118131727
6976,g__Halosolutus,3.456444336
6977,g__Halospina,3.078422054
6978,g__Halostagnicola,3.174201152
6979,g__Halostella,3.081255979
6980,g__Halotalea,4.077352572
6981,g__Haloterrigena,3.5481133
6982,g__Halothece,2.942426102
6983,g__Halothermothrix,2.282292999
6984,g__Halothiobacillus,2.831734188
6985,g__Halotia,4.382407706
6986,g__Halovenus,2.756321035
6987,g__Halovivax,2.943003398
6988,g__Halovulum,3.398077377
6989,g__Halpernia,2.891742115
6990,g__Hamadaea,4.462132588
6991,g__Hamiltonella,2.40156446
6992,g__Hanamia,2.685717019
6993,g__Hankyongella,3.611237609
6994,g__Hansschlegelia,3.255619594
6995,g__Hanstruepera,3.006077065
6996,g__Haoranjiania,2.403140821
6997,g__Haploplasma,2.147983239
6998,g__Harpocratesius,3.187151538
6999,g__Harryflintia,2.629860429
7000,g__Harrysmithimonas,3.115796478
7001,g__Hartigia,1.870346835
7002,g__Hartmannibacter,4.005311386
7003,g__Hasllibacter,2.455791175
7004,g__Hassallia,4.039869961
7005,g__Hatepunaea,3.384417605
7006,g__Hathewaya,3.149708828
7007,g__Hazenella,3.801203077
7008,g__HdN1,3.455745402
7009,g__Hecatella,2.176187351
7010,g__Heimdallarchaeum,2.851954657
7011,g__Hel1-33-131,2.414635646
7012,g__Helcobacillus,2.777769932
7013,g__Helcococcus,1.969821801
7014,g__Helicobacter,2.214977044
7015,g__Helicobacter_A,2.35436839
7016,g__Helicobacter_B,2.576125759
7017,g__Helicobacter_C,2.342333351
7018,g__Helicobacter_D,2.210738763
7019,g__Helicobacter_E,2.246603604
7020,g__Helicobacter_F,2.42156181
7021,g__Helicobacter_G,2.167291487
7022,g__Helicobacter_H,2.200715608
7023,g__Helicobacter_I,2.18412457
7024,g__Helicobacter_J,2.270079991
7025,g__Heliobacterium,3.839369102
7026,g__Heliomarina,4.303276941
7027,g__Heliomicrobium,3.0066426
7028,g__Heliophilum,3.144574908
7029,g__Heliorestis,2.98275028
7030,g__Hellea,2.97831198
7031,g__Hemerobacter,2.506342536
7032,g__Henriciella,3.435234798
7033,g__Hepatobacter,2.328115357
7034,g__Hepatoplasma,2.027243603
7035,g__Herbaspirillum,4.9523276
7036,g__Herbiconiux,3.43585123
7037,g__Herbidospora,4.76254676
7038,g__Herbihabitans,4.325493185
7039,g__Herbivorax,2.343713991
7040,g__Heritagella,3.256135723
7041,g__Herminiimonas,3.773568086
7042,g__Hermodarchaeum,2.743136776
7043,g__Herpetosiphon,4.296001471
7044,g__Hespellia,4.14616862
7045,g__Hesperobacter,2.78183379
7046,g__Heteroclostridium,2.624830163
7047,g__Heteroruminococcus,3.068297248
7048,g__Heteroscilispira,3.112781265
7049,g__Heyndrickxia,5.190125128
7050,g__Hinthialibacter,2.522081673
7051,g__Hippea,1.979425762
7052,g__Hirschia,3.906748269
7053,g__Histophilus,2.858722337
7054,g__Hoaglandella,1.942677714
7055,g__Hodarchaeum,3.199225451
7056,g__Hoeflea,4.147876255
7057,g__Hoeflea_A,4.613873463
7058,g__Holdemanella,3.504227816
7059,g__Holdemania,3.614155813
7060,g__Holophaga,3.392316858
7061,g__Holospora,2.106784766
7062,g__Holtiella,4.263921534
7063,g__Holzapfeliella,2.553210241
7064,g__Hominenteromicrobium,2.949750024
7065,g__Hominibacterium,4.026895773
7066,g__Hominicoprocola,3.113287761
7067,g__Hominifimenecus,4.281003583
7068,g__Hominilimicola,2.858628725
7069,g__Hominimerdicola,3.571028116
7070,g__Hominisplanchenecus,3.14444884
7071,g__Hominisplanchenecus_A,3.387991812
7072,g__Hominiventricola,3.453114211
7073,g__Homoserinibacter,2.687928655
7074,g__Homoserinimonas,2.906533975
7075,g__Hongsoonwoonella,3.630894141
7076,g__Hopanoidiivorans,2.597669641
7077,g__Hormoscilla,4.874983616
7078,g__Hornefia,3.03929323
7079,g__Horticoccus,2.193721469
7080,g__Howiella,2.128004506
7081,g__Hoyosella,4.089015567
7082,g__Huberarchaeum,1.752014456
7083,g__Hugenholtzia,3.381956528
7084,g__Hugonella,2.767493227
7085,g__Huintestinicola,3.464130834
7086,g__Humibacillus,3.445224383
7087,g__Humibacter,3.020343039
7088,g__Humidesulfovibrio,2.826568686
7089,g__Humihabitans,3.574370056
7090,g__Humimicrobium,1.813085647
7091,g__Humimonas,2.456321318
7092,g__Humisphaera,3.494646336
7093,g__Humitalea,3.796192052
7094,g__Hungateiclostridium,2.514043174
7095,g__Hungatella,5.04579588
7096,g__Hungatella_A,5.833682992
7097,g__Hungatella_B,3.485953668
7098,g__Hutsoniella,3.699485852
7099,g__Hwanghaeella,4.100116162
7100,g__HyVt-105,2.022533633
7101,g__HyVt-16,2.09448405
7102,g__HyVt-206,1.928819391
7103,g__HyVt-337,2.474345166
7104,g__HyVt-429,2.587765385
7105,g__HyVt-443,2.924576688
7106,g__HyVt-448,2.774488175
7107,g__HyVt-477,2.800003814
7108,g__HyVt-539,2.757545867
7109,g__HyVt-560,2.590041046
7110,g__HyVt-613,2.810264634
7111,g__Hyalangium,5.605797133
7112,g__Hydrocarboniclastica,3.483735631
7113,g__Hydrocarboniphaga,3.581526894
7114,g__Hydrococcus,3.681302838
7115,g__Hydrogenedens,1.877357397
7116,g__Hydrogenibacillus,2.340667195
7117,g__Hydrogeniiclostridium,2.767202685
7118,g__Hydrogenimonas,2.677764813
7119,g__Hydrogenispora,3.811766823
7120,g__Hydrogenisulfobacillus,2.144860748
7121,g__Hydrogenivirga,2.139656503
7122,g__Hydrogenoanaerobacterium,3.244785705
7123,g__Hydrogenobacter,1.995546633
7124,g__Hydrogenobaculum,2.22678839
7125,g__Hydrogenophaga,3.59135995
7126,g__Hydrogenophilus,2.208327267
7127,g__Hydrogenosomobacter,2.445245054
7128,g__Hydrogenothermus,2.183868302
7129,g__Hydrogenovibrio,3.312041873
7130,g__Hydromicrobium,1.854868276
7131,g__Hydromonas,2.889820181
7132,g__Hydrotalea,2.316291491
7133,g__Hydrothermarchaeum,2.467713103
7134,g__Hydrothermus,2.16420904
7135,g__Hyella,3.769083911
7136,g__Hylemonella,3.18521662
7137,g__Hymenobacter,3.946337492
7138,g__Hypericibacter,3.76491361
7139,g__Hyperthermus,2.416365713
7140,g__Hyphobacterium,2.908748051
7141,g__Hyphococcus,3.139052283
7142,g__Hyphomicrobium_A,3.217717252
7143,g__Hyphomicrobium_B,3.394049954
7144,g__Hyphomicrobium_C,3.280417028
7145,g__Hyphomonas,3.403658775
7146,g__Hypnocyclicus,1.998147306
7147,g__IB182353,3.535661223
7148,g__ID1734,3.970080892
7149,g__IDS-52,3.029942039
7150,g__IDS-8,3.295076716
7151,g__IGN16,3.288333645
7152,g__IGN2,2.484917215
7153,g__IGN3,2.743855029
7154,g__IH12,3.006500757
7155,g__IH3,3.377555088
7156,g__IMC4,1.968156751
7157,g__IMCC2047,3.108823911
7158,g__IMCC26077,2.749520304
7159,g__IMCC26134_A,2.200538742
7160,g__IMCC26207,2.837335212
7161,g__IMCC26256,2.425531806
7162,g__IMCC34051,3.130005711
7163,g__IMCC9063,1.846522014
7164,g__IOR16,3.721394409
7165,g__ISDg,3.013296399
7166,g__Iainarchaeum,1.898452831
7167,g__Iamia,2.789288886
7168,g__Ichthyenterobacterium,2.757106994
7169,g__Ichthyobacterium,2.134777052
7170,g__Ichthyocystis,3.121492558
7171,g__Ideonella,3.885696727
7172,g__Ideonella_A,3.793162383
7173,g__Idiomarina,3.515228175
7174,g__Ignatzschineria,3.652936035
7175,g__Ignavibacterium,2.377145282
7176,g__Ignavigranum,3.367770039
7177,g__Igneacidithiobacillus,2.423085939
7178,g__Ignicoccus,2.31195121
7179,g__Ignisphaera,2.046897672
7180,g__Ileibacterium,3.088709785
7181,g__Ilumatobacter,3.207509678
7182,g__Ilumatobacter_A,3.127018356
7183,g__Ilyobacter,3.568067762
7184,g__Ilyobacter_A,3.360777409
7185,g__Ilyomonas,3.03100366
7186,g__Imhoffiella,3.459889228
7187,g__Immundisolibacter,2.538316225
7188,g__Imperialibacter,4.858389173
7189,g__Imtechella,2.967427621
7190,g__Inconstantimicrobium,3.400949213
7191,g__Indibacter,3.796366728
7192,g__Indicimonas,2.434466906
7193,g__Indiicoccus,4.546229703
7194,g__Indioceanicola,3.966811789
7195,g__Inediibacterium,3.169559077
7196,g__Infirmifilum,2.316686147
7197,g__Inhella,3.593292565
7198,g__Iningainema,5.371158373
7199,g__Inmirania,1.885532435
7200,g__Inordinaticella,2.922682219
7201,g__Inquilinus,4.800429697
7202,g__Insolitispirillum,4.451236731
7203,g__Instestinimonas_A,3.102077653
7204,g__Insulibacter,3.212316473
7205,g__Intestinibacillus,3.41901755
7206,g__Intestinibacter,2.952697295
7207,g__Intestinibaculum,4.052933921
7208,g__Intestinimonas,2.879058731
7209,g__Intestinirhabdus,5.586917703
7210,g__Intrasporangium,3.140150649
7211,g__Intrasporangium_A,3.435287278
7212,g__Io17-Chloro-G2,2.525173253
7213,g__Iocasia,2.902541018
7214,g__Iodidimonas,3.080854832
7215,g__Iodobacter,4.44423185
7216,g__Irregularibacter,3.206116526
7217,g__Isachenkonia,3.222446731
7218,g__Ishikawaella,1.878287949
7219,g__Isoalcanivorax,3.359955618
7220,g__Isobaculum,4.117896675
7221,g__Isoptericola,2.791295549
7222,g__Isosphaera,2.761845263
7223,g__Izemoplasma,2.457219518
7224,g__Izemoplasma_C,2.690515922
7225,g__Izhakiella,4.071581254
7226,g__J002,3.31780243
7227,g__J004,3.070006355
7228,g__J005,2.181865074
7229,g__J006,2.464443039
7230,g__J010,2.319424208
7231,g__J013,2.738933206
7232,g__J014,2.422381071
7233,g__J016,3.472789726
7234,g__J017,3.434721316
7235,g__J020,2.64058237
7236,g__J021,2.79029698
7237,g__J022,2.73141518
7238,g__J023,3.270384126
7239,g__J025,3.026005555
7240,g__J027,2.556479925
7241,g__J028,2.489176599
7242,g__J029,2.163950574
7243,g__J031,2.855607089
7244,g__J032,3.177366182
7245,g__J033,3.24887563
7246,g__J038,2.717957352
7247,g__J040,2.313633763
7248,g__J042,2.474521333
7249,g__J044,2.735373199
7250,g__J045,2.125845552
7251,g__J046,2.560022037
7252,g__J048,2.335373292
7253,g__J050,3.180182563
7254,g__J051,2.173002104
7255,g__J052,2.76495524
7256,g__J054,2.762966028
7257,g__J057,3.635467263
7258,g__J058,3.560945193
7259,g__J060,2.108320445
7260,g__J061,2.137587467
7261,g__J063,3.459590162
7262,g__J065,2.37693892
7263,g__J072,1.932302693
7264,g__J075,2.886848779
7265,g__J07HR59,3.04757526
7266,g__J084,2.399082576
7267,g__J085,3.365521519
7268,g__J088,2.626760624
7269,g__J089,2.481237519
7270,g__J090,2.516682465
7271,g__J091,1.753011747
7272,g__J093,2.686371296
7273,g__J094,2.357269392
7274,g__J095,3.905254436
7275,g__J096,2.0453367
7276,g__J097,2.429676975
7277,g__J101,2.167251974
7278,g__J102,2.650734619
7279,g__J103,2.056453723
7280,g__J104,1.985478546
7281,g__J108,1.820276718
7282,g__J110,1.924714868
7283,g__J111,2.99096197
7284,g__J113,2.301519504
7285,g__J119,1.720407271
7286,g__J124,2.250670535
7287,g__J125,3.019117427
7288,g__J130,2.263591979
7289,g__J132,2.392016157
7290,g__J134,2.091219714
7291,g__J135,1.937226739
7292,g__J137,2.013808936
7293,g__J144,1.729889419
7294,g__J152,1.732466903
7295,g__J153,2.2544403
7296,g__J223,3.261432777
7297,g__J25,2.247108464
7298,g__J31TS4,5.540970564
7299,g__JAAAOG01,2.761546395
7300,g__JAAAOH01,2.914773905
7301,g__JAAAOJ01,2.334970839
7302,g__JAAAOL01,2.870431381
7303,g__JAAAOM01,2.366447156
7304,g__JAAAOZ01,2.376557658
7305,g__JAAAPF01,3.067531037
7306,g__JAAAPH01,2.762313278
7307,g__JAABPS01,2.638874401
7308,g__JAABPW01,1.979005082
7309,g__JAABQG01,3.232014818
7310,g__JAABQT01,2.640046283
7311,g__JAABRB01,3.243168881
7312,g__JAABRC01,3.078005014
7313,g__JAABRD01,3.901172509
7314,g__JAABRE01,3.739561378
7315,g__JAABRJ01,2.868148968
7316,g__JAABRT01,3.225235801
7317,g__JAABRU01,4.456869378
7318,g__JAABSP01,3.184223888
7319,g__JAABSQ01,3.216075879
7320,g__JAABSR01,2.199741236
7321,g__JAABSX01,3.358709641
7322,g__JAABTD01,3.573076838
7323,g__JAABTE01,2.584148066
7324,g__JAABTG01,3.357434272
7325,g__JAABTH01,2.525809272
7326,g__JAABTL01,2.398089314
7327,g__JAABTR01,3.469624918
7328,g__JAABTS01,3.958272645
7329,g__JAABTT01,2.973742412
7330,g__JAABUE01,3.056590498
7331,g__JAABVY01,2.681492786
7332,g__JAABYK01,4.067605374
7333,g__JAABYT01,3.256541207
7334,g__JAACDH01,4.323144264
7335,g__JAACDM01,4.13388546
7336,g__JAACEG01,1.0962093
7337,g__JAACEH01,2.170005861
7338,g__JAACEL01,2.725357431
7339,g__JAACET01,2.553602737
7340,g__JAACEU01,1.84726898
7341,g__JAACFB01,3.044073702
7342,g__JAACFD01,2.734658672
7343,g__JAACFE01,2.888514515
7344,g__JAACFF01,3.836745927
7345,g__JAACJU01,2.17075491
7346,g__JAACJV01,2.67262521
7347,g__JAACPI01,1.567517141
7348,g__JAACPJ01,2.424984953
7349,g__JAACPR01,1.923412367
7350,g__JAACSU01,2.317583811
7351,g__JAACUH01,2.960855925
7352,g__JAACVK01,3.006191987
7353,g__JAADCO01,2.342982358
7354,g__JAADCS01,2.198581072
7355,g__JAADCV01,2.241648066
7356,g__JAADCY01,2.181344348
7357,g__JAADCZ01,2.316857067
7358,g__JAADDB01,1.942231968
7359,g__JAADDC01,1.788004251
7360,g__JAADDG01,2.14190105
7361,g__JAADDH01,2.216497504
7362,g__JAADDK01,2.338727697
7363,g__JAADDL01,2.148482265
7364,g__JAADDV01,2.013651725
7365,g__JAADDX01,2.508297976
7366,g__JAADDZ01,2.125335438
7367,g__JAADED01,2.150419413
7368,g__JAADEF01,1.594796165
7369,g__JAADEI01,2.279378061
7370,g__JAADEL01,1.817325974
7371,g__JAADEM01,2.347947478
7372,g__JAADEN01,2.01653725
7373,g__JAADEO01,2.323484744
7374,g__JAADEQ01,2.431988645
7375,g__JAADER01,2.440159167
7376,g__JAADEW01,1.97168105
7377,g__JAADEY01,2.106491282
7378,g__JAADFF01,2.495161506
7379,g__JAADFH01,1.981672039
7380,g__JAADFI01,1.717681812
7381,g__JAADFJ01,2.21894483
7382,g__JAADFK01,2.463177006
7383,g__JAADFL01,3.035215945
7384,g__JAADFM01,2.142611726
7385,g__JAADFN01,2.228496698
7386,g__JAADFO01,1.998122766
7387,g__JAADFP01,1.735491834
7388,g__JAADFS01,2.2553484
7389,g__JAADFW01,2.718054992
7390,g__JAADFY01,2.385633436
7391,g__JAADGB01,2.173431946
7392,g__JAADGC01,2.75259195
7393,g__JAADGE01,2.366428442
7394,g__JAADGF01,3.121597364
7395,g__JAADGH01,2.92815754
7396,g__JAADGM01,2.552334279
7397,g__JAADGP01,2.543968563
7398,g__JAADGQ01,2.506371109
7399,g__JAADGR01,2.6720561
7400,g__JAADGX01,2.422310174
7401,g__JAADGY01,1.23508162
7402,g__JAADGZ01,2.628498466
7403,g__JAADHC01,2.354035684
7404,g__JAADHD01,2.992758709
7405,g__JAADHG01,2.692866938
7406,g__JAADHH01,2.234501877
7407,g__JAADHI01,3.005520504
7408,g__JAADHK01,2.706325075
7409,g__JAADHM01,2.048574213
7410,g__JAADHN01,2.011030777
7411,g__JAADHO01,3.607780235
7412,g__JAADHP01,2.343573634
7413,g__JAADHQ01,2.825649324
7414,g__JAADHS01,2.977011
7415,g__JAADHT01,2.187697571
7416,g__JAADHU01,3.212011986
7417,g__JAADHX01,3.239241209
7418,g__JAADHY01,2.97977557
7419,g__JAADHZ01,2.743074904
7420,g__JAADIA01,1.875034592
7421,g__JAADID01,2.624066061
7422,g__JAADIE01,2.454395998
7423,g__JAADIF01,1.950271061
7424,g__JAADII01,2.903072411
7425,g__JAADIM01,2.472150871
7426,g__JAADIO01,2.296334955
7427,g__JAADIR01,3.016957549
7428,g__JAADIV01,2.581020789
7429,g__JAADIZ01,2.535235762
7430,g__JAADJA01,2.783738736
7431,g__JAADJB01,2.69637844
7432,g__JAADJD01,2.584872935
7433,g__JAAEEP01,2.527559189
7434,g__JAAEEW01,2.960200406
7435,g__JAAEKA01,2.918737907
7436,g__JAAELL01,4.458969606
7437,g__JAAELO01,4.631031705
7438,g__JAAELP01,3.346048104
7439,g__JAAELQ01,3.62372289
7440,g__JAAELR01,3.654661134
7441,g__JAAELT01,5.171588194
7442,g__JAAELY01,3.909778334
7443,g__JAAELZ01,2.986763266
7444,g__JAAEMC01,3.474748403
7445,g__JAAEMD01,2.483300872
7446,g__JAAEMP01,3.455990103
7447,g__JAAEMS01,3.798175603
7448,g__JAAENB01,6.071823286
7449,g__JAAEOK01,3.478554712
7450,g__JAAEPA01,3.8140988
7451,g__JAAEPD01,4.794984155
7452,g__JAAEPF01,3.078902809
7453,g__JAAEPI01,3.704413304
7454,g__JAAEPJ01,1.864212903
7455,g__JAAEPT01,2.712265962
7456,g__JAAEPW01,5.999398921
7457,g__JAAEPZ01,3.990563865
7458,g__JAAEQC01,2.490911202
7459,g__JAAEQD01,3.409530766
7460,g__JAAEQF01,3.544799342
7461,g__JAAEQG01,3.332800922
7462,g__JAAEQP01,3.587692898
7463,g__JAAEQR01,2.627325953
7464,g__JAAEQW01,2.224711366
7465,g__JAAERC01,2.643127783
7466,g__JAAERE01,2.339948677
7467,g__JAAESI01,4.742884812
7468,g__JAAESQ01,5.137826237
7469,g__JAAEST01,3.236533955
7470,g__JAAESX01,4.625557673
7471,g__JAAETH01,3.837338178
7472,g__JAAETI01,3.136893014
7473,g__JAAEUB01,2.969450938
7474,g__JAAEUE01,4.280334164
7475,g__JAAEYY01,3.200036591
7476,g__JAAEZH01,3.624612716
7477,g__JAAFAL01,2.885513696
7478,g__JAAFGM01,2.454460173
7479,g__JAAFGT01,2.685823756
7480,g__JAAFHB01,2.411017853
7481,g__JAAFHG01,2.863734372
7482,g__JAAFHI01,3.450844206
7483,g__JAAFHJ01,4.316045726
7484,g__JAAFHK01,3.67397549
7485,g__JAAFHL01,3.488628624
7486,g__JAAFHN01,3.399142087
7487,g__JAAFHS01,2.990417411
7488,g__JAAFHV01,5.010693879
7489,g__JAAFHZ01,3.259727557
7490,g__JAAFIG01,4.077892616
7491,g__JAAFIM01,3.633709133
7492,g__JAAFIN01,3.629862875
7493,g__JAAFIP01,3.741828464
7494,g__JAAFIW01,3.904278778
7495,g__JAAFIY01,3.353534937
7496,g__JAAFJH01,2.242657059
7497,g__JAAFJL01,4.360034828
7498,g__JAAFJM01,2.779070583
7499,g__JAAFJR01,3.223591278
7500,g__JAAFJT01,3.921452014
7501,g__JAAFJU01,3.530634656
7502,g__JAAFJZ01,2.704730949
7503,g__JAAFKA01,3.896982893
7504,g__JAAFKE01,3.46690315
7505,g__JAAGZL01,3.11348468
7506,g__JAAGZN01,2.285662713
7507,g__JAAGZO01,4.176624352
7508,g__JAAHGY01,4.374478424
7509,g__JAAIVF01,3.80027306
7510,g__JAAKFF01,2.046062149
7511,g__JAAKFI01,1.8413027
7512,g__JAAKFJ01,1.693534274
7513,g__JAAKFQ01,2.123058667
7514,g__JAAKFR01,2.698196106
7515,g__JAAKFT01,1.994480459
7516,g__JAAKFX01,1.894755435
7517,g__JAAKGP01,3.668231903
7518,g__JAALKG01,2.629249388
7519,g__JAALKI01,2.847750766
7520,g__JAALKR01,2.51085263
7521,g__JAALKW01,2.364647332
7522,g__JAALLB01,3.434651943
7523,g__JAANAU01,3.089347916
7524,g__JAANWY01,2.787893678
7525,g__JAANWZ01,2.126805712
7526,g__JAANXF01,2.069748109
7527,g__JAANXG01,2.382884568
7528,g__JAANXH01,1.717027946
7529,g__JAANXI01,2.441292264
7530,g__JAAOIF01,2.007932634
7531,g__JAAOIH01,2.140960745
7532,g__JAAOII01,1.890446192
7533,g__JAAOIJ01,2.218203092
7534,g__JAAOIL01,2.074192834
7535,g__JAAOXS01,1.706951502
7536,g__JAAOXT01,2.058740582
7537,g__JAAOXV01,1.703400867
7538,g__JAAOXW01,2.019209683
7539,g__JAAOXX01,1.931743212
7540,g__JAAOXY01,1.626960994
7541,g__JAAOXZ01,1.948108059
7542,g__JAAOYA01,1.775590783
7543,g__JAAOYB01,1.899346778
7544,g__JAAOYC01,1.694973949
7545,g__JAAOYE01,1.888231342
7546,g__JAAOYF01,1.848668328
7547,g__JAAOYK01,1.564420274
7548,g__JAAOZN01,2.288485686
7549,g__JAAOZO01,1.690544751
7550,g__JAAOZP01,1.932706602
7551,g__JAASSS01,1.969394478
7552,g__JAATET01,2.396449834
7553,g__JAATEZ01,2.928021248
7554,g__JAATFL01,2.49693369
7555,g__JAATFO01,4.292245319
7556,g__JAATFR01,3.121983998
7557,g__JAATFS01,2.840383592
7558,g__JAATFY01,2.4037473
7559,g__JAATGA01,3.451107453
7560,g__JAATGB01,3.322191538
7561,g__JAATGD01,4.160865599
7562,g__JAATGI01,2.700663354
7563,g__JAAUOP01,3.948222349
7564,g__JAAUOZ01,4.559285282
7565,g__JAAUPO01,3.239657507
7566,g__JAAUPU01,4.138826551
7567,g__JAAUQA01,3.419989452
7568,g__JAAUQI01,3.646813031
7569,g__JAAUQL01,3.133915564
7570,g__JAAUQO01,4.09796734
7571,g__JAAUQQ01,3.308780429
7572,g__JAAURB01,3.307877493
7573,g__JAAURD01,3.20226457
7574,g__JAAURK01,3.69413449
7575,g__JAAURS01,3.707348411
7576,g__JAAURZ01,3.536150323
7577,g__JAAUSE01,1.791921516
7578,g__JAAUSF01,4.068388894
7579,g__JAAUSG01,4.029697921
7580,g__JAAUSQ01,3.501331771
7581,g__JAAUSV01,4.069078426
7582,g__JAAUSY01,3.881070059
7583,g__JAAUTE01,3.549660984
7584,g__JAAUTF01,4.492142305
7585,g__JAAUTG01,3.472693506
7586,g__JAAUTJ01,4.108054579
7587,g__JAAUTM01,2.745770291
7588,g__JAAUTN01,4.461795081
7589,g__JAAUTS01,2.92129518
7590,g__JAAUTT01,3.830901179
7591,g__JAAUTY01,3.533571874
7592,g__JAAUTZ01,2.505730941
7593,g__JAAUUB01,3.845596074
7594,g__JAAUUD01,3.163857674
7595,g__JAAUUE01,3.488519995
7596,g__JAAUUJ01,3.742415532
7597,g__JAAUUM01,3.550911579
7598,g__JAAUYQ01,2.704676201
7599,g__JAAVFS01,2.076082031
7600,g__JAAVLZ01,2.225136858
7601,g__JAAVYD01,3.293766675
7602,g__JAAVYR01,2.999070182
7603,g__JAAVYW01,2.451593641
7604,g__JAAVZI01,3.06715397
7605,g__JAAWBF01,3.030559179
7606,g__JAAWBX01,2.719948681
7607,g__JAAWCD01,3.426095714
7608,g__JAAWJJ01,3.254919679
7609,g__JAAWPK01,2.095990766
7610,g__JAAWTG01,2.229821417
7611,g__JAAXGF01,2.859373274
7612,g__JAAXGI01,2.67371847
7613,g__JAAXGT01,2.743561622
7614,g__JAAXGV01,2.602502365
7615,g__JAAXGX01,2.752655961
7616,g__JAAXHB01,2.370131777
7617,g__JAAXHE01,3.074103123
7618,g__JAAXHF01,3.543344673
7619,g__JAAXHH01,2.627490497
7620,g__JAAXHV01,3.086291188
7621,g__JAAXHW01,2.538242245
7622,g__JAAXIE01,2.545900974
7623,g__JAAXKN01,3.719390773
7624,g__JAAXPZ01,2.803240703
7625,g__JAAXQB01,2.242109055
7626,g__JAAXQD01,3.02415616
7627,g__JAAXQG01,3.529739743
7628,g__JAAXQM01,2.391783703
7629,g__JAAXTT01,2.251197412
7630,g__JAAXTX01,1.965054791
7631,g__JAAXUA01,2.110172736
7632,g__JAAXUF01,2.342749897
7633,g__JAAXUP01,3.525247504
7634,g__JAAXUU01,2.965288068
7635,g__JAAXVQ01,2.245136512
7636,g__JAAXVU01,2.063030228
7637,g__JAAXVZ01,2.151547562
7638,g__JAAXWC01,2.024198836
7639,g__JAAXWF01,1.664649846
7640,g__JAAXWG01,1.788797612
7641,g__JAAXWV01,1.971899786
7642,g__JAAXWW01,1.530640291
7643,g__JAAXWY01,2.574792222
7644,g__JAAXXJ01,2.937795243
7645,g__JAAXZE01,3.116222004
7646,g__JAAXZI01,2.845123713
7647,g__JAAYAB01,1.925975164
7648,g__JAAYAC01,2.601474858
7649,g__JAAYAE01,2.585508877
7650,g__JAAYAH01,2.467850115
7651,g__JAAYAL01,2.383650401
7652,g__JAAYAM01,3.460686141
7653,g__JAAYAN01,2.894516097
7654,g__JAAYAO01,2.853424716
7655,g__JAAYAR01,2.511368087
7656,g__JAAYAY01,4.256959422
7657,g__JAAYBB01,2.38775908
7658,g__JAAYBF01,2.345970468
7659,g__JAAYBG01,2.023662989
7660,g__JAAYBJ01,2.456200503
7661,g__JAAYBQ01,3.166013873
7662,g__JAAYBR01,1.93343293
7663,g__JAAYBS01,2.406461752
7664,g__JAAYBT01,2.679860139
7665,g__JAAYBW01,2.659222054
7666,g__JAAYBY01,2.069598919
7667,g__JAAYBZ01,3.152252683
7668,g__JAAYCB01,2.838454125
7669,g__JAAYCI01,2.262735036
7670,g__JAAYCJ01,2.150307747
7671,g__JAAYCM01,2.900101354
7672,g__JAAYCO01,2.247181328
7673,g__JAAYCT01,2.341604045
7674,g__JAAYCU01,2.515335847
7675,g__JAAYCX01,2.6827328
7676,g__JAAYDC01,1.565747498
7677,g__JAAYDE01,2.582347435
7678,g__JAAYDF01,2.816391435
7679,g__JAAYDH01,2.119621592
7680,g__JAAYDI01,2.647844384
7681,g__JAAYDK01,2.77177042
7682,g__JAAYDS01,2.1937013
7683,g__JAAYDY01,2.392037466
7684,g__JAAYEA01,3.163192248
7685,g__JAAYEB01,2.593215643
7686,g__JAAYED01,1.947263127
7687,g__JAAYEJ01,1.768434356
7688,g__JAAYEL01,2.18747874
7689,g__JAAYEM01,2.815978885
7690,g__JAAYEV01,2.373266819
7691,g__JAAYFB01,1.84301696
7692,g__JAAYFE01,2.827676543
7693,g__JAAYFG01,2.555770932
7694,g__JAAYFJ01,3.086593359
7695,g__JAAYFL01,2.572408933
7696,g__JAAYFO01,2.301905116
7697,g__JAAYFS01,2.476592017
7698,g__JAAYFT01,2.853806741
7699,g__JAAYFZ01,2.535078035
7700,g__JAAYGB01,2.54090455
7701,g__JAAYGD01,1.707563243
7702,g__JAAYGG01,1.898488115
7703,g__JAAYGJ01,2.197712286
7704,g__JAAYGO01,2.361844735
7705,g__JAAYGP01,2.327486286
7706,g__JAAYGT01,3.335703349
7707,g__JAAYGU01,2.106264263
7708,g__JAAYGY01,2.055768173
7709,g__JAAYHC01,2.3410575
7710,g__JAAYHE01,2.502653965
7711,g__JAAYHF01,2.434137484
7712,g__JAAYHG01,2.312507371
7713,g__JAAYHJ01,2.301019807
7714,g__JAAYHS01,2.734670158
7715,g__JAAYHT01,2.347541271
7716,g__JAAYHV01,2.416992984
7717,g__JAAYHX01,2.620889087
7718,g__JAAYHZ01,2.889094744
7719,g__JAAYIB01,2.772579644
7720,g__JAAYIG01,2.510652953
7721,g__JAAYIH01,2.536748892
7722,g__JAAYIK01,2.948037537
7723,g__JAAYIR01,1.947150943
7724,g__JAAYJG01,2.894558672
7725,g__JAAYJH01,1.761774481
7726,g__JAAYJK01,2.994001435
7727,g__JAAYJM01,2.401304842
7728,g__JAAYJR01,2.186311381
7729,g__JAAYJS01,2.601796499
7730,g__JAAYJT01,2.502626945
7731,g__JAAYJV01,2.276112138
7732,g__JAAYKD01,2.151388022
7733,g__JAAYKF01,2.533810542
7734,g__JAAYKL01,3.776534682
7735,g__JAAYKM01,2.467815898
7736,g__JAAYKS01,2.485012392
7737,g__JAAYKT01,2.411626617
7738,g__JAAYLA01,2.431531686
7739,g__JAAYLC01,2.849176149
7740,g__JAAYLJ01,2.471497123
7741,g__JAAYLN01,1.827831868
7742,g__JAAYLO01,2.108646268
7743,g__JAAYLR01,2.610604591
7744,g__JAAYLU01,2.792951441
7745,g__JAAYMJ01,2.193519318
7746,g__JAAYML01,2.590774604
7747,g__JAAYMS01,2.514190036
7748,g__JAAYMU01,2.603902755
7749,g__JAAYMV01,1.839286513
7750,g__JAAYNB01,2.422614223
7751,g__JAAYNG01,2.748454316
7752,g__JAAYNH01,2.307064493
7753,g__JAAYNI01,2.774197765
7754,g__JAAYNL01,2.316385616
7755,g__JAAYNR01,1.470097567
7756,g__JAAYNV01,3.505895483
7757,g__JAAYNZ01,2.047298803
7758,g__JAAYOA01,2.237998431
7759,g__JAAYOB01,2.286727838
7760,g__JAAYOI01,1.75925376
7761,g__JAAYOP01,2.551084369
7762,g__JAAYOR01,2.594919074
7763,g__JAAYOS01,2.472527577
7764,g__JAAYPC01,2.861227877
7765,g__JAAYPI01,2.232715188
7766,g__JAAYPU01,2.533851806
7767,g__JAAYPV01,1.825500739
7768,g__JAAYPW01,1.760846398
7769,g__JAAYQA01,2.452709076
7770,g__JAAYQE01,2.58482186
7771,g__JAAYQI01,2.953631651
7772,g__JAAYQM01,2.540707215
7773,g__JAAYQN01,2.010755576
7774,g__JAAYQR01,2.501715399
7775,g__JAAYQU01,2.610450804
7776,g__JAAYRB01,2.450350606
7777,g__JAAYRF01,2.21507163
7778,g__JAAYRG01,2.507355864
7779,g__JAAYRO01,2.000440425
7780,g__JAAYRQ01,2.867705974
7781,g__JAAYRS01,2.41618949
7782,g__JAAYSA01,1.982844697
7783,g__JAAYSD01,2.220229659
7784,g__JAAYSF01,3.039841698
7785,g__JAAYSI01,2.3979746
7786,g__JAAYSJ01,2.382629085
7787,g__JAAYSL01,2.306298917
7788,g__JAAYSO01,2.436607032
7789,g__JAAYSV01,2.100291135
7790,g__JAAYSX01,2.565089972
7791,g__JAAYTD01,1.959714434
7792,g__JAAYTG01,2.270380362
7793,g__JAAYTH01,2.252467118
7794,g__JAAYTL01,3.357214213
7795,g__JAAYTV01,2.329873285
7796,g__JAAYTW01,2.375981964
7797,g__JAAYTX01,2.017446298
7798,g__JAAYTY01,2.094715908
7799,g__JAAYUB01,2.659355895
7800,g__JAAYUD01,2.478195392
7801,g__JAAYUG01,1.993749425
7802,g__JAAYUH01,1.860315185
7803,g__JAAYUI01,2.555395928
7804,g__JAAYUJ01,3.105467749
7805,g__JAAYUK01,2.782864536
7806,g__JAAYUR01,2.946630132
7807,g__JAAYUY01,2.358891114
7808,g__JAAYVF01,2.936266078
7809,g__JAAYVG01,1.944959999
7810,g__JAAYVH01,2.279802816
7811,g__JAAYVI01,2.032548958
7812,g__JAAYVN01,2.47935822
7813,g__JAAYVR01,3.71439412
7814,g__JAAYVZ01,2.859817105
7815,g__JAAYWY01,2.256146598
7816,g__JAAYXC01,1.906431867
7817,g__JAAYXE01,3.187702007
7818,g__JAAYXG01,3.015647756
7819,g__JAAYXM01,2.070037618
7820,g__JAAYXS01,2.529446463
7821,g__JAAYXU01,2.004658378
7822,g__JAAYXX01,2.625170019
7823,g__JAAYXY01,1.467652286
7824,g__JAAYXZ01,1.507173719
7825,g__JAAYYF01,2.773297215
7826,g__JAAYYM01,3.275842893
7827,g__JAAYYY01,3.221731161
7828,g__JAAYYZ01,2.399635037
7829,g__JAAYZB01,1.958022282
7830,g__JAAYZC01,2.111082426
7831,g__JAAYZF01,2.153158502
7832,g__JAAYZH01,1.727572659
7833,g__JAAYZI01,2.171514681
7834,g__JAAYZK01,2.482790066
7835,g__JAAYZM01,2.376544996
7836,g__JAAYZQ01,3.756287814
7837,g__JAAYZX01,2.414550258
7838,g__JAAYZY01,2.40263295
7839,g__JAAYZZ01,1.831333834
7840,g__JAAZAB01,1.622464837
7841,g__JAAZAI01,1.82462314
7842,g__JAAZAN01,2.842208099
7843,g__JAAZAV01,1.642274231
7844,g__JAAZAW01,2.519113079
7845,g__JAAZBA01,1.84141076
7846,g__JAAZBG01,3.183445907
7847,g__JAAZBI01,1.590366489
7848,g__JAAZBK01,2.954695374
7849,g__JAAZBM01,1.854506607
7850,g__JAAZBQ01,2.570093118
7851,g__JAAZBV01,3.51248024
7852,g__JAAZBW01,2.399418343
7853,g__JAAZBY01,2.369521258
7854,g__JAAZCA01,2.285585746
7855,g__JAAZCB01,3.326076315
7856,g__JAAZCI01,3.333852901
7857,g__JAAZCR01,2.299752546
7858,g__JAAZDD01,2.552357329
7859,g__JAAZDF01,2.312483825
7860,g__JAAZDI01,2.185401692
7861,g__JAAZDN01,2.332943237
7862,g__JAAZDR01,2.138820342
7863,g__JAAZDU01,1.899876702
7864,g__JAAZEB01,2.372862972
7865,g__JAAZFB01,2.070927434
7866,g__JAAZFC01,2.003581756
7867,g__JAAZFE01,1.77665989
7868,g__JAAZFF01,1.964237706
7869,g__JAAZFS01,2.036625744
7870,g__JAAZFZ01,2.475668441
7871,g__JAAZGC01,1.880520318
7872,g__JAAZGD01,2.317582011
7873,g__JAAZGG01,1.892316847
7874,g__JAAZHD01,2.261550026
7875,g__JAAZHK01,1.701997345
7876,g__JAAZHN01,1.904327684
7877,g__JAAZHW01,1.472032605
7878,g__JAAZIL01,1.33990365
7879,g__JAAZIN01,2.013447861
7880,g__JAAZIO01,2.042444638
7881,g__JAAZIQ01,2.152427836
7882,g__JAAZIX01,1.669730014
7883,g__JAAZIY01,1.907704957
7884,g__JAAZIZ01,2.034246294
7885,g__JAAZJD01,1.755101626
7886,g__JAAZJU01,2.929336261
7887,g__JAAZJW01,2.242711617
7888,g__JAAZJX01,1.398714581
7889,g__JAAZKA01,1.77094072
7890,g__JAAZKI01,2.080780915
7891,g__JAAZKO01,1.250515255
7892,g__JAAZKV01,1.957292955
7893,g__JAAZLA01,2.352562723
7894,g__JAAZLH01,2.652470334
7895,g__JAAZLJ01,2.432423
7896,g__JAAZLM01,2.180574092
7897,g__JAAZLQ01,2.85303076
7898,g__JAAZLS01,2.279441772
7899,g__JAAZLT01,1.996271587
7900,g__JAAZLW01,2.483619448
7901,g__JAAZLZ01,2.411849118
7902,g__JAAZMA01,2.333511538
7903,g__JAAZMF01,2.285378058
7904,g__JAAZMG01,2.345594259
7905,g__JAAZMI01,1.997352352
7906,g__JAAZMN01,1.794193848
7907,g__JAAZMR01,2.245399237
7908,g__JAAZMU01,1.740745977
7909,g__JAAZMX01,1.542332941
7910,g__JAAZNB01,3.561840028
7911,g__JAAZND01,1.298788838
7912,g__JAAZNF01,3.05265008
7913,g__JAAZNL01,1.816063078
7914,g__JAAZNM01,1.16081655
7915,g__JAAZNO01,2.666656811
7916,g__JAAZNP01,1.32484533
7917,g__JAAZNS01,2.867255978
7918,g__JAAZNV01,1.31336099
7919,g__JAAZOE01,2.591121115
7920,g__JAAZOH01,1.320442408
7921,g__JAAZON01,2.635470137
7922,g__JAAZOP01,3.404136732
7923,g__JAAZPG01,2.310932649
7924,g__JAAZPQ01,2.194983444
7925,g__JAAZPT01,2.37553195
7926,g__JAAZVD01,2.851501493
7927,g__JAAZVM01,1.856101153
7928,g__JAAZVO01,2.526887328
7929,g__JAAZVP01,2.654211132
7930,g__JAAZVR01,3.049514612
7931,g__JAAZVW01,2.9440798
7932,g__JAAZWY01,1.789133972
7933,g__JAAZXH01,2.056544741
7934,g__JAAZXR01,3.162403524
7935,g__JAAZYG01,1.416259542
7936,g__JAAZYN01,3.673630324
7937,g__JAAZYX01,2.101651579
7938,g__JAAZZIT01,2.640562111
7939,g__JAAZZY01,2.43608797
7940,g__JABAAC01,2.857428416
7941,g__JABAAE01,3.840657604
7942,g__JABAAI01,1.936876547
7943,g__JABAAK01,1.597837152
7944,g__JABAAT01,2.050433383
7945,g__JABAAV01,2.21063437
7946,g__JABAAW01,2.028033417
7947,g__JABAAY01,2.255872883
7948,g__JABABD01,2.939443568
7949,g__JABABF01,2.17299846
7950,g__JABABH01,2.055317952
7951,g__JABABJ01,2.428965304
7952,g__JABABT01,1.424441009
7953,g__JABABU01,3.595591167
7954,g__JABABV01,2.387312782
7955,g__JABACC01,1.67829407
7956,g__JABACD01,3.593484792
7957,g__JABAQJ01,2.908227126
7958,g__JABAQM01,2.850865057
7959,g__JABAQZ01,2.513151539
7960,g__JABAYQ01,2.258143721
7961,g__JABAZT01,2.113001438
7962,g__JABBGTR01,1.520939673
7963,g__JABBNV01,3.770893608
7964,g__JABBTK01,3.102611232
7965,g__JABCPE02,2.911247618
7966,g__JABCPH02,2.294473327
7967,g__JABCPO02,1.787407368
7968,g__JABCYQ01,2.556979833
7969,g__JABCYS01,1.956932834
7970,g__JABCYV01,3.246747748
7971,g__JABCZH01,3.530673668
7972,g__JABCZS01,2.224958778
7973,g__JABCZU01,2.462004258
7974,g__JABCZZ01,2.34883147
7975,g__JABDAD01,1.938288123
7976,g__JABDAE01,2.708679265
7977,g__JABDAQ01,2.008670866
7978,g__JABDAW01,2.945284197
7979,g__JABDBA01,2.4057832
7980,g__JABDBB01,2.419438111
7981,g__JABDBC01,2.60669667
7982,g__JABDBE01,2.787257946
7983,g__JABDBI01,2.483236803
7984,g__JABDBL01,2.773138863
7985,g__JABDBN01,2.158697028
7986,g__JABDBO01,2.4296562
7987,g__JABDBP01,2.039967574
7988,g__JABDBU01,1.662970438
7989,g__JABDBV01,1.932056997
7990,g__JABDCD01,2.213049012
7991,g__JABDCI01,1.807982797
7992,g__JABDCL01,2.317840726
7993,g__JABDCM01,1.887282725
7994,g__JABDCN01,2.272784021
7995,g__JABDCQ01,2.261842045
7996,g__JABDCS01,2.055951523
7997,g__JABDCT01,2.000307948
7998,g__JABDCW01,2.424125882
7999,g__JABDCX01,2.288479451
8000,g__JABDCY01,2.286974757
8001,g__JABDDA01,1.898605893
8002,g__JABDDC01,2.569138712
8003,g__JABDDE01,2.498464295
8004,g__JABDDH01,1.919015128
8005,g__JABDDJ01,2.834816923
8006,g__JABDDK01,2.685565989
8007,g__JABDDM01,2.876771201
8008,g__JABDDS01,2.311911684
8009,g__JABDDW01,2.396278991
8010,g__JABDDY01,1.976977957
8011,g__JABDDZ01,1.986733135
8012,g__JABDEC01,2.018589169
8013,g__JABDEI01,2.325855075
8014,g__JABDEJ01,2.853088986
8015,g__JABDEM01,2.182972825
8016,g__JABDEO01,2.106969841
8017,g__JABDES01,2.144181902
8018,g__JABDET01,2.353119985
8019,g__JABDFA01,1.955584131
8020,g__JABDFB01,2.519342557
8021,g__JABDFI01,2.148305044
8022,g__JABDFJ01,2.647630401
8023,g__JABDFU01,2.540200101
8024,g__JABDFW01,3.378228045
8025,g__JABDFY01,2.558828279
8026,g__JABDGC01,2.030630375
8027,g__JABDGH01,2.685861458
8028,g__JABDGJ01,1.939694776
8029,g__JABDGM01,3.118542838
8030,g__JABDGN01,2.278732275
8031,g__JABDGQ01,2.10677897
8032,g__JABDGR01,1.172626534
8033,g__JABDGV01,2.536027841
8034,g__JABDGZ01,2.001433032
8035,g__JABDHB01,1.898174077
8036,g__JABDII01,2.964100449
8037,g__JABDIN01,4.026303963
8038,g__JABDIP01,2.824392265
8039,g__JABDIW01,2.541361371
8040,g__JABDIY01,3.331989329
8041,g__JABDIZ01,2.870797874
8042,g__JABDJB01,2.670540929
8043,g__JABDJC01,3.064118716
8044,g__JABDJG01,3.746474927
8045,g__JABDJL01,2.687004115
8046,g__JABDJM01,3.2668189
8047,g__JABDJO01,3.349983613
8048,g__JABDJQ01,2.845509985
8049,g__JABDJR01,3.121118028
8050,g__JABDJT01,3.792336591
8051,g__JABDJW01,2.763171992
8052,g__JABDJX01,3.277088494
8053,g__JABDJY01,3.276247182
8054,g__JABDJZ01,3.31461597
8055,g__JABDKH01,2.871385427
8056,g__JABDKJ01,2.364552757
8057,g__JABDKO01,3.164118011
8058,g__JABDKV01,2.944279818
8059,g__JABDLF01,2.542700778
8060,g__JABDLI01,2.906057576
8061,g__JABDLO01,3.138198765
8062,g__JABDLV01,2.384822863
8063,g__JABDLZ01,2.618245775
8064,g__JABDMD01,2.757951641
8065,g__JABDMH01,3.70726263
8066,g__JABDMI01,2.708800953
8067,g__JABDMM01,2.455757873
8068,g__JABDMV01,2.38761373
8069,g__JABDNZ01,2.942554347
8070,g__JABDOU01,2.780700932
8071,g__JABDPF01,2.748224814
8072,g__JABDPQ01,3.565239968
8073,g__JABDQA01,3.091847104
8074,g__JABDQW01,2.815420824
8075,g__JABDQX01,3.073643979
8076,g__JABDQZ01,3.089499492
8077,g__JABDRL01,3.006247383
8078,g__JABEUL01,2.484746656
8079,g__JABEUN01,2.707416662
8080,g__JABEUT01,2.738252139
8081,g__JABEUX01,2.37876608
8082,g__JABEUY01,2.653891412
8083,g__JABEVA01,2.623598075
8084,g__JABEVB01,2.152325507
8085,g__JABEVD01,2.682355742
8086,g__JABEVH01,2.928111848
8087,g__JABEVJ01,2.739921913
8088,g__JABEVK01,2.817619042
8089,g__JABEVM01,2.347934131
8090,g__JABFGF01,3.683159627
8091,g__JABFQN01,2.142218988
8092,g__JABFQO01,2.244596535
8093,g__JABFRC01,4.414956407
8094,g__JABFRG01,5.921401837
8095,g__JABFRJ01,3.38735308
8096,g__JABFRO01,3.615901346
8097,g__JABFRW01,2.51595306
8098,g__JABFRY01,2.556952677
8099,g__JABFRZ01,2.676654574
8100,g__JABFSC01,3.275493985
8101,g__JABFSH01,4.054520905
8102,g__JABFSM01,3.199475922
8103,g__JABFSN01,3.377229337
8104,g__JABFSS01,1.757465655
8105,g__JABFSX01,2.898706202
8106,g__JABFVL01,3.593416125
8107,g__JABFVX01,3.172719805
8108,g__JABFWF01,2.34874251
8109,g__JABFXC01,2.371677894
8110,g__JABFXX01,5.031131828
8111,g__JABGOS01,2.400776215
8112,g__JABGOW01,2.709849347
8113,g__JABGPL01,2.788086251
8114,g__JABGPX01,3.174876338
8115,g__JABGPZ01,2.452903087
8116,g__JABGQH01,1.631916347
8117,g__JABGQJ01,3.057145236
8118,g__JABGQS01,2.672420114
8119,g__JABGQW01,1.92151285
8120,g__JABGRG01,3.09480695
8121,g__JABGRK01,2.120093565
8122,g__JABGSX01,2.073994575
8123,g__JABGUH01,2.928272906
8124,g__JABGUJ01,1.814384277
8125,g__JABGVH01,3.812761108
8126,g__JABGVJ01,1.814539839
8127,g__JABGXB01,1.813293472
8128,g__JABHCC01,2.739940067
8129,g__JABHDX01,2.209150304
8130,g__JABHEG01,4.498429861
8131,g__JABHGC01,3.636545532
8132,g__JABHGM01,1.227856682
8133,g__JABHGV01,3.18443615
8134,g__JABHGY01,2.528385027
8135,g__JABHHG01,2.247355793
8136,g__JABHHM01,3.258375323
8137,g__JABHHN01,2.094788888
8138,g__JABHIB01,1.591823688
8139,g__JABHIE01,2.815965942
8140,g__JABHKC01,2.881300402
8141,g__JABHLN01,2.937702208
8142,g__JABHMO01,1.852304079
8143,g__JABHNK01,2.107188333
8144,g__JABHOV01,2.404912175
8145,g__JABHQR01,1.955390891
8146,g__JABHSK01,1.658397318
8147,g__JABHVE01,2.524820737
8148,g__JABHVW01,1.903234419
8149,g__JABHWJ01,1.732146892
8150,g__JABHWU01,3.160703776
8151,g__JABHWZ01,1.633342912
8152,g__JABHXA01,2.587822029
8153,g__JABHXC01,1.842522287
8154,g__JABHXF01,1.807773952
8155,g__JABHYP01,2.460684659
8156,g__JABHYY01,1.346106917
8157,g__JABHZQ01,1.680033198
8158,g__JABHZW01,1.926876051
8159,g__JABIAA01,2.285747657
8160,g__JABIAG01,2.168878416
8161,g__JABIAL01,1.100098878
8162,g__JABIBH01,2.52004078
8163,g__JABIBT01,1.736225902
8164,g__JABIBU01,1.743955592
8165,g__JABICB01,1.779040371
8166,g__JABICL01,1.490110937
8167,g__JABICX01,1.727759951
8168,g__JABIDC01,1.661892078
8169,g__JABIDK01,1.338609093
8170,g__JABIDS01,1.628299993
8171,g__JABIDZ01,1.8289742
8172,g__JABIEQ01,1.421699263
8173,g__JABIFK01,2.971754292
8174,g__JABIFP01,2.16583286
8175,g__JABIHA01,4.235166594
8176,g__JABIJZ01,1.709720617
8177,g__JABIKK01,1.887679323
8178,g__JABILA01,4.284048964
8179,g__JABILX01,1.687616056
8180,g__JABINC01,2.133276555
8181,g__JABINZ01,2.840831768
8182,g__JABIPA01,2.256405829
8183,g__JABIPD01,1.754287215
8184,g__JABIQA01,2.545483576
8185,g__JABIQT01,3.704051615
8186,g__JABIRP01,3.728054817
8187,g__JABIRQ01,3.006327942
8188,g__JABIRX01,2.202870373
8189,g__JABISG01,4.043725491
8190,g__JABISL01,2.504236322
8191,g__JABJAG01,2.981446419
8192,g__JABJBS01,4.103473928
8193,g__JABJCN01,2.34328069
8194,g__JABJCP01,2.369024148
8195,g__JABJEI01,1.861354148
8196,g__JABJES01,2.502713581
8197,g__JABJFC01,2.457593997
8198,g__JABJGH01,2.569606694
8199,g__JABJGI01,3.086912739
8200,g__JABJGO01,3.630846173
8201,g__JABJGS01,2.622088913
8202,g__JABJJH01,3.194947046
8203,g__JABJKH01,3.633474388
8204,g__JABJKO01,3.536102866
8205,g__JABJMC01,2.221990744
8206,g__JABJNO01,1.632031356
8207,g__JABJOK01,1.859450891
8208,g__JABJOR01,3.492720081
8209,g__JABJOX01,1.931528575
8210,g__JABJPE01,1.987875063
8211,g__JABJPM01,1.772872202
8212,g__JABJQG01,3.31924268
8213,g__JABLTI01,3.041855219
8214,g__JABLWY01,2.089944387
8215,g__JABLXB01,2.929752648
8216,g__JABLXE01,2.708135368
8217,g__JABLXH01,2.521192517
8218,g__JABLXL01,2.418581931
8219,g__JABLXM01,2.241640198
8220,g__JABLXU01,2.652723046
8221,g__JABLXZ01,2.056677574
8222,g__JABMMZ01,2.844909701
8223,g__JABMNI01,2.579311422
8224,g__JABMNR01,3.331186527
8225,g__JABMNT01,3.673606585
8226,g__JABMNX01,1.688050485
8227,g__JABMNZ01,2.054976757
8228,g__JABMOB01,1.645375534
8229,g__JABMOP01,3.321061965
8230,g__JABMOQ01,2.940221988
8231,g__JABMOV01,2.595578994
8232,g__JABMOW01,2.642384035
8233,g__JABMPE01,4.635274681
8234,g__JABMPG01,2.251092846
8235,g__JABMPJ01,2.345670552
8236,g__JABMPK01,2.07498182
8237,g__JABMPO01,2.344359549
8238,g__JABMPP01,1.845357276
8239,g__JABMPQ01,1.537355234
8240,g__JABMPR01,2.87904779
8241,g__JABMPU01,2.674171991
8242,g__JABMPV01,2.824785944
8243,g__JABMPX01,1.118842433
8244,g__JABMPZ01,1.516326434
8245,g__JABMQA01,3.684837061
8246,g__JABMQB01,2.608586993
8247,g__JABMQE01,1.526558749
8248,g__JABMQF01,2.156424664
8249,g__JABMQG01,2.009604066
8250,g__JABMQH01,1.684262588
8251,g__JABMQJ01,1.430541633
8252,g__JABMQK01,1.418786081
8253,g__JABMQN01,3.067175871
8254,g__JABMQR01,2.46745334
8255,g__JABMQS01,1.614965327
8256,g__JABMQV01,3.084519117
8257,g__JABMQW01,2.357601127
8258,g__JABMQX01,2.389799907
8259,g__JABMQY01,2.11215508
8260,g__JABMRA01,1.60664805
8261,g__JABMRB01,4.078169404
8262,g__JABMRF01,1.874374131
8263,g__JABMRG01,1.455171012
8264,g__JABMRJ01,1.753838236
8265,g__JABMRN01,1.849246824
8266,g__JABMRP01,3.445144564
8267,g__JABMRT01,2.334546811
8268,g__JABMRV01,2.464800255
8269,g__JABMRW01,2.066495067
8270,g__JABMRZ01,2.843273112
8271,g__JABMSA01,2.841754176
8272,g__JABMSB01,1.836606477
8273,g__JABMSC01,1.841279321
8274,g__JABMSE01,1.947035771
8275,g__JABSOG01,5.155686568
8276,g__JABSOH01,2.545029185
8277,g__JABSOI01,4.534536424
8278,g__JABSOQ01,3.051904814
8279,g__JABSOX01,4.795520616
8280,g__JABSQH01,3.276882782
8281,g__JABSQK01,3.467612456
8282,g__JABSQV01,3.224293054
8283,g__JABSQW01,3.853894073
8284,g__JABSQX01,3.072265921
8285,g__JABSRF01,4.068260044
8286,g__JABSRG01,3.44419928
8287,g__JABSRN01,4.013664
8288,g__JABSSA01,4.04470332
8289,g__JABSSB01,3.74670308
8290,g__JABSSC01,3.456772992
8291,g__JABSSF01,2.193845723
8292,g__JABSSG01,1.844944018
8293,g__JABSSP01,2.088329782
8294,g__JABUEY01,3.183124985
8295,g__JABUEZ01,2.311653804
8296,g__JABUFB01,2.336924369
8297,g__JABURQ01,3.644450441
8298,g__JABURR01,3.624680564
8299,g__JABURT01,3.058729647
8300,g__JABUSF01,3.557148628
8301,g__JABWAJ01,3.982890863
8302,g__JABWAM01,1.875146934
8303,g__JABWAN01,4.188258687
8304,g__JABWAT01,2.589529999
8305,g__JABWAZ01,2.828131444
8306,g__JABWBA01,1.845208014
8307,g__JABWBB01,2.261093288
8308,g__JABWBC01,2.587401322
8309,g__JABWBD01,4.199843582
8310,g__JABWBG01,2.870500057
8311,g__JABWBH01,3.153092991
8312,g__JABWBI01,2.359382386
8313,g__JABWBJ01,2.721186628
8314,g__JABWBM01,2.886743545
8315,g__JABWBP01,3.07744631
8316,g__JABWBR01,3.766858678
8317,g__JABWBV01,3.240816032
8318,g__JABWBZ01,2.933918948
8319,g__JABWCA01,3.301836268
8320,g__JABWCC01,2.87655816
8321,g__JABWCD01,3.439319105
8322,g__JABWCE01,2.548129239
8323,g__JABWCG01,1.842693562
8324,g__JABWCH01,3.747989585
8325,g__JABWCI01,2.366083495
8326,g__JABWCK01,2.142191018
8327,g__JABWCL01,3.100472374
8328,g__JABWCM01,3.897763274
8329,g__JABWCP01,3.057813656
8330,g__JABWCQ01,2.805847838
8331,g__JABWCR01,2.241472207
8332,g__JABXGU01,3.269585045
8333,g__JABXHR01,3.720460403
8334,g__JABXJT01,3.738680697
8335,g__JABXJV01,3.360000587
8336,g__JABXJW01,3.331388032
8337,g__JABXJX01,2.109371382
8338,g__JABXKX01,4.402798137
8339,g__JABZFP01,3.481664475
8340,g__JABZIP01,2.710391392
8341,g__JACABE01,2.978145805
8342,g__JACADU01,2.459912531
8343,g__JACADV01,1.935901502
8344,g__JACADW01,2.249279951
8345,g__JACADY01,2.507016141
8346,g__JACADZ01,2.609659891
8347,g__JACAEB01,2.282750149
8348,g__JACAED01,2.628243878
8349,g__JACAEI01,2.105642279
8350,g__JACAEJ01,2.234147296
8351,g__JACAEL01,2.886865176
8352,g__JACAEN01,2.304600895
8353,g__JACAEO01,2.824915741
8354,g__JACAEQ01,2.824190947
8355,g__JACAER01,3.553883982
8356,g__JACAEX01,2.775747944
8357,g__JACAEY01,2.091207413
8358,g__JACAEZ01,1.960265362
8359,g__JACAFB01,2.025130422
8360,g__JACAFF01,1.976448176
8361,g__JACAFG01,2.378536812
8362,g__JACAVV01,3.029758487
8363,g__JACCES01,3.361135478
8364,g__JACCLJ01,2.089622103
8365,g__JACCQO01,3.119128014
8366,g__JACCQS01,2.826656651
8367,g__JACCRA01,2.745461431
8368,g__JACCRE01,3.541401597
8369,g__JACCRK01,3.742581338
8370,g__JACCRT01,1.604132443
8371,g__JACCRY01,3.018458408
8372,g__JACCSC01,3.002244627
8373,g__JACCSI01,2.863567452
8374,g__JACCSL01,3.832082641
8375,g__JACCTF01,3.47528847
8376,g__JACCTH01,2.767080098
8377,g__JACCTI01,2.536194831
8378,g__JACCTL01,2.354982577
8379,g__JACCTQ01,2.635928537
8380,g__JACCTU01,2.15446471
8381,g__JACCTY01,2.768788443
8382,g__JACCUC01,2.216470378
8383,g__JACCUL01,2.608646298
8384,g__JACCUS01,2.808673228
8385,g__JACCUZ01,2.448903477
8386,g__JACCVC01,2.48362192
8387,g__JACCVE01,2.220309726
8388,g__JACCVG01,2.20364083
8389,g__JACCVL01,2.44096138
8390,g__JACCVN01,2.818338738
8391,g__JACCWD01,3.161488683
8392,g__JACCWM01,3.874771104
8393,g__JACCWP01,2.61349362
8394,g__JACCXC01,2.118261895
8395,g__JACCXE01,2.915211963
8396,g__JACCXF01,2.438391638
8397,g__JACCXG01,2.551309151
8398,g__JACCXJ01,3.390503194
8399,g__JACCXL01,2.155282166
8400,g__JACCXM01,3.079119184
8401,g__JACCXN01,3.055726791
8402,g__JACCXP01,2.15383282
8403,g__JACCXR01,2.883157388
8404,g__JACCXV01,2.153644786
8405,g__JACCXZ01,2.338899707
8406,g__JACCYG01,2.247741294
8407,g__JACCYI01,2.348586265
8408,g__JACCYJ01,2.507437002
8409,g__JACCYK01,3.275155876
8410,g__JACCYN01,2.617045597
8411,g__JACCYP01,2.227551756
8412,g__JACCYU01,2.690279266
8413,g__JACCYX01,2.702630218
8414,g__JACCYY01,2.197832249
8415,g__JACCZA01,2.080995972
8416,g__JACCZE01,2.946816288
8417,g__JACCZH01,2.757890715
8418,g__JACCZJ01,2.529013312
8419,g__JACCZL01,3.327298717
8420,g__JACCZP01,2.155674216
8421,g__JACCZR01,1.978884652
8422,g__JACCZT01,2.634110873
8423,g__JACCZU01,2.475385351
8424,g__JACCZX01,2.642405893
8425,g__JACCZZ01,2.772274485
8426,g__JACDAE01,3.464908674
8427,g__JACDAF01,2.174441347
8428,g__JACDAL01,2.825960228
8429,g__JACDAN01,2.285825674
8430,g__JACDAS01,2.137727207
8431,g__JACDAU01,2.778999713
8432,g__JACDAV01,2.287915716
8433,g__JACDBB01,2.63509909
8434,g__JACDBD01,2.297016187
8435,g__JACDBE01,2.385123537
8436,g__JACDBF01,2.542572021
8437,g__JACDBH01,1.982419233
8438,g__JACDBO01,2.36888307
8439,g__JACDBP01,1.983824886
8440,g__JACDBR01,2.368713849
8441,g__JACDBZ01,2.222627104
8442,g__JACDCA01,3.490287347
8443,g__JACDCH01,2.837293524
8444,g__JACDCJ01,1.919726231
8445,g__JACDCP01,2.615996569
8446,g__JACDCY01,2.867235346
8447,g__JACDDA01,2.530496568
8448,g__JACDDK01,2.679030984
8449,g__JACDDL01,2.416030999
8450,g__JACDDU01,2.67004408
8451,g__JACDDX01,2.49215641
8452,g__JACDEA01,2.597545773
8453,g__JACDEC01,2.429657688
8454,g__JACDEG01,3.620298429
8455,g__JACDEQ01,2.514027423
8456,g__JACDER01,2.090974714
8457,g__JACDES01,3.112164734
8458,g__JACDET01,1.406593416
8459,g__JACDFN01,1.578666851
8460,g__JACDFO01,1.708048334
8461,g__JACDFU01,2.486069955
8462,g__JACDGB01,2.955656665
8463,g__JACDGC01,3.594730044
8464,g__JACDGE01,2.703153487
8465,g__JACDGH01,2.785835292
8466,g__JACDGP01,3.669157526
8467,g__JACDHA01,2.06467174
8468,g__JACDHD01,2.555775579
8469,g__JACDHG01,2.680340808
8470,g__JACDHN01,2.532268181
8471,g__JACDHQ01,2.71281283
8472,g__JACDHR01,3.251853226
8473,g__JACDHS01,3.819260862
8474,g__JACDNV01,1.557603799
8475,g__JACDOC01,5.275740981
8476,g__JACDOE01,3.503082887
8477,g__JACDOG01,2.946338684
8478,g__JACDOI01,2.38054936
8479,g__JACDOJ01,2.55371193
8480,g__JACDOK01,2.465701267
8481,g__JACDQH01,2.476583623
8482,g__JACDQM01,4.263176887
8483,g__JACEMX01,2.363276315
8484,g__JACESI01,2.969825954
8485,g__JACESU01,3.087124134
8486,g__JACETI01,2.535962115
8487,g__JACEUU01,2.884088582
8488,g__JACFMY01,3.904447613
8489,g__JACFMZ01,2.292820094
8490,g__JACFNC01,3.062666649
8491,g__JACGMN01,2.307457284
8492,g__JACIVX01,2.246653653
8493,g__JACIWB01,2.118378842
8494,g__JACIWG01,2.270929172
8495,g__JACIWI01,1.984078606
8496,g__JACIWP01,2.163152498
8497,g__JACIWR01,2.906560457
8498,g__JACIWT01,1.969657592
8499,g__JACIWX01,2.171731483
8500,g__JACIWY01,2.646916681
8501,g__JACIXC01,2.189453294
8502,g__JACIXO01,1.826631127
8503,g__JACIXR01,1.342689118
8504,g__JACIYB01,2.428512479
8505,g__JACIYD01,2.453862722
8506,g__JACIYF01,2.698506214
8507,g__JACIYH01,2.518893307
8508,g__JACIYW01,2.849492142
8509,g__JACIZP01,2.191330944
8510,g__JACJVV01,2.039823824
8511,g__JACJVW01,1.826445412
8512,g__JACJWC01,3.499672681
8513,g__JACJWR01,3.132664437
8514,g__JACJXD01,2.799727279
8515,g__JACJXF01,2.559343788
8516,g__JACJXU01,2.466544003
8517,g__JACJXV01,2.484777821
8518,g__JACJXW01,4.519868816
8519,g__JACJYC01,3.932844205
8520,g__JACJYE01,3.927363835
8521,g__JACJYM01,3.076493784
8522,g__JACJYS01,2.542975941
8523,g__JACJYV01,4.800769068
8524,g__JACJYZ01,2.836526089
8525,g__JACJZS01,2.111219245
8526,g__JACKAF01,3.099409702
8527,g__JACKAG01,2.487988695
8528,g__JACKAH01,2.284194292
8529,g__JACKAJ01,2.941225825
8530,g__JACKAK01,3.072988732
8531,g__JACKAL01,2.86783114
8532,g__JACKAN01,3.110484673
8533,g__JACKAO01,2.598862377
8534,g__JACKAP01,4.037221699
8535,g__JACKAQ01,3.933264462
8536,g__JACKAZ01,2.610100995
8537,g__JACKBC01,4.160604529
8538,g__JACKBJ01,2.151842878
8539,g__JACKBK01,3.081442193
8540,g__JACKBM01,3.82502624
8541,g__JACKBT01,3.75653075
8542,g__JACKCB01,3.68395689
8543,g__JACKCC01,4.188913838
8544,g__JACKCD01,4.359458897
8545,g__JACKCG01,3.334687963
8546,g__JACKCN01,2.64094831
8547,g__JACKCO01,2.21614126
8548,g__JACKCP01,2.973048212
8549,g__JACKCR01,3.52021958
8550,g__JACKCT01,2.479394487
8551,g__JACKDE01,3.455656795
8552,g__JACKDJ01,2.98721277
8553,g__JACKDL01,3.84752924
8554,g__JACKDM01,5.121371804
8555,g__JACKDN01,3.882581509
8556,g__JACKDP01,4.517906898
8557,g__JACKDQ01,3.622510941
8558,g__JACKDW01,5.708301963
8559,g__JACKDX01,2.469784656
8560,g__JACKEA01,5.149006664
8561,g__JACKEC01,4.945918784
8562,g__JACKEH01,4.277040539
8563,g__JACKEN01,5.063523223
8564,g__JACKEO01,2.9600296
8565,g__JACKEQ01,4.443697565
8566,g__JACKER01,4.486022195
8567,g__JACKEV01,5.665701972
8568,g__JACKEY01,3.8889676
8569,g__JACKFA01,4.591308094
8570,g__JACKFB01,3.353089701
8571,g__JACKFC01,2.81080216
8572,g__JACKFE01,3.579812954
8573,g__JACKFH01,3.133904035
8574,g__JACKFK01,1.723064468
8575,g__JACKFM01,1.934467457
8576,g__JACKFO01,1.469390439
8577,g__JACKFQ01,1.92753836
8578,g__JACKFR01,1.525723195
8579,g__JACKFV01,1.705805721
8580,g__JACKFY01,1.647118544
8581,g__JACKFZ01,1.997025675
8582,g__JACKGL01,2.050559757
8583,g__JACKGO01,1.713321874
8584,g__JACKGP01,1.908949079
8585,g__JACKGQ01,1.837673385
8586,g__JACKGR01,2.030126501
8587,g__JACKGS01,1.89226255
8588,g__JACKGU01,1.480571353
8589,g__JACKGW01,2.432499881
8590,g__JACKGY01,2.921872594
8591,g__JACKHB01,2.255423625
8592,g__JACKHC01,2.298946365
8593,g__JACKHE01,2.541983252
8594,g__JACKHF01,2.953041818
8595,g__JACKHG01,2.576257482
8596,g__JACKHO01,3.626949714
8597,g__JACKHP01,2.678736057
8598,g__JACKHV01,2.972767931
8599,g__JACKHW01,3.425206886
8600,g__JACKIB01,3.124655559
8601,g__JACKIC01,3.122840124
8602,g__JACKID01,3.043844473
8603,g__JACKIG01,3.670689613
8604,g__JACKIH01,2.868655536
8605,g__JACKII01,3.287133145
8606,g__JACKIL01,2.724242404
8607,g__JACKIP01,2.733466356
8608,g__JACKIV01,2.243717671
8609,g__JACKJA01,2.350630476
8610,g__JACKJF01,3.201356864
8611,g__JACKJK01,2.819086667
8612,g__JACKJP01,3.060346006
8613,g__JACKKN01,3.544355608
8614,g__JACKKO01,2.059083437
8615,g__JACKKV01,2.891391653
8616,g__JACKLD01,2.224680489
8617,g__JACKLP01,2.759788182
8618,g__JACKMZ01,2.936704704
8619,g__JACKNG01,3.18105742
8620,g__JACKNH01,3.194405099
8621,g__JACKNK01,2.870071633
8622,g__JACKNM01,3.446348303
8623,g__JACKOB01,4.128860652
8624,g__JACKOD01,4.520708684
8625,g__JACKOF01,3.184804748
8626,g__JACKOM01,3.656146468
8627,g__JACKOQ01,3.133124812
8628,g__JACKOX01,2.673454938
8629,g__JACKOY01,3.402158475
8630,g__JACKPA01,4.168003433
8631,g__JACKPB01,2.990688235
8632,g__JACKPC01,4.037126655
8633,g__JACKPD01,2.495138303
8634,g__JACKPH01,2.202111149
8635,g__JACKPJ01,2.766609963
8636,g__JACKPK01,2.68129231
8637,g__JACKPL01,1.986422744
8638,g__JACKPM01,2.353421532
8639,g__JACKPN01,2.563722691
8640,g__JACKPP01,2.236651086
8641,g__JACKPQ01,2.035525738
8642,g__JACKPT01,2.086336313
8643,g__JACKPV01,2.798156779
8644,g__JACKQE01,3.379738341
8645,g__JACKQF01,4.103537716
8646,g__JACLZJ01,4.041843458
8647,g__JACMIM01,3.29138973
8648,g__JACMIU01,3.337646317
8649,g__JACMIX01,3.129621608
8650,g__JACMJB01,2.928692764
8651,g__JACMJD01,2.86422659
8652,g__JACMJP01,2.780497875
8653,g__JACMJS01,2.771301046
8654,g__JACMKK01,2.915710855
8655,g__JACMKV01,2.603236069
8656,g__JACMLA01,3.812782514
8657,g__JACMLC01,2.784795443
8658,g__JACMLD01,3.067225057
8659,g__JACMLN01,3.867046593
8660,g__JACMLW01,2.327229454
8661,g__JACMLX01,3.099233002
8662,g__JACMMD01,3.760474798
8663,g__JACMME01,3.106258415
8664,g__JACMML01,2.540022727
8665,g__JACMMQ01,2.10721286
8666,g__JACMMS01,2.647433701
8667,g__JACMNW01,2.929474832
8668,g__JACMOA01,3.015267872
8669,g__JACMOY01,2.33406459
8670,g__JACMPA01,2.462688554
8671,g__JACMPN01,3.696226271
8672,g__JACMPS01,2.966458654
8673,g__JACMQD01,3.820773468
8674,g__JACMQI01,1.782909737
8675,g__JACMQJ01,2.845605587
8676,g__JACMQM01,3.173773989
8677,g__JACMQW01,3.29802769
8678,g__JACMQX01,3.882362439
8679,g__JACMRA01,2.250020844
8680,g__JACMRI01,3.047231775
8681,g__JACMRP01,4.081326881
8682,g__JACMRS01,2.725482446
8683,g__JACNFI01,2.351309048
8684,g__JACNFS01,2.294757442
8685,g__JACNGX01,1.928388894
8686,g__JACNIU01,3.518064577
8687,g__JACNIV01,2.389439029
8688,g__JACNIZ01,3.344888477
8689,g__JACNJF01,3.750123527
8690,g__JACNJL01,2.346873671
8691,g__JACNJR01,1.942466781
8692,g__JACNJU01,3.467175464
8693,g__JACNKH01,2.776205054
8694,g__JACNKJ01,2.490309729
8695,g__JACNKV01,2.318520117
8696,g__JACNLC01,2.246809075
8697,g__JACNLN01,2.210637319
8698,g__JACOMS01,3.246264651
8699,g__JACOMT01,3.043758465
8700,g__JACOMY01,2.770539771
8701,g__JACOND01,2.132711523
8702,g__JACORV01,2.238547329
8703,g__JACOSB01,3.522258592
8704,g__JACOSC01,3.284816729
8705,g__JACOSH01,4.139650355
8706,g__JACOSL01,2.155379434
8707,g__JACOSU01,1.860030194
8708,g__JACOSX01,2.485013929
8709,g__JACOSY01,2.612626035
8710,g__JACOTA01,2.592908085
8711,g__JACOTD01,2.066918004
8712,g__JACOTG01,3.61841765
8713,g__JACOTK01,2.469010724
8714,g__JACOTQ01,1.731285144
8715,g__JACOTS01,2.043859003
8716,g__JACOTV01,1.524739112
8717,g__JACOTW01,1.812376922
8718,g__JACOTZ01,2.984155838
8719,g__JACOUC01,2.147086166
8720,g__JACOUE01,2.14314498
8721,g__JACOUH01,4.08248561
8722,g__JACOUI01,3.667174716
8723,g__JACOUJ01,2.173982734
8724,g__JACOUK01,1.372136433
8725,g__JACOUN01,3.546680479
8726,g__JACOUO01,2.654017375
8727,g__JACOUP01,2.448694357
8728,g__JACOUQ01,3.019061398
8729,g__JACOUT01,4.05288755
8730,g__JACOVC01,1.756183631
8731,g__JACOVF01,1.889926054
8732,g__JACOVG01,1.790272074
8733,g__JACOVN01,1.952485572
8734,g__JACOVP01,2.176697901
8735,g__JACOVR01,1.647203716
8736,g__JACOVT01,1.915737885
8737,g__JACOVV01,1.451194029
8738,g__JACOVZ01,1.660357432
8739,g__JACOWB01,1.773093657
8740,g__JACOWJ01,2.349429172
8741,g__JACOWN01,1.725448254
8742,g__JACOWY01,1.01119861
8743,g__JACOWZ01,1.569758872
8744,g__JACOXB01,1.811853906
8745,g__JACOXD01,1.622384249
8746,g__JACOXG01,1.691825663
8747,g__JACOXI01,1.266174408
8748,g__JACOXK01,2.283408974
8749,g__JACOXM01,1.560051717
8750,g__JACOXN01,1.496292657
8751,g__JACOXO01,1.596447459
8752,g__JACOXP01,1.574839997
8753,g__JACOXT01,1.174157354
8754,g__JACOXU01,1.462803401
8755,g__JACOXV01,1.573993164
8756,g__JACOXW01,1.634076518
8757,g__JACOXY01,1.720951584
8758,g__JACOXZ01,1.562533943
8759,g__JACOYC01,1.906279434
8760,g__JACOYD01,1.560366211
8761,g__JACOYE01,1.84401264
8762,g__JACOYH01,1.539613472
8763,g__JACOYI01,1.5829673
8764,g__JACOYJ01,2.145844314
8765,g__JACOYM01,1.643268413
8766,g__JACOYT01,1.316503096
8767,g__JACOYX01,1.763801393
8768,g__JACOZA01,1.457748077
8769,g__JACOZD01,1.60197061
8770,g__JACOZG01,1.666728924
8771,g__JACOZM01,1.939202173
8772,g__JACOZO01,1.949300878
8773,g__JACOZP01,1.947024602
8774,g__JACOZQ01,2.021265691
8775,g__JACOZS01,1.50548463
8776,g__JACOZU01,1.118158228
8777,g__JACOZW01,1.796962038
8778,g__JACPAB01,1.709645929
8779,g__JACPAE01,1.916973432
8780,g__JACPAG01,1.918788052
8781,g__JACPAH01,1.790037674
8782,g__JACPAJ01,2.26341035
8783,g__JACPAK01,2.857405737
8784,g__JACPAL01,2.745646358
8785,g__JACPAN01,2.459752569
8786,g__JACPAO01,2.35885841
8787,g__JACPAP01,2.441649709
8788,g__JACPAR01,1.678283083
8789,g__JACPAS01,1.825740713
8790,g__JACPAU01,2.108007504
8791,g__JACPAV01,2.906855404
8792,g__JACPAW01,1.736188921
8793,g__JACPAX01,1.642094788
8794,g__JACPAY01,1.297033202
8795,g__JACPBB01,1.864384936
8796,g__JACPBJ01,2.377863976
8797,g__JACPBO01,2.147286412
8798,g__JACPBS01,2.210172701
8799,g__JACPBT01,2.444101802
8800,g__JACPBV01,2.082172739
8801,g__JACPCA01,2.072541454
8802,g__JACPCC01,1.884370241
8803,g__JACPCD01,1.911579672
8804,g__JACPCE01,1.799022499
8805,g__JACPCG01,2.677292403
8806,g__JACPCJ01,2.398572731
8807,g__JACPCK01,2.923105289
8808,g__JACPCL1,2.531731396
8809,g__JACPCP01,1.585653867
8810,g__JACPCQ01,1.636453695
8811,g__JACPCR01,3.863349505
8812,g__JACPDD01,1.295346244
8813,g__JACPDF01,1.812437034
8814,g__JACPDH01,3.017572106
8815,g__JACPDI01,2.872901013
8816,g__JACPDL01,1.845467212
8817,g__JACPDS01,1.96989809
8818,g__JACPDT01,3.456224846
8819,g__JACPDV01,2.96421517
8820,g__JACPEG01,2.963909862
8821,g__JACPEJ01,1.319153052
8822,g__JACPEP01,2.571278741
8823,g__JACPES01,1.369172254
8824,g__JACPEV01,1.751610137
8825,g__JACPFA01,2.576001257
8826,g__JACPFC01,2.474070707
8827,g__JACPFE01,4.063521927
8828,g__JACPFF01,2.302333325
8829,g__JACPFG01,2.543581835
8830,g__JACPFJ01,3.287735093
8831,g__JACPFL01,2.823932941
8832,g__JACPFN01,1.917223364
8833,g__JACPFT01,4.096154462
8834,g__JACPFV01,1.92434485
8835,g__JACPFZ01,1.632398602
8836,g__JACPGD01,3.103658042
8837,g__JACPGE01,3.202708701
8838,g__JACPGF01,3.361576272
8839,g__JACPGI01,1.535518039
8840,g__JACPGJ01,1.875505919
8841,g__JACPGK01,1.932487047
8842,g__JACPGL01,1.627264758
8843,g__JACPGP01,1.290193685
8844,g__JACPGQ01,1.649211686
8845,g__JACPGR01,1.904442048
8846,g__JACPGS01,1.716876187
8847,g__JACPGT01,2.119490666
8848,g__JACPGU01,1.575467544
8849,g__JACPGX01,1.698223044
8850,g__JACPGZ01,1.803807844
8851,g__JACPHA01,2.230536479
8852,g__JACPHB01,1.525097958
8853,g__JACPHC01,1.699889967
8854,g__JACPHD01,1.551041553
8855,g__JACPHH01,1.86709076
8856,g__JACPHL01,2.247663211
8857,g__JACPHN01,5.268430582
8858,g__JACPHP01,1.776608341
8859,g__JACPHX01,2.10589614
8860,g__JACPHY01,1.649485484
8861,g__JACPIA01,1.633453506
8862,g__JACPID01,1.777383813
8863,g__JACPIF01,1.907130394
8864,g__JACPIG01,2.118994371
8865,g__JACPII01,2.455421403
8866,g__JACPIK01,2.156330677
8867,g__JACPIL01,1.979273835
8868,g__JACPIM01,2.124479684
8869,g__JACPIN01,2.012221344
8870,g__JACPIO01,1.76229117
8871,g__JACPIY01,2.685622687
8872,g__JACPJC01,1.934364616
8873,g__JACPJN01,1.63458527
8874,g__JACPJO01,1.686453838
8875,g__JACPJP01,1.726342409
8876,g__JACPJR01,2.173430199
8877,g__JACPJS01,1.824373655
8878,g__JACPJV01,2.076674792
8879,g__JACPJW01,1.769894993
8880,g__JACPJY01,2.77223787
8881,g__JACPKC01,1.413354962
8882,g__JACPKE01,1.752206324
8883,g__JACPKF01,1.931038413
8884,g__JACPKK01,1.41713478
8885,g__JACPKL01,1.361701795
8886,g__JACPKM01,1.390957486
8887,g__JACPKO01,1.879923669
8888,g__JACPKP01,1.403399262
8889,g__JACPKQ01,2.117728813
8890,g__JACPKS01,2.877024118
8891,g__JACPKT01,2.027180127
8892,g__JACPKU01,1.815136448
8893,g__JACPKW01,1.637040359
8894,g__JACPKY01,1.426680891
8895,g__JACPLA01,2.204058093
8896,g__JACPLN01,1.498209538
8897,g__JACPLO01,1.226386111
8898,g__JACPLR01,1.630925505
8899,g__JACPLS01,2.133577804
8900,g__JACPLT01,1.827756788
8901,g__JACPLU01,1.535807968
8902,g__JACPLZ01,2.099929454
8903,g__JACPMA01,1.972228693
8904,g__JACPMD01,1.434077208
8905,g__JACPMF01,1.793166799
8906,g__JACPMG01,1.616992061
8907,g__JACPMJ01,1.560552662
8908,g__JACPMK01,1.456142293
8909,g__JACPNA01,1.989059835
8910,g__JACPNC01,2.256126714
8911,g__JACPND01,1.813638976
8912,g__JACPNE01,1.422253848
8913,g__JACPNF01,1.986513716
8914,g__JACPNG01,1.805208491
8915,g__JACPNH01,1.958377661
8916,g__JACPNI01,1.700969153
8917,g__JACPNK01,1.4826795
8918,g__JACPNN01,2.226594708
8919,g__JACPNO01,2.187741734
8920,g__JACPNR01,2.251091385
8921,g__JACPNS01,2.588217178
8922,g__JACPNV01,2.658536659
8923,g__JACPNX01,2.520499453
8924,g__JACPNY01,2.235820685
8925,g__JACPOE01,2.494071247
8926,g__JACPOP01,2.173744461
8927,g__JACPOT01,2.114268554
8928,g__JACPOV01,2.094020998
8929,g__JACPPC01,2.61369648
8930,g__JACPPG01,3.286083
8931,g__JACPPH01,1.982896602
8932,g__JACPPJ01,2.845694218
8933,g__JACPPM01,3.876163133
8934,g__JACPPN01,2.372814255
8935,g__JACPPP01,2.407842364
8936,g__JACPPQ01,2.371494124
8937,g__JACPPR01,2.488430413
8938,g__JACPPT01,2.137077009
8939,g__JACPPV01,2.423487458
8940,g__JACPPX01,1.661369469
8941,g__JACPPY01,2.362785445
8942,g__JACPQC01,2.073492358
8943,g__JACPQD01,3.439136589
8944,g__JACPQF01,3.228652827
8945,g__JACPQH01,2.190944677
8946,g__JACPQI01,1.885124805
8947,g__JACPQK01,2.059980202
8948,g__JACPQL01,2.25389249
8949,g__JACPQM01,2.795177038
8950,g__JACPQN01,2.314441895
8951,g__JACPQO01,2.181836554
8952,g__JACPQP01,2.752486385
8953,g__JACPQR01,4.172530763
8954,g__JACPQU01,2.100423438
8955,g__JACPQY01,2.479642146
8956,g__JACPQZ01,1.67982842
8957,g__JACPRA01,1.641422593
8958,g__JACPRB01,2.881420153
8959,g__JACPRC01,2.535189393
8960,g__JACPRG01,2.084937324
8961,g__JACPRH01,2.434657175
8962,g__JACPRK01,3.244458154
8963,g__JACPRL01,1.834052897
8964,g__JACPRP01,2.522428663
8965,g__JACPRR01,2.26030797
8966,g__JACPRU01,2.071688611
8967,g__JACPRW01,2.040966236
8968,g__JACPRY01,2.128861644
8969,g__JACPRZ01,2.661503583
8970,g__JACPSA01,2.147380929
8971,g__JACPSH01,2.458701116
8972,g__JACPSJ01,1.704999088
8973,g__JACPSL01,1.883713118
8974,g__JACPSQ01,1.649484379
8975,g__JACPST01,2.083632066
8976,g__JACPSV01,1.978081322
8977,g__JACPSX01,2.69280892
8978,g__JACPTA01,2.54239383
8979,g__JACPTB01,2.178850696
8980,g__JACPTE01,1.615770224
8981,g__JACPTG01,2.421225315
8982,g__JACPTH01,2.754880601
8983,g__JACPTQ01,3.343068462
8984,g__JACPTS01,1.504928416
8985,g__JACPTT01,1.375728631
8986,g__JACPTX01,1.538172729
8987,g__JACPTZ01,2.817197608
8988,g__JACPUC01,2.765599664
8989,g__JACPUP01,1.44883219
8990,g__JACPUW01,3.054936594
8991,g__JACPUX01,3.058822415
8992,g__JACPVF01,3.162534554
8993,g__JACPVI01,3.826700097
8994,g__JACPVK01,2.846913361
8995,g__JACPVU01,1.740828983
8996,g__JACPVY01,3.829745041
8997,g__JACPWG01,4.183516871
8998,g__JACPWO01,1.953558139
8999,g__JACPWU01,2.273189678
9000,g__JACPWV01,1.664687184
9001,g__JACPWY01,3.003386883
9002,g__JACPXA01,2.174430188
9003,g__JACPXH01,1.321431512
9004,g__JACPXK01,1.902896524
9005,g__JACPXM01,1.736297604
9006,g__JACPXN01,1.809682085
9007,g__JACPXO01,1.33828857
9008,g__JACPXR01,1.704445193
9009,g__JACPXS01,1.733012072
9010,g__JACPXU01,1.75632676
9011,g__JACPXZ01,1.813213136
9012,g__JACPYA01,1.668107667
9013,g__JACPYF01,2.266941645
9014,g__JACPYG01,1.549871247
9015,g__JACPYM01,4.180264223
9016,g__JACPYZ01,1.658347963
9017,g__JACPZA01,1.388705175
9018,g__JACPZD01,2.135041731
9019,g__JACPZE01,1.450280855
9020,g__JACPZF01,1.527366031
9021,g__JACPZJ01,2.364278334
9022,g__JACPZM01,2.150189884
9023,g__JACPZP01,4.265906876
9024,g__JACPZR01,2.812800445
9025,g__JACPZS01,3.50809302
9026,g__JACPZX01,2.883703231
9027,g__JACPZZ01,1.703816094
9028,g__JACQAB01,2.367607397
9029,g__JACQAE01,2.933354742
9030,g__JACQAF01,2.618465756
9031,g__JACQAG01,3.332358053
9032,g__JACQAI01,3.511080445
9033,g__JACQAJ01,1.900355155
9034,g__JACQAP01,3.403296264
9035,g__JACQAR01,1.508741682
9036,g__JACQAT01,1.849864767
9037,g__JACQAX01,4.280565565
9038,g__JACQBA01,2.731541408
9039,g__JACQBC01,3.098634777
9040,g__JACQBK01,2.16776803
9041,g__JACQBO01,1.385017565
9042,g__JACQBQ01,2.308122854
9043,g__JACQBR01,2.066233289
9044,g__JACQBW01,2.341825267
9045,g__JACQBY01,2.516773306
9046,g__JACQBZ01,2.368440655
9047,g__JACQCA01,2.40542198
9048,g__JACQCE01,2.061545512
9049,g__JACQCF01,2.315705854
9050,g__JACQCH01,1.919589015
9051,g__JACQCK01,1.207433156
9052,g__JACQCL01,2.139640783
9053,g__JACQCQ01,1.842206972
9054,g__JACQCV01,1.919658026
9055,g__JACQCZ01,2.585473907
9056,g__JACQDB01,3.721148374
9057,g__JACQDE01,2.561147361
9058,g__JACQDG01,2.590240498
9059,g__JACQDI01,3.28271951
9060,g__JACQDK01,2.126461166
9061,g__JACQDL01,2.82835508
9062,g__JACQDQ01,3.877750014
9063,g__JACQDT01,1.616720399
9064,g__JACQDU01,3.33996451
9065,g__JACQEA01,2.170723909
9066,g__JACQEC01,2.447166481
9067,g__JACQED01,3.20770005
9068,g__JACQEE01,2.414319948
9069,g__JACQEL01,4.835437197
9070,g__JACQEN01,3.865500169
9071,g__JACQEP01,2.858921718
9072,g__JACQEW01,2.485392854
9073,g__JACQEX01,2.361633208
9074,g__JACQFA01,2.21823866
9075,g__JACQFD01,3.312446978
9076,g__JACQFH01,4.633441823
9077,g__JACQFI01,3.261042041
9078,g__JACQFK01,3.059436279
9079,g__JACQFL01,2.653231192
9080,g__JACQFM01,2.098941374
9081,g__JACQFS01,3.196166746
9082,g__JACQFT01,2.822011046
9083,g__JACQFV01,2.118250241
9084,g__JACQFX01,2.686253341
9085,g__JACQFZ01,2.96429764
9086,g__JACQGE01,2.43844707
9087,g__JACQGI01,1.372500874
9088,g__JACQGJ01,2.574135412
9089,g__JACQGL01,2.703343315
9090,g__JACQGM01,2.992875586
9091,g__JACQGO01,2.980033094
9092,g__JACQGQ01,2.407055728
9093,g__JACQGS01,2.300743955
9094,g__JACQGT01,3.730905388
9095,g__JACQGV01,1.93270903
9096,g__JACQGW01,2.819576847
9097,g__JACQGX01,3.570269938
9098,g__JACQGZ01,1.826683506
9099,g__JACQHA01,2.118902564
9100,g__JACQHC01,2.323850414
9101,g__JACQHE01,1.477273264
9102,g__JACQHH01,2.543488978
9103,g__JACQHI01,2.085853688
9104,g__JACQHJ01,1.277325237
9105,g__JACQHK01,1.475098172
9106,g__JACQHM01,2.635606324
9107,g__JACQHR01,1.676158002
9108,g__JACQHS01,1.514261974
9109,g__JACQHT01,2.859899045
9110,g__JACQHU01,1.843793065
9111,g__JACQHZ01,3.662215169
9112,g__JACQIA01,1.856688051
9113,g__JACQIB01,1.826638111
9114,g__JACQIC01,2.526353496
9115,g__JACQID01,1.955508925
9116,g__JACQIF01,1.679842906
9117,g__JACQIG01,1.594179331
9118,g__JACQIJ01,2.574418776
9119,g__JACQIO01,1.310728606
9120,g__JACQIV01,1.583994314
9121,g__JACQIX01,1.627173789
9122,g__JACQJD01,2.325369392
9123,g__JACQJE01,2.076336726
9124,g__JACQJF01,1.930380405
9125,g__JACQJG01,1.678597809
9126,g__JACQJH01,1.924124532
9127,g__JACQJI01,1.604266413
9128,g__JACQJK01,1.45056718
9129,g__JACQJM01,2.003024271
9130,g__JACQJN01,1.777161412
9131,g__JACQJO01,2.439291235
9132,g__JACQJP01,1.958557335
9133,g__JACQJR01,0.905242847
9134,g__JACQJU01,1.785972187
9135,g__JACQKA01,1.910226927
9136,g__JACQKD01,1.811619348
9137,g__JACQKH01,1.470782059
9138,g__JACQKJ01,1.576183209
9139,g__JACQKK01,2.542893233
9140,g__JACQKQ01,1.709767212
9141,g__JACQKR01,1.562533466
9142,g__JACQKT01,1.702238828
9143,g__JACQKU01,1.716536867
9144,g__JACQKW01,1.407088593
9145,g__JACQLI01,1.927240413
9146,g__JACQLK01,1.90991692
9147,g__JACQLL01,1.789082035
9148,g__JACQLN01,1.551664206
9149,g__JACQLQ01,1.838278157
9150,g__JACQLT01,1.473020975
9151,g__JACQLU01,1.695588339
9152,g__JACQMA01,2.21446969
9153,g__JACQMB01,2.176145869
9154,g__JACQMD01,1.770856746
9155,g__JACQMR01,1.737066325
9156,g__JACQMS01,2.656758714
9157,g__JACQMU01,3.490079042
9158,g__JACQMV01,3.290411606
9159,g__JACQMX01,1.678399607
9160,g__JACQNA01,1.582357955
9161,g__JACQNH01,1.862614118
9162,g__JACQNI01,1.645907136
9163,g__JACQNJ01,1.600921149
9164,g__JACQNR01,2.585949503
9165,g__JACQNT01,1.760032614
9166,g__JACQNV01,1.889765736
9167,g__JACQNW01,2.03173755
9168,g__JACQNX01,1.880864243
9169,g__JACQOC01,1.758702557
9170,g__JACQOD01,1.682885871
9171,g__JACQOE01,2.314974114
9172,g__JACQOF01,2.518325166
9173,g__JACQOL01,2.111439568
9174,g__JACQON01,2.443332732
9175,g__JACQOR01,2.008758783
9176,g__JACQOS01,2.105024576
9177,g__JACQOU01,3.177509146
9178,g__JACQOV01,2.401805087
9179,g__JACQOX01,2.261182977
9180,g__JACQOY01,2.4235693
9181,g__JACQPC01,1.503600363
9182,g__JACQPE01,2.351006944
9183,g__JACQPF01,1.90814138
9184,g__JACQPG01,2.505954188
9185,g__JACQPI01,1.881874289
9186,g__JACQPM01,1.87680531
9187,g__JACQPN01,2.688411456
9188,g__JACQPP01,2.201273764
9189,g__JACQPQ01,2.441253391
9190,g__JACQPS01,2.425365853
9191,g__JACQPT01,2.491310518
9192,g__JACQPU01,2.279790074
9193,g__JACQPY01,1.338460992
9194,g__JACQQB01,1.814357332
9195,g__JACQQJ01,2.007749965
9196,g__JACQQM01,2.357142181
9197,g__JACQQN01,1.69653164
9198,g__JACQQR01,1.925094004
9199,g__JACQQS01,1.891658571
9200,g__JACQQV01,1.458464892
9201,g__JACQQW01,1.801549912
9202,g__JACQQX01,1.66061415
9203,g__JACQQY01,1.633496444
9204,g__JACQQZ01,1.679040601
9205,g__JACQRB01,1.495883486
9206,g__JACQRC01,1.579852438
9207,g__JACQRD01,1.537189704
9208,g__JACQRE01,1.129161397
9209,g__JACQRF01,1.517580036
9210,g__JACQRG01,1.108027334
9211,g__JACQRJ01,1.868602039
9212,g__JACQRL01,2.648069112
9213,g__JACQRN01,1.992824221
9214,g__JACQRW01,1.86289994
9215,g__JACQRY01,2.449137667
9216,g__JACQRZ01,1.71281284
9217,g__JACQSA01,1.605393979
9218,g__JACQSB01,1.770398221
9219,g__JACQSC01,1.871567215
9220,g__JACQSD01,1.580753031
9221,g__JACQSM01,1.899007076
9222,g__JACQSP01,2.186764117
9223,g__JACQSR01,2.139686987
9224,g__JACQSS01,2.095982928
9225,g__JACQST01,1.617567612
9226,g__JACQSU01,2.935110773
9227,g__JACQSW01,1.907859747
9228,g__JACQSX01,2.503623567
9229,g__JACQSY01,2.6730082
9230,g__JACQTD01,3.018296699
9231,g__JACQTF01,2.920248617
9232,g__JACQTG01,2.023377866
9233,g__JACQTH01,2.775013555
9234,g__JACQTL01,2.373993146
9235,g__JACQTM01,2.860528914
9236,g__JACQTN01,2.783721036
9237,g__JACQTO01,3.228667562
9238,g__JACQTR01,1.983821228
9239,g__JACQTT01,2.116058399
9240,g__JACQTX01,2.622048381
9241,g__JACQTZ01,1.857153371
9242,g__JACQUA01,4.055420949
9243,g__JACQUC01,3.746401153
9244,g__JACQUD01,1.921729755
9245,g__JACQUE01,1.75955798
9246,g__JACQUK01,2.509180619
9247,g__JACQUM01,2.021810509
9248,g__JACQUN01,2.190314792
9249,g__JACQUO01,1.861328802
9250,g__JACQUQ01,2.578627576
9251,g__JACQUR01,3.070482148
9252,g__JACQUS01,2.751728006
9253,g__JACQUT01,2.642246123
9254,g__JACQUW01,5.179095263
9255,g__JACQUX01,2.536821572
9256,g__JACQUZ01,3.79443577
9257,g__JACQVA1,3.524721617
9258,g__JACQVC01,2.775842703
9259,g__JACQVD01,1.96960359
9260,g__JACQVE01,2.491392972
9261,g__JACQVF01,2.899487315
9262,g__JACQVH01,2.999886097
9263,g__JACQVI01,2.711376334
9264,g__JACQVJ01,2.004345426
9265,g__JACQVL01,2.285988253
9266,g__JACQVM01,2.257423522
9267,g__JACQVP01,1.769551113
9268,g__JACQVR01,3.028344843
9269,g__JACQVS01,3.108452174
9270,g__JACQVT01,2.756716075
9271,g__JACQVU01,2.676951811
9272,g__JACQVV01,4.335750571
9273,g__JACQVW01,4.184393846
9274,g__JACQVX01,3.198671128
9275,g__JACQWA01,3.288073576
9276,g__JACQWB01,2.729812107
9277,g__JACQWC01,3.172607592
9278,g__JACQWH01,1.740360643
9279,g__JACQWM01,1.7555835
9280,g__JACQWN01,3.571192972
9281,g__JACQWR01,2.515502637
9282,g__JACQWT01,4.447315375
9283,g__JACQWU01,2.651217116
9284,g__JACQWV01,2.213709029
9285,g__JACQWW01,2.393271606
9286,g__JACQWX01,2.559435037
9287,g__JACQWY01,3.719573711
9288,g__JACQX01,2.444613397
9289,g__JACQXA01,2.851847335
9290,g__JACQXB01,2.133912454
9291,g__JACQXD01,2.68789954
9292,g__JACQXE01,2.478544315
9293,g__JACQXF01,2.330148085
9294,g__JACQXH01,2.030801062
9295,g__JACQXL01,2.302909448
9296,g__JACQXM01,2.774569657
9297,g__JACQXN01,1.520046145
9298,g__JACQXS01,2.09318997
9299,g__JACQXT01,1.937302146
9300,g__JACQXU01,1.604241828
9301,g__JACQXW01,1.526164682
9302,g__JACQXX01,4.196173925
9303,g__JACQXY01,2.229400795
9304,g__JACQXZ01,1.987360159
9305,g__JACQYA01,3.01870461
9306,g__JACQYB01,3.151035089
9307,g__JACQYF01,3.793737902
9308,g__JACQYG01,2.247029226
9309,g__JACQYL01,3.84338319
9310,g__JACQYX01,2.144782325
9311,g__JACQZB01,2.710426216
9312,g__JACQZC01,2.263067113
9313,g__JACQZG01,2.288841101
9314,g__JACQZH01,2.159592377
9315,g__JACQZI01,2.209049598
9316,g__JACQZJ01,3.100555177
9317,g__JACQZL01,2.68038869
9318,g__JACQZM01,4.491771409
9319,g__JACQZO01,1.873707158
9320,g__JACQZT01,3.070016403
9321,g__JACQZU01,2.894165974
9322,g__JACQZW01,3.326667898
9323,g__JACRAC01,1.749309225
9324,g__JACRAO01,2.075213796
9325,g__JACRAP01,1.363858312
9326,g__JACRAR01,3.270316187
9327,g__JACRAV01,2.31625701
9328,g__JACRBE01,2.16108775
9329,g__JACRBF01,2.012122303
9330,g__JACRBK01,3.334107407
9331,g__JACRBM01,3.573810011
9332,g__JACRBR01,2.711495668
9333,g__JACRBT01,2.738725477
9334,g__JACRBU01,2.399896585
9335,g__JACRBV01,2.491157435
9336,g__JACRCA01,3.030584819
9337,g__JACRCB01,1.895488764
9338,g__JACRCC01,2.054868907
9339,g__JACRCE01,2.488046455
9340,g__JACRCG01,3.669506844
9341,g__JACRCH01,2.173240079
9342,g__JACRCI01,2.010965172
9343,g__JACRCK01,2.859149762
9344,g__JACRCL01,1.807108533
9345,g__JACRCP01,3.741991197
9346,g__JACRCQ01,4.538701345
9347,g__JACRCS01,4.563535612
9348,g__JACRCT01,4.882394416
9349,g__JACRCV01,3.861606163
9350,g__JACRCW01,3.89974127
9351,g__JACRCY01,3.538827214
9352,g__JACRDA01,4.6067937
9353,g__JACRDB01,4.010028166
9354,g__JACRDC01,2.693469915
9355,g__JACRDF01,3.875755832
9356,g__JACRDG01,3.631400056
9357,g__JACRDJ01,1.918699636
9358,g__JACRDN01,2.282140576
9359,g__JACRDR01,3.092992811
9360,g__JACRDT01,2.418280821
9361,g__JACRDV01,2.546607493
9362,g__JACRDW01,2.243604739
9363,g__JACRDX01,1.306766134
9364,g__JACRDY01,1.576251927
9365,g__JACRDZ01,2.167051482
9366,g__JACREF01,2.340856915
9367,g__JACREH01,2.181162702
9368,g__JACREK01,1.538357705
9369,g__JACREM01,1.455406186
9370,g__JACREN01,1.114210786
9371,g__JACREP01,1.514974013
9372,g__JACRFB01,2.871215906
9373,g__JACRFF01,1.825635866
9374,g__JACRFG01,1.82336903
9375,g__JACRFM01,1.727863554
9376,g__JACRFN01,1.877722666
9377,g__JACRFQ01,0.993440523
9378,g__JACRFR01,1.944530844
9379,g__JACRFW01,1.595491207
9380,g__JACRFY01,3.081910924
9381,g__JACRGC01,2.154872913
9382,g__JACRGE01,1.771762478
9383,g__JACRGF01,2.045462025
9384,g__JACRGG01,2.01342331
9385,g__JACRGL01,2.272721401
9386,g__JACRGO01,3.203505967
9387,g__JACRGP01,2.486269568
9388,g__JACRGQ01,2.532548226
9389,g__JACRGR01,2.432785122
9390,g__JACRGU01,1.981444955
9391,g__JACRGV01,2.381989239
9392,g__JACRGW01,2.140315306
9393,g__JACRGX01,2.073400982
9394,g__JACRGZ01,2.111925806
9395,g__JACRHA01,2.421429799
9396,g__JACRHE01,2.819380885
9397,g__JACRHF01,2.044867023
9398,g__JACRHH01,3.073088127
9399,g__JACRHJ01,2.476006895
9400,g__JACRHK01,2.045415763
9401,g__JACRHL01,2.614595311
9402,g__JACRHO01,1.372442464
9403,g__JACRHU01,1.929132561
9404,g__JACRHV01,1.483228615
9405,g__JACRHW01,1.730929882
9406,g__JACRHY01,1.35261474
9407,g__JACRHZ01,1.977787572
9408,g__JACRIB01,1.933832339
9409,g__JACRIC01,1.773681709
9410,g__JACRID01,2.122804943
9411,g__JACRIE01,2.065815152
9412,g__JACRIG01,1.423274058
9413,g__JACRIH01,3.924408961
9414,g__JACRIJ01,2.599572989
9415,g__JACRIK01,2.391053365
9416,g__JACRIL01,2.686725566
9417,g__JACRIM01,3.138288311
9418,g__JACRIN01,3.155870959
9419,g__JACRIP01,2.951723964
9420,g__JACRIR01,3.330246174
9421,g__JACRIV01,2.115385056
9422,g__JACRJM01,2.562045674
9423,g__JACRJN01,2.609124858
9424,g__JACRJP01,2.306958284
9425,g__JACRJV01,1.933299868
9426,g__JACRJW01,1.647613532
9427,g__JACRJY01,2.871509016
9428,g__JACRJZ01,2.832994826
9429,g__JACRKA01,2.207943663
9430,g__JACRKD01,1.405010321
9431,g__JACRKE01,1.86952802
9432,g__JACRKF01,2.010593075
9433,g__JACRKG01,2.419203956
9434,g__JACRKJ01,1.8020477
9435,g__JACRKK01,2.062842655
9436,g__JACRKL01,2.161404601
9437,g__JACRKQ01,1.952796763
9438,g__JACRLF01,2.115843298
9439,g__JACRLG01,2.649288706
9440,g__JACRLI01,2.124828367
9441,g__JACRLJ01,3.207604208
9442,g__JACRLM01,2.924607137
9443,g__JACRLV01,2.882638827
9444,g__JACRLW01,3.235310995
9445,g__JACRMA01,2.731458882
9446,g__JACRMB01,2.065856985
9447,g__JACRMI01,4.482439588
9448,g__JACRMK01,3.286761229
9449,g__JACRMM01,3.555395842
9450,g__JACRMN01,2.795509058
9451,g__JACRMR01,2.229654482
9452,g__JACRMX01,1.869373291
9453,g__JACRMZ01,2.116547364
9454,g__JACRNA01,1.309239877
9455,g__JACRNE01,1.870043034
9456,g__JACRNF01,2.114002813
9457,g__JACRNI01,2.185002809
9458,g__JACRNJ01,2.286973727
9459,g__JACRNL01,2.213282812
9460,g__JACRNO01,2.179795333
9461,g__JACRNP01,2.230727673
9462,g__JACRNV01,2.384685995
9463,g__JACRNX01,1.725609674
9464,g__JACROC01,1.621719834
9465,g__JACROE01,1.743222602
9466,g__JACROF01,1.688717374
9467,g__JACROH01,1.576720345
9468,g__JACROM01,2.14508373
9469,g__JACROO01,1.985059774
9470,g__JACROP01,2.30207913
9471,g__JACROR01,1.457075156
9472,g__JACROS01,1.738028333
9473,g__JACROU01,2.817687836
9474,g__JACROW01,1.319994203
9475,g__JACROX01,1.824381903
9476,g__JACRPC01,3.086468288
9477,g__JACRPF01,2.257402578
9478,g__JACRPH01,2.150836798
9479,g__JACRPI01,1.96593629
9480,g__JACRPK01,1.579674062
9481,g__JACRPL01,1.917321227
9482,g__JACRPM01,1.998009196
9483,g__JACRPR01,3.536680444
9484,g__JACRPT01,2.086969971
9485,g__JACRPW01,2.325309236
9486,g__JACRPZ01,2.55240256
9487,g__JACRTK01,2.671793673
9488,g__JACRUB01,2.602304004
9489,g__JACSRF01,3.614473344
9490,g__JACSRS01,3.27314795
9491,g__JACTMI01,2.600527679
9492,g__JACTMJ01,2.821638491
9493,g__JACTMU01,3.19094208
9494,g__JACTMZ01,2.320367344
9495,g__JACTTX01,1.331343879
9496,g__JACTUA01,2.029015455
9497,g__JACTUC01,2.120371353
9498,g__JACVCA01,2.279032841
9499,g__JACVCJ01,3.476552574
9500,g__JACVCK01,2.617588557
9501,g__JACVCL01,2.107683231
9502,g__JACVCS01,2.767224901
9503,g__JACVJK01,2.166523828
9504,g__JACVQG01,2.936006673
9505,g__JACVQI01,2.572988435
9506,g__JACVQK01,2.334096088
9507,g__JACVRM01,2.069376213
9508,g__JACVRN01,3.496078302
9509,g__JACVRR01,1.616695106
9510,g__JACVRW01,2.621872032
9511,g__JACVRX01,1.910153324
9512,g__JACVSB01,1.730284134
9513,g__JACVSF01,4.100709507
9514,g__JACVXV01,3.994096865
9515,g__JACWAD01,1.980000337
9516,g__JACWAE01,2.879369556
9517,g__JACWAF01,2.229203775
9518,g__JACWAH01,2.189399895
9519,g__JACWAJ01,1.877530129
9520,g__JACWAO01,1.629920935
9521,g__JACXTP01,2.357323473
9522,g__JACXUD01,4.832467479
9523,g__JACXUG01,3.075607258
9524,g__JACXUX01,3.162090409
9525,g__JACXVD01,3.292430182
9526,g__JACYLR01,2.496867133
9527,g__JACYLU01,3.501290879
9528,g__JACYMB01,3.932995185
9529,g__JACYMC01,3.361811916
9530,g__JACYME01,3.577364253
9531,g__JACZKF01,3.13505212
9532,g__JACZKN01,2.595465313
9533,g__JACZKQ01,2.368163857
9534,g__JACZKS01,3.472250108
9535,g__JACZQL01,2.541108798
9536,g__JACZQN01,2.416109744
9537,g__JACZQV01,2.431894828
9538,g__JACZQZ01,2.311812548
9539,g__JACZRH01,2.899207014
9540,g__JACZRI01,1.502422159
9541,g__JACZRJ01,1.247844311
9542,g__JACZRM01,2.404842755
9543,g__JACZRQ01,2.668391974
9544,g__JACZRS01,3.135171982
9545,g__JACZRV01,2.984081636
9546,g__JACZRW01,1.91244186
9547,g__JACZSB01,2.606759504
9548,g__JACZSH01,2.018751935
9549,g__JACZSK01,2.830435962
9550,g__JACZSL01,1.568516964
9551,g__JACZST01,2.51590682
9552,g__JACZSY01,2.981781869
9553,g__JACZTA01,3.21294193
9554,g__JACZTE01,2.089859773
9555,g__JACZTG01,2.575065319
9556,g__JACZTW01,2.550508543
9557,g__JACZUI01,2.85439876
9558,g__JACZUY01,2.318539414
9559,g__JACZUZ01,2.413654519
9560,g__JACZVB01,2.428656516
9561,g__JACZVE01,2.398078037
9562,g__JACZVJ01,3.073023832
9563,g__JACZVL01,2.606876498
9564,g__JACZVN01,1.287039789
9565,g__JACZVS01,1.567863292
9566,g__JACZVU01,2.748776876
9567,g__JACZVV01,3.013666856
9568,g__JACZWL01,2.875853457
9569,g__JACZWN01,2.625035947
9570,g__JACZWU01,2.738329771
9571,g__JACZWZ01,2.926854502
9572,g__JACZXC01,2.876000631
9573,g__JACZXM01,2.963125617
9574,g__JACZXQ01,3.036259471
9575,g__JACZXR01,3.100410844
9576,g__JACZXZ01,2.243839506
9577,g__JACZYA01,2.644746966
9578,g__JACZYI01,2.568159683
9579,g__JACZYK01,2.403528317
9580,g__JACZYS01,2.475102672
9581,g__JADCCX01,3.502602893
9582,g__JADCGM01,2.52807848
9583,g__JADCGN01,2.171231228
9584,g__JADCJN01,4.030789217
9585,g__JADCRZ01,3.1552963
9586,g__JADDFT01,2.195241791
9587,g__JADDHL01,2.636002205
9588,g__JADDRA01,2.015087823
9589,g__JADFAK01,3.784699891
9590,g__JADFCQ01,4.044692156
9591,g__JADFCT01,2.067810733
9592,g__JADFCW01,2.120053251
9593,g__JADFDG01,2.969772066
9594,g__JADFDR01,2.307681463
9595,g__JADFFQ01,2.652294249
9596,g__JADFFS01,3.025002513
9597,g__JADFGH01,2.806372816
9598,g__JADFGI01,2.838602428
9599,g__JADFGN01,4.697921206
9600,g__JADFGT01,2.776772378
9601,g__JADFGU01,2.173178605
9602,g__JADFGZ01,2.877698337
9603,g__JADFHG01,2.678227267
9604,g__JADFHV01,2.430938431
9605,g__JADFIA01,2.598767927
9606,g__JADFIF01,2.610544319
9607,g__JADFIH01,2.604941852
9608,g__JADFIX01,3.505536242
9609,g__JADFJB01,3.199741415
9610,g__JADFJS01,2.292773069
9611,g__JADFKB01,2.615285367
9612,g__JADFKI01,2.677538414
9613,g__JADFKK01,4.325461871
9614,g__JADFKM01,2.305227648
9615,g__JADFKZ01,2.561924094
9616,g__JADFLW01,1.35030871
9617,g__JADFMN01,2.334641765
9618,g__JADFMT01,1.604563732
9619,g__JADFMW01,2.330293902
9620,g__JADFMZ01,2.722325096
9621,g__JADFNA01,2.271819191
9622,g__JADFNB01,2.783346523
9623,g__JADFNF01,2.290823346
9624,g__JADFNO01,2.780331734
9625,g__JADFNQ01,2.28938096
9626,g__JADFOB01,3.125301566
9627,g__JADFOI01,2.796707021
9628,g__JADFOJ01,2.733082419
9629,g__JADFOM01,2.734196176
9630,g__JADFON01,2.422201187
9631,g__JADFOP01,2.121638331
9632,g__JADFOU01,2.377391568
9633,g__JADFPB01,2.817609719
9634,g__JADFPI01,1.103536215
9635,g__JADFPW01,3.030225659
9636,g__JADFQT01,2.497346801
9637,g__JADFRC01,2.21685868
9638,g__JADFRG01,2.499819321
9639,g__JADFRH01,2.232211967
9640,g__JADFRL01,1.710027825
9641,g__JADFRQ01,2.699490353
9642,g__JADFRY01,1.703373542
9643,g__JADFSH01,3.089754907
9644,g__JADFSL01,1.688341256
9645,g__JADFSS01,2.378395615
9646,g__JADFSZ01,1.912491998
9647,g__JADFTK01,1.624815412
9648,g__JADFTO01,2.510214049
9649,g__JADFUO01,2.154558543
9650,g__JADFUQ01,2.124798869
9651,g__JADFUS01,1.789441965
9652,g__JADFUX01,2.070837356
9653,g__JADFUZ01,2.133011245
9654,g__JADFVG01,2.176617575
9655,g__JADFVM01,2.963023967
9656,g__JADFVP01,2.110259762
9657,g__JADFVX01,2.363924064
9658,g__JADFVY01,3.101381662
9659,g__JADFWA01,2.314565699
9660,g__JADFWS01,2.000013578
9661,g__JADFWT01,2.895370201
9662,g__JADFWU01,2.965749723
9663,g__JADFXB01,3.467399358
9664,g__JADFXG01,2.805432229
9665,g__JADFXI01,2.482770368
9666,g__JADFXJ01,2.917662395
9667,g__JADFXK01,3.037405078
9668,g__JADFXL01,2.878905142
9669,g__JADFXM01,4.370906063
9670,g__JADFXP01,2.725027381
9671,g__JADFXQ01,1.833342818
9672,g__JADFXS01,3.260775303
9673,g__JADFXT01,1.969811263
9674,g__JADFXV01,2.57364852
9675,g__JADFYD01,1.757221073
9676,g__JADFYE01,2.045935962
9677,g__JADFYG01,4.371952331
9678,g__JADFYH01,2.703250559
9679,g__JADFYS01,2.851769832
9680,g__JADFYW01,3.260187604
9681,g__JADFZC01,3.20753261
9682,g__JADFZM01,1.774994178
9683,g__JADFZP01,2.954679523
9684,g__JADFZT01,3.311333616
9685,g__JADFZW01,3.519680913
9686,g__JADFZZ01,4.356229207
9687,g__JADGAN01,3.969968014
9688,g__JADGAO01,2.917739778
9689,g__JADGAP01,3.098774797
9690,g__JADGAQ01,3.154121441
9691,g__JADGAU01,3.085105975
9692,g__JADGAV01,3.880431756
9693,g__JADGAW01,2.557885332
9694,g__JADGBA01,1.604236369
9695,g__JADGBB01,1.829626635
9696,g__JADGBD01,2.843062044
9697,g__JADGBG01,3.351276808
9698,g__JADGBH01,3.241306824
9699,g__JADGBM01,3.08899065
9700,g__JADGBR01,2.300481555
9701,g__JADGBV01,2.839166992
9702,g__JADGBX01,3.138415662
9703,g__JADGCD01,2.265401645
9704,g__JADGCH01,2.741000328
9705,g__JADGCL01,2.287615707
9706,g__JADGCS01,3.298138254
9707,g__JADGDA01,2.506234786
9708,g__JADGDD01,3.538199592
9709,g__JADGDF01,3.174896875
9710,g__JADGDT01,2.712054046
9711,g__JADGGD01,2.372655839
9712,g__JADGGM01,2.734033768
9713,g__JADGGV01,2.676935214
9714,g__JADGGZ01,2.955966063
9715,g__JADGHA01,2.586278532
9716,g__JADGHE01,2.430291383
9717,g__JADGHG01,1.690485163
9718,g__JADGHJ01,2.870966408
9719,g__JADGHK01,2.708497659
9720,g__JADGHL01,3.470257826
9721,g__JADGHQ01,2.073146241
9722,g__JADGHX01,3.294732618
9723,g__JADGIC01,2.421914636
9724,g__JADGNF01,2.465637671
9725,g__JADGNR01,3.622922346
9726,g__JADGNW01,3.223463639
9727,g__JADGNX01,2.965885165
9728,g__JADGNZ01,3.846909044
9729,g__JADGOC01,2.735714273
9730,g__JADGOP01,2.408124377
9731,g__JADGOR01,2.096409799
9732,g__JADGOU01,2.641223948
9733,g__JADGOV01,2.515372566
9734,g__JADGOW01,2.360201367
9735,g__JADGPY01,2.522965222
9736,g__JADGQA01,2.117698086
9737,g__JADGQE01,2.700918277
9738,g__JADGQF01,3.16529121
9739,g__JADGQM01,3.486656184
9740,g__JADGQN01,3.462306793
9741,g__JADGQW01,1.842968881
9742,g__JADGQX01,2.3565283
9743,g__JADGRA01,3.02313639
9744,g__JADGRB01,3.111104211
9745,g__JADGRF01,3.685649075
9746,g__JADGRH01,1.842487456
9747,g__JADGRN01,2.53877891
9748,g__JADGRQ01,3.89704062
9749,g__JADGRT01,1.962160222
9750,g__JADHLI01,2.735668575
9751,g__JADHLJ01,3.383630587
9752,g__JADHLK01,2.183189657
9753,g__JADHLN01,1.663855354
9754,g__JADHOX01,2.037514471
9755,g__JADHOZ01,1.786564703
9756,g__JADHTD01,2.520978165
9757,g__JADHTQ01,3.475170374
9758,g__JADHTT01,2.434553389
9759,g__JADHUC01,4.292985495
9760,g__JADHVM01,1.971843206
9761,g__JADHWD01,2.229748786
9762,g__JADHWI01,1.950657368
9763,g__JADHWO01,2.342506178
9764,g__JADHYG01,1.420640399
9765,g__JADHZC01,2.068518466
9766,g__JADIIM01,2.266590205
9767,g__JADIYM01,3.513765798
9768,g__JADIYW01,3.225638584
9769,g__JADJAH01,2.837808721
9770,g__JADJBS01,4.107514752
9771,g__JADJBV01,5.394766928
9772,g__JADJBW01,3.326913684
9773,g__JADJCA01,5.418691003
9774,g__JADJCH01,3.845387173
9775,g__JADJCP01,3.305274409
9776,g__JADJDM01,4.04483436
9777,g__JADJDQ01,4.001809398
9778,g__JADJEF01,3.524501401
9779,g__JADJEI01,3.184556285
9780,g__JADJEK01,3.077981826
9781,g__JADJGA01,2.69484306
9782,g__JADJGC01,2.850257257
9783,g__JADJGJ01,3.787822656
9784,g__JADJHU01,2.809785035
9785,g__JADJJE01,4.546896718
9786,g__JADJJR01,2.223924276
9787,g__JADJKB01,5.078237599
9788,g__JADJLO01,3.98250232
9789,g__JADJLQ01,3.182954831
9790,g__JADJLZ01,3.097919205
9791,g__JADJMO01,5.447793316
9792,g__JADJNW01,3.504323928
9793,g__JADJNY01,3.140963192
9794,g__JADJOA01,3.660398881
9795,g__JADJOM01,2.629167282
9796,g__JADJOU01,3.755273751
9797,g__JADJOV01,4.228536776
9798,g__JADJOY01,5.79420236
9799,g__JADJPE01,3.951043227
9800,g__JADJPF01,3.727332921
9801,g__JADJPG01,4.216208277
9802,g__JADJPL01,3.188669381
9803,g__JADJPO01,3.435660816
9804,g__JADJPQ01,4.261370872
9805,g__JADJPY01,3.336603976
9806,g__JADJQN01,4.260908069
9807,g__JADJQU01,2.948419323
9808,g__JADJQY01,3.790415633
9809,g__JADJRF01,2.565233765
9810,g__JADJRG01,4.677692312
9811,g__JADJRH01,6.214804591
9812,g__JADJRI01,3.32109775
9813,g__JADJRK01,2.911403042
9814,g__JADJSS01,2.98956434
9815,g__JADJTE01,4.035433507
9816,g__JADJTG01,3.165739215
9817,g__JADJTI01,2.603895258
9818,g__JADJTL01,3.152964037
9819,g__JADJTR01,3.276558528
9820,g__JADJTT01,3.2676926
9821,g__JADJUW01,3.610758047
9822,g__JADJVA01,3.660717764
9823,g__JADJVJ01,2.963182131
9824,g__JADJVK01,3.390483295
9825,g__JADJVL01,3.295581651
9826,g__JADJVZ01,3.240232427
9827,g__JADJWF01,3.36641666
9828,g__JADJWG01,2.80780246
9829,g__JADJWH01,2.315936344
9830,g__JADJWK01,4.393606065
9831,g__JADJWL01,3.33284409
9832,g__JADJWQ01,3.806888781
9833,g__JADJWR01,2.663587985
9834,g__JADJWY01,4.351853125
9835,g__JADJXE01,2.660547676
9836,g__JADJXM01,3.380784419
9837,g__JADJXN01,2.626305167
9838,g__JADJXQ01,2.705718723
9839,g__JADJXV01,3.27297729
9840,g__JADJYF01,3.732186421
9841,g__JADJYJ01,3.940324185
9842,g__JADKAC01,3.000075113
9843,g__JADKAF01,3.690659604
9844,g__JADKAV01,3.030257388
9845,g__JADKBO01,3.763678739
9846,g__JADKCL01,5.245184674
9847,g__JADKCZ01,2.812972091
9848,g__JADKDL01,3.323795748
9849,g__JADKFD01,3.469826476
9850,g__JADKFE01,5.179940168
9851,g__JADKFV01,3.383286768
9852,g__JADKHC01,2.913350971
9853,g__JADKHE01,3.704855819
9854,g__JADKHK01,2.985060765
9855,g__JADKHR01,2.537816691
9856,g__JADKIH01,4.068859427
9857,g__JADKIY01,2.575687562
9858,g__JADKJB01,3.517121638
9859,g__JADKJE01,3.39309137
9860,g__JADKJP01,3.725031038
9861,g__JADKJR01,4.045576396
9862,g__JADKJW01,2.920181378
9863,g__JADKKF01,2.962829825
9864,g__JADKYY01,3.409846566
9865,g__JADLAK01,3.156755693
9866,g__JADLAP01,2.174240817
9867,g__JADLAT01,2.559244361
9868,g__JADLAZ01,3.111121019
9869,g__JADLBA01,2.563638134
9870,g__JADLBH01,2.380095764
9871,g__JADLBJ01,2.139456104
9872,g__JADLBR01,2.419265453
9873,g__JADLBT01,3.452522877
9874,g__JADLBZ01,2.634057602
9875,g__JADLCB01,2.442412886
9876,g__JADLCI01,1.502164147
9877,g__JADLCM01,2.4319972
9878,g__JADLCR01,2.812530251
9879,g__JADLCX01,2.886971367
9880,g__JADLDB01,4.029021011
9881,g__JADLDD01,1.80335486
9882,g__JADLDI01,3.835971454
9883,g__JADLDK01,2.066257224
9884,g__JADLDM01,2.637187701
9885,g__JADLDQ01,2.630986797
9886,g__JADLDR01,3.09795228
9887,g__JADLDV01,2.130393729
9888,g__JADLEL01,2.970812792
9889,g__JADLEQ01,3.172834843
9890,g__JADLEU01,3.637780421
9891,g__JADLEV01,2.471440882
9892,g__JADLEX01,2.881066769
9893,g__JADLFC01,2.228772631
9894,g__JADLFH01,2.621211918
9895,g__JADLFM01,4.035367315
9896,g__JADLFU01,3.676229478
9897,g__JADLFV01,3.015812281
9898,g__JADLFW01,2.651244243
9899,g__JADLFX01,2.920523766
9900,g__JADLFY01,2.24121019
9901,g__JADLGF01,2.615536171
9902,g__JADLGH01,1.987065917
9903,g__JADLGJ01,1.947183672
9904,g__JADLGL01,2.700138777
9905,g__JADLGO01,2.305486389
9906,g__JADLGS01,2.056847745
9907,g__JADLGW01,2.484902575
9908,g__JADLHG01,4.461961451
9909,g__JADLHS01,3.044229139
9910,g__JADLHZ01,4.550900258
9911,g__JADMIH01,3.197916866
9912,g__JADMII01,2.276347712
9913,g__JADMIL01,2.593909734
9914,g__JADMIN01,3.003147522
9915,g__JADMJV01,5.440576186
9916,g__JADNYK01,3.450703793
9917,g__JADPRS01,3.192620404
9918,g__JADQBR01,3.517208537
9919,g__JADQBS01,3.273147844
9920,g__JADQBT01,2.715697481
9921,g__JADQBU01,2.657463723
9922,g__JADQBV01,2.6534202
9923,g__JADQCB01,2.837272427
9924,g__JADYXR01,4.779189645
9925,g__JADYXS01,4.697841219
9926,g__JADYYB01,2.624390776
9927,g__JADYYK01,4.845015566
9928,g__JADYYL01,2.880677328
9929,g__JADYYQ01,2.636323998
9930,g__JADYYY01,2.623232141
9931,g__JADYYZ01,2.83610662
9932,g__JADYZN01,2.415603712
9933,g__JADYZS01,2.691587339
9934,g__JADYZU01,2.658908554
9935,g__JADZAA01,2.389976616
9936,g__JADZAD01,2.29724492
9937,g__JADZAE01,2.336271241
9938,g__JADZAF01,3.363022009
9939,g__JADZAI01,2.94094518
9940,g__JADZBC01,2.022507389
9941,g__JADZBD01,2.983519287
9942,g__JADZBN01,2.71231319
9943,g__JADZBT01,2.23152885
9944,g__JADZBY01,3.027096698
9945,g__JADZCD01,2.096152417
9946,g__JADZCI01,3.001996515
9947,g__JADZCR01,2.413814716
9948,g__JADZCS01,2.791318602
9949,g__JADZCU01,1.964479215
9950,g__JADZCW01,1.92594428
9951,g__JADZDJ01,3.210705927
9952,g__JADZDL01,3.90038778
9953,g__JADZDV01,3.168077338
9954,g__JADZDZ01,2.35312959
9955,g__JADZEA01,2.62253755
9956,g__JADZEB01,2.976366257
9957,g__JADZED01,2.311476616
9958,g__JADZEE01,3.433067129
9959,g__JADZEF01,4.414124953
9960,g__JADZEH01,2.155534663
9961,g__JADZEI01,3.075587813
9962,g__JADZEJ01,2.173060029
9963,g__JADZEK01,3.325883818
9964,g__JADZEM01,3.842471152
9965,g__JADZEO01,3.787581396
9966,g__JADZEX01,2.769487455
9967,g__JADZFF01,3.4136443
9968,g__JADZFO01,2.994535597
9969,g__JADZFZ01,5.026353726
9970,g__JADZGC01,1.716097233
9971,g__JADZGD01,2.48239768
9972,g__JAEDCM01,2.451141915
9973,g__JAEDDG01,2.888789734
9974,g__JAEDDN01,2.417120578
9975,g__JAEDES01,2.320317377
9976,g__JAEDEU01,3.687659525
9977,g__JAEDFS01,3.687819015
9978,g__JAEDHM01,2.298456139
9979,g__JAEDJH01,2.953450056
9980,g__JAEDJI01,1.720215004
9981,g__JAEDLN01,1.973627555
9982,g__JAEDMO01,1.447011883
9983,g__JAEEHZ01,2.985426044
9984,g__JAEEJA01,2.411912584
9985,g__JAEEJN01,2.016372635
9986,g__JAEELB01,2.414770292
9987,g__JAEELC01,2.726248717
9988,g__JAEELK01,2.683116416
9989,g__JAEEML01,2.996696265
9990,g__JAEEOQ01,2.692343383
9991,g__JAEEUO01,2.401485548
9992,g__JAEHCK01,2.988457809
9993,g__JAEHCY01,2.811257704
9994,g__JAEHDI01,3.239866542
9995,g__JAEHKU01,2.20188394
9996,g__JAEINK01,3.943488807
9997,g__JAEINQ01,4.030584175
9998,g__JAEINS01,2.816561814
9999,g__JAEINW01,3.410642173
10000,g__JAEINX01,2.884853306
10001,g__JAEINY01,3.684364833
10002,g__JAEIOG01,2.747776389
10003,g__JAEKLB01,2.980563511
10004,g__JAEKNW01,2.757948359
10005,g__JAEMPZ01,2.265392941
10006,g__JAEMQF01,3.466267103
10007,g__JAEMRK01,2.546898705
10008,g__JAENIS01,2.428870909
10009,g__JAENIT01,1.880142858
10010,g__JAENIV01,1.593033685
10011,g__JAENIX01,2.082209138
10012,g__JAENIZ01,2.231961692
10013,g__JAENJB01,2.373289744
10014,g__JAENJC01,2.294794111
10015,g__JAENVT01,3.465284553
10016,g__JAENVU01,2.644622167
10017,g__JAENVV01,3.129741534
10018,g__JAENWD01,2.746618668
10019,g__JAENWF01,2.851606693
10020,g__JAENWH01,2.927912315
10021,g__JAENWO01,2.614848206
10022,g__JAENWW01,2.734958246
10023,g__JAENXA01,1.786976451
10024,g__JAENXM01,2.17066714
10025,g__JAENYD01,2.604243605
10026,g__JAENYK01,3.880360353
10027,g__JAENYO01,2.849825066
10028,g__JAENYW01,2.941607524
10029,g__JAENYX01,2.759386498
10030,g__JAENZQ01,2.947906022
10031,g__JAENZU01,2.773440804
10032,g__JAENZW01,2.367078545
10033,g__JAENZX01,3.318026995
10034,g__JAEPMR01,3.294586299
10035,g__JAERML01,2.426608785
10036,g__JAERMM01,3.135932172
10037,g__JAERMQ01,3.583446305
10038,g__JAERRN01,2.175311825
10039,g__JAERRO01,1.762017304
10040,g__JAERRU01,1.897084106
10041,g__JAERTD01,3.115166277
10042,g__JAESRR01,3.856619122
10043,g__JAESSZ01,5.006610432
10044,g__JAETTH01,2.007793797
10045,g__JAEUHH01,3.525455092
10046,g__JAEUHM01,4.011755941
10047,g__JAEUHN01,4.336411902
10048,g__JAEUHO01,2.676106239
10049,g__JAEUHS01,2.938244308
10050,g__JAEUHX01,3.520788084
10051,g__JAEUHZ01,2.681153044
10052,g__JAEUIA01,3.145781074
10053,g__JAEUIE01,3.52825173
10054,g__JAEUIG01,2.928054221
10055,g__JAEUIK01,2.917151122
10056,g__JAEUIL01,3.971666626
10057,g__JAEUIR01,3.091887738
10058,g__JAEUIT01,3.47650067
10059,g__JAEUIV01,2.336676926
10060,g__JAEUIW01,2.487313285
10061,g__JAEUIX01,2.453050047
10062,g__JAEUIZ01,2.523997477
10063,g__JAEUJB01,3.010616335
10064,g__JAEUJG01,2.75654619
10065,g__JAEUJM01,2.814789437
10066,g__JAEUJP01,5.701149761
10067,g__JAEUJQ01,4.969437043
10068,g__JAEUJT01,3.006002098
10069,g__JAEUJZ01,5.40583297
10070,g__JAEUKA01,4.374651264
10071,g__JAEUKH01,4.228060894
10072,g__JAEUKK01,4.023598087
10073,g__JAEUKQ01,2.699668524
10074,g__JAEUKZ01,3.339361457
10075,g__JAEULC01,3.302904047
10076,g__JAEULF01,2.948038542
10077,g__JAEULH01,2.503607371
10078,g__JAEULV01,3.106197824
10079,g__JAEUMA01,3.50226192
10080,g__JAEUMD01,3.308467886
10081,g__JAEUMG01,3.334529781
10082,g__JAEUMW01,2.917627731
10083,g__JAEUMY01,3.45921696
10084,g__JAEUMZ01,3.127527687
10085,g__JAEUNB01,3.541721208
10086,g__JAEUNJ01,2.994027961
10087,g__JAEUNM01,3.55203328
10088,g__JAEUNX01,3.01705702
10089,g__JAEUOS01,3.767782905
10090,g__JAEUOU01,3.393201669
10091,g__JAEUPI01,3.389868889
10092,g__JAEUQL01,3.309211745
10093,g__JAEUQQ01,3.325336773
10094,g__JAEUQS01,3.473240916
10095,g__JAEURO01,2.813238469
10096,g__JAEURQ01,2.841711797
10097,g__JAEUSB01,3.861398885
10098,g__JAEUSD01,2.13704984
10099,g__JAEUSE01,1.8031595
10100,g__JAEUSF01,2.008783876
10101,g__JAEUSG01,3.303814083
10102,g__JAEUSI01,2.63739105
10103,g__JAEUSM01,2.710380723
10104,g__JAEUSO01,2.926505742
10105,g__JAEUTH01,2.40603233
10106,g__JAEUUG01,3.081354657
10107,g__JAEUUL01,3.021313918
10108,g__JAEUUM01,2.820430401
10109,g__JAEUUX01,3.810387644
10110,g__JAEUUZ01,3.023366236
10111,g__JAEUWB01,2.732036445
10112,g__JAEUWC01,3.593332197
10113,g__JAEUWD01,3.519652977
10114,g__JAEUWI01,3.499770765
10115,g__JAEVLT01,5.19461978
10116,g__JAEVYX01,3.10042132
10117,g__JAEVZA01,3.085018114
10118,g__JAEVZK01,2.6674801
10119,g__JAEWAC01,4.433765172
10120,g__JAEWAE01,2.148880139
10121,g__JAEWAH01,3.187185837
10122,g__JAEWAU01,1.817613181
10123,g__JAEWBG01,3.744571339
10124,g__JAEWBQ01,2.435582166
10125,g__JAEWCC01,3.204019687
10126,g__JAEWCI01,3.023938798
10127,g__JAEWCM01,2.955124256
10128,g__JAEWER01,2.344466235
10129,g__JAEWFD01,4.041609212
10130,g__JAEWFW01,3.450494445
10131,g__JAEWGG01,2.303384122
10132,g__JAEWGM01,2.235933243
10133,g__JAEWGS01,2.292384155
10134,g__JAEWLI01,2.953562161
10135,g__JAEWLZ01,2.411535594
10136,g__JAEWOS01,3.453593469
10137,g__JAEWOZ01,1.815545454
10138,g__JAEWPB01,4.740065242
10139,g__JAEWQO01,2.985721366
10140,g__JAEWQP01,2.872739555
10141,g__JAEWRL01,4.172066315
10142,g__JAEWRY01,2.828703017
10143,g__JAEWSN01,2.852314839
10144,g__JAEWUC01,2.539763549
10145,g__JAEWUR01,2.335822013
10146,g__JAEWVL01,3.723363909
10147,g__JAEWVQ01,3.853351027
10148,g__JAEWVY01,3.311860715
10149,g__JAEWWD01,3.265865288
10150,g__JAEWXG01,1.910275523
10151,g__JAEWYE01,3.208267422
10152,g__JAEWYI01,2.524000699
10153,g__JAEWZO01,3.574426037
10154,g__JAEWZT01,2.269407269
10155,g__JAEXAI01,2.820883866
10156,g__JAEXAX01,3.028059655
10157,g__JAEXBA01,3.565469672
10158,g__JAEXBH01,2.585745923
10159,g__JAEXFV01,3.595287759
10160,g__JAEXMB01,3.168661603
10161,g__JAEXNA01,5.298407519
10162,g__JAEXNS01,1.925619171
10163,g__JAEXOD01,2.928206149
10164,g__JAEXRW01,2.866530108
10165,g__JAEXSP01,3.261059689
10166,g__JAEXTK01,2.814220724
10167,g__JAEXTR01,2.534379574
10168,g__JAEXUB01,3.054775164
10169,g__JAEXZL01,3.497006848
10170,g__JAEYAW01,3.653409425
10171,g__JAEYFO01,3.32784348
10172,g__JAEYFP01,3.529502672
10173,g__JAEYGI01,3.496637286
10174,g__JAEYGM01,2.83127497
10175,g__JAEYKI01,3.338549581
10176,g__JAEYLA01,3.215151558
10177,g__JAEYOM01,3.251815358
10178,g__JAEYPM01,3.211499732
10179,g__JAEYPN01,1.817922777
10180,g__JAEYQM01,2.576988294
10181,g__JAEYQN01,2.512097728
10182,g__JAEYRA01,2.876779833
10183,g__JAEYRB01,2.720594708
10184,g__JAEYSJ01,3.735625023
10185,g__JAEYTB01,2.663315834
10186,g__JAEYTU01,2.681906005
10187,g__JAEYUN01,1.656865372
10188,g__JAEYVB01,2.114253057
10189,g__JAEYVS01,2.620258638
10190,g__JAEYWL01,2.747635105
10191,g__JAEYWW01,2.778081537
10192,g__JAEYXD01,3.490403189
10193,g__JAEYXS01,2.960711608
10194,g__JAEYYR01,2.536749277
10195,g__JAEYZM01,2.95670744
10196,g__JAEYZO01,3.128201857
10197,g__JAEYZS01,3.100146924
10198,g__JAEZAA01,3.514789607
10199,g__JAEZAF01,3.342640448
10200,g__JAEZAS01,3.529448999
10201,g__JAEZBP01,3.758222872
10202,g__JAEZCD01,3.68318292
10203,g__JAEZDC01,3.360567463
10204,g__JAEZDP01,2.662986724
10205,g__JAEZDR01,3.264070711
10206,g__JAEZDX01,3.533658633
10207,g__JAEZED01,2.626764718
10208,g__JAEZET01,2.13373303
10209,g__JAEZEZ01,3.009060383
10210,g__JAEZFI01,2.905314829
10211,g__JAEZGD01,3.335792551
10212,g__JAEZGP01,3.611913825
10213,g__JAEZHK01,2.934511446
10214,g__JAEZHW01,2.646955516
10215,g__JAEZIX01,2.363686604
10216,g__JAEZJH01,2.539934602
10217,g__JAEZJL01,3.213128562
10218,g__JAEZJQ01,2.577004269
10219,g__JAEZJZ01,3.432809634
10220,g__JAEZKC01,3.278886923
10221,g__JAEZLB01,3.170110481
10222,g__JAEZLD01,2.915594537
10223,g__JAEZLU01,2.570788442
10224,g__JAEZNF01,2.478436256
10225,g__JAEZOG01,2.3572617
10226,g__JAEZOU01,2.365412311
10227,g__JAEZPW01,3.186633091
10228,g__JAEZQR01,3.103970397
10229,g__JAEZQY01,3.825576308
10230,g__JAEZRQ01,1.678258849
10231,g__JAEZTC01,3.251157038
10232,g__JAEZUZ01,2.672275714
10233,g__JAEZVV01,3.241003994
10234,g__JAEZWK01,2.371051197
10235,g__JAEZWM01,2.636829147
10236,g__JAEZWQ01,2.383527266
10237,g__JAEZWR01,2.801501151
10238,g__JAEZXH01,2.660967648
10239,g__JAEZXR01,4.612433041
10240,g__JAEZXW01,2.58179433
10241,g__JAEZYR01,1.969415628
10242,g__JAEZYS01,3.356830685
10243,g__JAEZYZ01,3.929954988
10244,g__JAEZZG01,2.757580158
10245,g__JAEZZM01,3.41522442
10246,g__JAEZZT01,3.085182122
10247,g__JAEZZZ01,2.282144658
10248,g__JAFAAL01,2.317016722
10249,g__JAFABT01,2.191322666
10250,g__JAFADI01,4.308300964
10251,g__JAFADQ01,3.187954841
10252,g__JAFADY01,2.428207857
10253,g__JAFAEM01,3.383630116
10254,g__JAFAEW01,2.819076641
10255,g__JAFAFC01,4.057712788
10256,g__JAFAFE01,3.603274218
10257,g__JAFAFL01,3.990967801
10258,g__JAFAFN01,2.814077626
10259,g__JAFAFZ01,2.73494819
10260,g__JAFAGO01,3.26333201
10261,g__JAFAGX01,3.28139334
10262,g__JAFAHD01,2.067283025
10263,g__JAFAHH01,4.215870113
10264,g__JAFAHS01,3.472051146
10265,g__JAFAHT01,3.466718136
10266,g__JAFAHZ01,2.627309244
10267,g__JAFAIN01,2.59478146
10268,g__JAFAIW01,2.326014551
10269,g__JAFAJR01,2.129928517
10270,g__JAFAKZ01,3.681591706
10271,g__JAFALA01,3.792286086
10272,g__JAFALK01,3.805321537
10273,g__JAFALX01,2.499175683
10274,g__JAFALY01,2.772285208
10275,g__JAFAMB01,2.695406966
10276,g__JAFAME01,3.666177036
10277,g__JAFAMS01,2.706160349
10278,g__JAFAMW01,3.696840125
10279,g__JAFANK01,2.338691076
10280,g__JAFANO01,2.395743001
10281,g__JAFAPL01,4.306884457
10282,g__JAFAQB01,3.634420834
10283,g__JAFAQI01,2.508943823
10284,g__JAFARE01,2.228651638
10285,g__JAFARW01,2.076551656
10286,g__JAFARZ01,4.951931784
10287,g__JAFASC01,3.140163527
10288,g__JAFATL01,3.037999376
10289,g__JAFATP01,2.135201823
10290,g__JAFATZ01,2.879641068
10291,g__JAFAVL01,3.846337178
10292,g__JAFAVN01,3.782033213
10293,g__JAFAVZ01,3.784345134
10294,g__JAFAWL01,2.78422219
10295,g__JAFAWN01,2.561583517
10296,g__JAFAWZ01,2.408994769
10297,g__JAFAXA01,2.666288691
10298,g__JAFAXD01,4.42119122
10299,g__JAFAXE01,2.333680867
10300,g__JAFAXH01,2.433091208
10301,g__JAFAXJ01,2.657287056
10302,g__JAFAYA01,2.466280545
10303,g__JAFAYN01,2.595658243
10304,g__JAFAZD01,2.900688691
10305,g__JAFAZE01,3.418221985
10306,g__JAFAZH01,3.235769372
10307,g__JAFAZI01,3.239604742
10308,g__JAFAZJ01,3.603956274
10309,g__JAFBAD01,2.265471625
10310,g__JAFBAP01,2.937320035
10311,g__JAFBIO01,3.253075962
10312,g__JAFBIX01,3.471616925
10313,g__JAFBIY01,3.324302347
10314,g__JAFCBV01,1.774440778
10315,g__JAFCCB01,1.863042193
10316,g__JAFCCC01,1.975677246
10317,g__JAFCCF01,1.867547951
10318,g__JAFCCJ01,1.958922301
10319,g__JAFCCK01,1.792391503
10320,g__JAFCCL01,1.88668832
10321,g__JAFCCO01,2.310343262
10322,g__JAFCCW01,1.736916104
10323,g__JAFCCX01,1.523921641
10324,g__JAFCCZ01,1.786064928
10325,g__JAFCDB01,1.686894946
10326,g__JAFCDD01,1.217491111
10327,g__JAFCDK01,1.700988694
10328,g__JAFCDM01,1.50647651
10329,g__JAFCDQ01,2.242825361
10330,g__JAFCDT01,1.656343891
10331,g__JAFCDU01,1.604037676
10332,g__JAFCDW01,1.780027127
10333,g__JAFCDX01,1.64713268
10334,g__JAFCDY01,1.980103274
10335,g__JAFCDZ01,1.648569093
10336,g__JAFCEE01,1.412059222
10337,g__JAFCEJ01,1.324137483
10338,g__JAFCEK01,1.74259555
10339,g__JAFCEM01,1.745307195
10340,g__JAFCEO01,1.559987591
10341,g__JAFCES01,1.487309195
10342,g__JAFCEV01,1.620499331
10343,g__JAFCEW01,1.573221753
10344,g__JAFCEY01,1.559873274
10345,g__JAFCFF01,1.656252167
10346,g__JAFCFJ01,1.546197159
10347,g__JAFCFN01,1.700449281
10348,g__JAFCFP01,1.901329304
10349,g__JAFCFS01,1.809494628
10350,g__JAFCFT01,1.589125492
10351,g__JAFCFX01,1.630741925
10352,g__JAFCFZ01,1.644383686
10353,g__JAFCGA01,1.818934489
10354,g__JAFCGC01,1.439461465
10355,g__JAFCGF01,2.759684641
10356,g__JAFCGI01,2.156549272
10357,g__JAFCGM01,1.639196582
10358,g__JAFCGN01,1.668004185
10359,g__JAFCIY02,2.66541566
10360,g__JAFCZD01,4.762809042
10361,g__JAFCZJ01,3.558838957
10362,g__JAFDAE01,2.355646164
10363,g__JAFDAM01,2.469553568
10364,g__JAFDBS01,2.529106724
10365,g__JAFDBW01,2.847579942
10366,g__JAFDCJ01,4.189356614
10367,g__JAFDDA01,3.415564672
10368,g__JAFDDB01,3.030471944
10369,g__JAFDDH01,3.524794352
10370,g__JAFDDL01,3.872978068
10371,g__JAFDED01,3.410085011
10372,g__JAFDEE01,3.013351732
10373,g__JAFDEF01,2.915615399
10374,g__JAFDEI01,3.420494237
10375,g__JAFDEK01,3.192656622
10376,g__JAFDER01,3.509110717
10377,g__JAFDET01,3.113929639
10378,g__JAFDFH01,3.003176614
10379,g__JAFDFO01,2.64094369
10380,g__JAFDFZ01,3.719995566
10381,g__JAFDGP01,2.732509145
10382,g__JAFDGW01,2.629687788
10383,g__JAFDGZ01,3.012473668
10384,g__JAFDHD01,2.923558204
10385,g__JAFDHF01,3.06280904
10386,g__JAFDHG01,2.614712145
10387,g__JAFDHL01,3.432248677
10388,g__JAFDHO01,3.407621275
10389,g__JAFDHS01,2.684356156
10390,g__JAFDIG01,2.343634661
10391,g__JAFDIX01,3.74620074
10392,g__JAFDJA01,2.793438026
10393,g__JAFDJC01,2.966231723
10394,g__JAFDJF01,3.117084644
10395,g__JAFDJI01,3.589024795
10396,g__JAFDKD01,3.252314836
10397,g__JAFDKF01,2.680271256
10398,g__JAFDKH01,3.890154228
10399,g__JAFDMD01,2.295732191
10400,g__JAFDMG01,2.138939468
10401,g__JAFDVJ01,3.61416647
10402,g__JAFDVL01,4.413731205
10403,g__JAFDVN01,3.244292569
10404,g__JAFDWI01,2.259371662
10405,g__JAFDWR01,2.644192105
10406,g__JAFDXJ01,2.450346571
10407,g__JAFDXR01,4.596598196
10408,g__JAFDYH01,3.061331205
10409,g__JAFDYS01,2.743748647
10410,g__JAFDZO01,3.254353283
10411,g__JAFDZV01,3.47561698
10412,g__JAFDZW01,2.817851583
10413,g__JAFEAR01,4.002348418
10414,g__JAFEAY01,2.183633997
10415,g__JAFEAZ01,2.010498115
10416,g__JAFEBO01,3.09529102
10417,g__JAFEBQ01,3.255557903
10418,g__JAFECT01,3.344380824
10419,g__JAFEDN01,2.734771735
10420,g__JAFEDO01,2.655040282
10421,g__JAFEEF01,3.627126174
10422,g__JAFEFJ01,3.081507559
10423,g__JAFEGE01,2.376189815
10424,g__JAFEGQ01,2.43050203
10425,g__JAFFTF01,3.824982656
10426,g__JAFFZZ01,2.179809776
10427,g__JAFGAC01,2.671536211
10428,g__JAFGAL01,2.484856916
10429,g__JAFGAM01,2.325933804
10430,g__JAFGAQ01,2.328400655
10431,g__JAFGAS01,2.739806881
10432,g__JAFGAV01,1.939103744
10433,g__JAFGAX01,1.658480702
10434,g__JAFGAZ01,1.701397907
10435,g__JAFGBA01,2.170044462
10436,g__JAFGBB01,1.420842118
10437,g__JAFGBC01,2.171919931
10438,g__JAFGBH01,2.789054412
10439,g__JAFGBI01,4.099236631
10440,g__JAFGBK01,2.255054904
10441,g__JAFGBM01,2.192629384
10442,g__JAFGBN01,2.420767558
10443,g__JAFGBU01,2.314170998
10444,g__JAFGBW01,2.487053664
10445,g__JAFGBY01,2.398436389
10446,g__JAFGBZ01,2.36372398
10447,g__JAFGCB01,1.884071213
10448,g__JAFGCD01,2.135013253
10449,g__JAFGCE01,1.981226568
10450,g__JAFGCJ01,1.672418293
10451,g__JAFGCL01,2.648360072
10452,g__JAFGCM01,1.706724272
10453,g__JAFGCN01,2.032843658
10454,g__JAFGCO01,2.231076274
10455,g__JAFGCR01,2.014767957
10456,g__JAFGCT01,2.014303548
10457,g__JAFGCY01,3.020070965
10458,g__JAFGCZ01,2.503529152
10459,g__JAFGDB01,1.733942434
10460,g__JAFGDC01,2.980683662
10461,g__JAFGDE01,1.865208263
10462,g__JAFGDF01,3.499673009
10463,g__JAFGDG01,2.108440864
10464,g__JAFGDH01,2.052316466
10465,g__JAFGDI01,1.647319143
10466,g__JAFGDJ01,3.055421297
10467,g__JAFGDM01,3.014972021
10468,g__JAFGDO01,1.869867729
10469,g__JAFGDP01,2.003066025
10470,g__JAFGDQ01,3.184313179
10471,g__JAFGDS01,2.566143435
10472,g__JAFGDT01,2.226959544
10473,g__JAFGDV01,1.950681357
10474,g__JAFGDW01,3.29912992
10475,g__JAFGEC01,3.082272647
10476,g__JAFGED01,3.252333594
10477,g__JAFGEH01,2.320030437
10478,g__JAFGEI01,2.96026896
10479,g__JAFGEJ01,2.160264123
10480,g__JAFGEK01,3.08905401
10481,g__JAFGEM01,2.097682125
10482,g__JAFGEP01,3.236709893
10483,g__JAFGEQ01,1.973107091
10484,g__JAFGES01,2.945118002
10485,g__JAFGET01,1.727905658
10486,g__JAFGEW01,2.335248468
10487,g__JAFGEX01,1.705263535
10488,g__JAFGEY01,3.41274452
10489,g__JAFGEZ01,2.205920013
10490,g__JAFGFA01,2.027829145
10491,g__JAFGFC01,2.483529045
10492,g__JAFGFD01,1.650444396
10493,g__JAFGFE01,2.772590572
10494,g__JAFGFF01,3.137326939
10495,g__JAFGFG01,2.13272035
10496,g__JAFGFI01,4.140475666
10497,g__JAFGFJ01,1.578069269
10498,g__JAFGFK01,2.332177231
10499,g__JAFGFN01,2.122243226
10500,g__JAFGFO01,3.420512291
10501,g__JAFGFR01,1.989218745
10502,g__JAFGFV01,3.176713528
10503,g__JAFGFW01,2.543536812
10504,g__JAFGFX01,1.573122525
10505,g__JAFGFY01,2.960078597
10506,g__JAFGFZ01,2.914289204
10507,g__JAFGGA01,3.510556546
10508,g__JAFGGB01,2.763779675
10509,g__JAFGGC01,1.751228573
10510,g__JAFGGD01,2.364933817
10511,g__JAFGGE01,2.347389961
10512,g__JAFGGG01,2.547358265
10513,g__JAFGGH01,2.167079721
10514,g__JAFGGI01,1.652402492
10515,g__JAFGGJ01,2.580663615
10516,g__JAFGGN01,2.366947337
10517,g__JAFGGP01,1.703374722
10518,g__JAFGGQ01,2.65813121
10519,g__JAFGGT01,2.326140373
10520,g__JAFGGX01,1.667984171
10521,g__JAFGGZ01,1.757845999
10522,g__JAFGHC01,1.629634758
10523,g__JAFGHD01,2.687626986
10524,g__JAFGHE01,2.089107166
10525,g__JAFGHF01,1.830651462
10526,g__JAFGHG01,1.812283122
10527,g__JAFGHI01,2.161311578
10528,g__JAFGHJ01,2.047858758
10529,g__JAFGHN01,2.588371787
10530,g__JAFGHO01,3.066259052
10531,g__JAFGHQ01,1.742331418
10532,g__JAFGHR01,2.540260875
10533,g__JAFGHS01,3.002306985
10534,g__JAFGHX01,3.828853819
10535,g__JAFGHY01,1.774069289
10536,g__JAFGIA01,3.421000437
10537,g__JAFGIB01,3.276366316
10538,g__JAFGIC01,2.659908495
10539,g__JAFGIE01,2.670162328
10540,g__JAFGIF01,2.561632484
10541,g__JAFGIG01,2.214506027
10542,g__JAFGIK01,1.652260041
10543,g__JAFGIL01,1.872832689
10544,g__JAFGIN01,3.356715578
10545,g__JAFGIO01,2.817425888
10546,g__JAFGIQ01,2.106655469
10547,g__JAFGIS01,4.577135507
10548,g__JAFGIT01,2.493921912
10549,g__JAFGIU01,2.106295621
10550,g__JAFGIV01,1.592371689
10551,g__JAFGIZ01,1.429788405
10552,g__JAFGJA01,3.071068227
10553,g__JAFGJC01,2.530975953
10554,g__JAFGJD01,2.071276824
10555,g__JAFGJF01,3.533015429
10556,g__JAFGJK01,3.204283808
10557,g__JAFGJL01,1.457298626
10558,g__JAFGJN01,2.553545607
10559,g__JAFGJP01,2.059996547
10560,g__JAFGJQ01,2.670677948
10561,g__JAFGJS01,2.571468516
10562,g__JAFGJT01,2.034545689
10563,g__JAFGJU01,1.857698081
10564,g__JAFGJW01,2.011896678
10565,g__JAFGJY01,1.674586782
10566,g__JAFGJZ01,3.16091289
10567,g__JAFGKA01,2.701526572
10568,g__JAFGKB01,2.216636233
10569,g__JAFGKF01,2.615884354
10570,g__JAFGKG01,2.870915037
10571,g__JAFGKK01,2.414980148
10572,g__JAFGKL01,1.859348303
10573,g__JAFGKM01,1.491140798
10574,g__JAFGKN01,2.263016571
10575,g__JAFGKQ01,2.116873289
10576,g__JAFGKT01,1.706008581
10577,g__JAFGKU01,2.840632832
10578,g__JAFGKV01,2.893821665
10579,g__JAFGKX01,1.450592966
10580,g__JAFGKZ01,2.46708977
10581,g__JAFGLF01,1.726713175
10582,g__JAFGLG01,2.034526615
10583,g__JAFGLI01,1.689653334
10584,g__JAFGLK01,2.882887758
10585,g__JAFGLL01,2.402551447
10586,g__JAFGLM01,2.306540074
10587,g__JAFGLO01,1.640302381
10588,g__JAFGLP01,2.576712252
10589,g__JAFGLR01,2.377277446
10590,g__JAFGLW01,2.433862041
10591,g__JAFGLX01,1.391027293
10592,g__JAFGLY01,2.750022143
10593,g__JAFGLZ01,3.110245861
10594,g__JAFGMA01,3.548151451
10595,g__JAFGMB01,2.56512294
10596,g__JAFGMC01,1.73113711
10597,g__JAFGMF01,2.042285069
10598,g__JAFGMG01,1.724945218
10599,g__JAFGMK01,1.121640972
10600,g__JAFGMM01,3.01877239
10601,g__JAFGMN01,2.574046988
10602,g__JAFGMO01,2.964467984
10603,g__JAFGMP01,2.863548122
10604,g__JAFGMQ01,2.493069853
10605,g__JAFGMR01,2.617128974
10606,g__JAFGMS01,3.195001345
10607,g__JAFGMV01,3.277973844
10608,g__JAFGMW01,1.937678715
10609,g__JAFGMY01,2.331502762
10610,g__JAFGNB01,2.76482825
10611,g__JAFGND01,2.445295074
10612,g__JAFGNE01,1.957095043
10613,g__JAFGNG01,2.267036543
10614,g__JAFGNH01,2.703272165
10615,g__JAFGNJ01,2.315954575
10616,g__JAFGNN01,2.612260969
10617,g__JAFGNO01,2.367680744
10618,g__JAFGNR01,2.811080398
10619,g__JAFGNU01,2.645852014
10620,g__JAFGNV01,3.373443391
10621,g__JAFGNW01,2.573258653
10622,g__JAFGOA01,2.818375646
10623,g__JAFGOE01,1.804730769
10624,g__JAFGOG01,3.502013053
10625,g__JAFGOI01,1.320628601
10626,g__JAFGOJ01,2.93494566
10627,g__JAFGOL01,2.073959118
10628,g__JAFGOM01,2.895541825
10629,g__JAFGOX01,2.098845588
10630,g__JAFGOY01,3.147854201
10631,g__JAFGOZ01,3.994847332
10632,g__JAFGPD01,1.620919425
10633,g__JAFGPE01,2.308803718
10634,g__JAFGPF01,2.231299987
10635,g__JAFGPI01,2.225245402
10636,g__JAFGPJ01,2.649021723
10637,g__JAFGPL01,2.34334321
10638,g__JAFGPO01,2.469103438
10639,g__JAFGPP01,2.086659291
10640,g__JAFGPR01,2.166679897
10641,g__JAFGPS01,2.403436191
10642,g__JAFGPV01,2.830836045
10643,g__JAFGPW01,1.573749676
10644,g__JAFGPZ01,2.526918196
10645,g__JAFGQA01,3.584967727
10646,g__JAFGQB01,2.463813314
10647,g__JAFGQE01,2.03727777
10648,g__JAFGQG01,2.815441408
10649,g__JAFGQI01,2.98782596
10650,g__JAFGQJ01,3.067687567
10651,g__JAFGQL01,2.87228954
10652,g__JAFGQM01,2.090072283
10653,g__JAFGQQ01,2.00463355
10654,g__JAFGQR01,2.246233167
10655,g__JAFGQS01,2.871743813
10656,g__JAFGQU01,1.831329872
10657,g__JAFGQV01,2.432688668
10658,g__JAFGQW01,2.497986908
10659,g__JAFGQX01,2.007822234
10660,g__JAFGQY01,1.88968541
10661,g__JAFGRA01,3.100133829
10662,g__JAFGRB01,4.014946649
10663,g__JAFGRD01,2.742195488
10664,g__JAFGRE01,2.97178185
10665,g__JAFGRH01,1.61867407
10666,g__JAFGRJ01,2.447467935
10667,g__JAFGRL01,2.391545219
10668,g__JAFGRM01,1.83953457
10669,g__JAFGRO01,2.102188173
10670,g__JAFGRR01,2.562030387
10671,g__JAFGRS01,2.008725649
10672,g__JAFGRT01,3.155976488
10673,g__JAFGRU01,2.832601341
10674,g__JAFGRV01,3.509528267
10675,g__JAFGRW01,3.003541656
10676,g__JAFGRY01,2.884802456
10677,g__JAFGSA01,1.871938041
10678,g__JAFGSB01,2.835708172
10679,g__JAFGSC01,1.830120749
10680,g__JAFGSG01,3.100293729
10681,g__JAFGSI01,2.402007193
10682,g__JAFGSJ01,3.348766065
10683,g__JAFGSM01,2.58384222
10684,g__JAFGSN01,2.359165932
10685,g__JAFGSP01,1.737045321
10686,g__JAFGSR01,1.836105936
10687,g__JAFGSU01,2.410396825
10688,g__JAFGSV01,1.871706298
10689,g__JAFGSW01,3.139844468
10690,g__JAFGSX01,3.153652259
10691,g__JAFGSZ01,2.634626871
10692,g__JAFGTC01,2.732657798
10693,g__JAFGTE01,1.903415636
10694,g__JAFGTF01,2.890810695
10695,g__JAFGTH01,1.535630465
10696,g__JAFGTJ01,2.594373411
10697,g__JAFGTL01,2.126627327
10698,g__JAFGTN01,3.482233194
10699,g__JAFGTO01,2.104892888
10700,g__JAFGTP01,2.796224624
10701,g__JAFGTS01,2.620781658
10702,g__JAFGTT01,2.483636159
10703,g__JAFGTX01,4.572961483
10704,g__JAFGUB01,3.012127618
10705,g__JAFGUC01,2.141425623
10706,g__JAFGUD01,2.934461169
10707,g__JAFGUF01,2.908618483
10708,g__JAFGUQ01,2.072315536
10709,g__JAFGUR01,2.663626182
10710,g__JAFGUZ01,3.569570396
10711,g__JAFGVC01,2.534151306
10712,g__JAFGVK01,3.992220192
10713,g__JAFGVL01,2.285566097
10714,g__JAFGVO01,3.014295113
10715,g__JAFGWI01,3.14481056
10716,g__JAFGWO01,2.040440032
10717,g__JAFGWU01,2.008300981
10718,g__JAFGWW01,2.643497944
10719,g__JAFGXA01,1.941563389
10720,g__JAFGXE01,1.77325561
10721,g__JAFGXF01,2.019881448
10722,g__JAFGXH01,3.134693986
10723,g__JAFGXI01,2.671885156
10724,g__JAFGXL01,2.286820147
10725,g__JAFGXN01,2.252682349
10726,g__JAFGXQ01,4.16342831
10727,g__JAFGXT01,2.468272513
10728,g__JAFGXW01,2.223278957
10729,g__JAFIEC01,2.807515519
10730,g__JAFIEN01,3.142643528
10731,g__JAFIEP01,2.949016647
10732,g__JAFIER01,3.162637746
10733,g__JAFIEV01,3.253294629
10734,g__JAFIEW01,3.331981248
10735,g__JAFIEX01,3.013120567
10736,g__JAFIFG01,3.799674147
10737,g__JAFIFS01,2.414101662
10738,g__JAFIFT01,2.786440748
10739,g__JAFIFY01,2.896696753
10740,g__JAFIGB01,3.297459166
10741,g__JAFIGE01,3.286834418
10742,g__JAFIGG01,2.499874631
10743,g__JAFIHG01,2.46341128
10744,g__JAFIHK01,2.487244011
10745,g__JAFIHQ01,2.207221724
10746,g__JAFIQW01,2.576160267
10747,g__JAFKFH01,5.15651301
10748,g__JAFKFI01,3.730540671
10749,g__JAFKFJ01,3.011306941
10750,g__JAFKFP01,2.969842915
10751,g__JAFKGK01,3.860307335
10752,g__JAFKHH01,4.229681285
10753,g__JAFKKF01,3.055177208
10754,g__JAFKKS01,3.391519227
10755,g__JAFKLR01,2.528267614
10756,g__JAFLBB01,2.910708036
10757,g__JAFLBD01,2.727577077
10758,g__JAFLBE01,3.015934093
10759,g__JAFLBG01,2.874454538
10760,g__JAFLBI01,3.278742982
10761,g__JAFLCA01,3.487932017
10762,g__JAFLCD01,2.741485506
10763,g__JAFLCL01,4.885185993
10764,g__JAFLCM01,2.585618542
10765,g__JAFLCP01,4.988236928
10766,g__JAFLCR01,2.54863766
10767,g__JAFLDD01,2.449538937
10768,g__JAFLEE01,2.084165188
10769,g__JAFLJP01,3.152676166
10770,g__JAFLTL01,2.013577876
10771,g__JAFLTZ01,2.256917293
10772,g__JAFLUQ01,2.380239557
10773,g__JAFLUR01,2.24255019
10774,g__JAFMDF01,3.923462241
10775,g__JAFMDN01,2.169106338
10776,g__JAFMHK01,3.372173662
10777,g__JAFMIT01,2.885815365
10778,g__JAFMIX01,2.110950996
10779,g__JAFMJV01,2.697434449
10780,g__JAFMKE01,2.616934823
10781,g__JAFMMO01,2.975742151
10782,g__JAFMPQ01,3.71598742
10783,g__JAFMPW01,3.184118619
10784,g__JAFNAG01,3.644320391
10785,g__JAFNAJ01,2.297912423
10786,g__JAFNFQ01,2.535380188
10787,g__JAFNGF01,2.709763902
10788,g__JAFNKG01,2.500400823
10789,g__JAFRXK01,3.125708118
10790,g__JAFSEX01,2.241223678
10791,g__JAFSXO01,3.264185067
10792,g__JAFTCA01,2.759641166
10793,g__JAFTFL01,3.236010299
10794,g__JAFTYO01,2.706675934
10795,g__JAFTYR01,3.573154528
10796,g__JAFUXM01,2.468658684
10797,g__JAFUYI01,2.324221438
10798,g__JAFUYV01,2.402564668
10799,g__JAFZMK01,2.442660524
10800,g__JAGAJR01,3.032988609
10801,g__JAGBWK01,2.271501796
10802,g__JAGCJX01,2.496753444
10803,g__JAGDMJ01,2.276855728
10804,g__JAGDMK01,2.501425912
10805,g__JAGDMS01,3.858345914
10806,g__JAGDVO01,1.809346928
10807,g__JAGDVT01,1.377534263
10808,g__JAGDWE01,2.271675079
10809,g__JAGDXO01,2.062899569
10810,g__JAGDXR01,2.121061156
10811,g__JAGDXV01,1.493644551
10812,g__JAGDXY01,1.493597477
10813,g__JAGDXZ01,1.789414106
10814,g__JAGDYB01,1.769617122
10815,g__JAGDYD01,1.623558188
10816,g__JAGFIY01,2.559175178
10817,g__JAGFJG01,3.350959887
10818,g__JAGFJJ01,3.243499626
10819,g__JAGFJK01,4.061519514
10820,g__JAGFJO01,3.107263946
10821,g__JAGFWP01,1.864183777
10822,g__JAGFXI01,2.564550119
10823,g__JAGFXR01,2.786657551
10824,g__JAGGAG01,2.521393367
10825,g__JAGGAJ01,1.767210943
10826,g__JAGGRZ01,2.111443181
10827,g__JAGGSE01,1.934516741
10828,g__JAGGSF01,1.920466775
10829,g__JAGGSN01,2.83936207
10830,g__JAGGSQ01,1.725287194
10831,g__JAGGTB01,1.882124218
10832,g__JAGGTC01,2.048965207
10833,g__JAGGTG01,2.007426361
10834,g__JAGGTI01,2.239513592
10835,g__JAGGTJ01,2.419933391
10836,g__JAGGTK01,2.218884485
10837,g__JAGGTM01,0.996865686
10838,g__JAGGTN01,1.931108195
10839,g__JAGGTS01,1.561795452
10840,g__JAGGTU01,1.577477256
10841,g__JAGGUE01,1.554221266
10842,g__JAGGUF01,1.452636288
10843,g__JAGGUH01,1.410975303
10844,g__JAGGVB01,2.199145817
10845,g__JAGGVC01,2.416796241
10846,g__JAGGVH01,2.124184763
10847,g__JAGGVJ01,1.839976297
10848,g__JAGGVK01,1.705613864
10849,g__JAGGVN01,1.964204411
10850,g__JAGGVQ01,2.287760072
10851,g__JAGGVT01,2.549439686
10852,g__JAGGVU01,1.747953356
10853,g__JAGGVW01,1.610155303
10854,g__JAGGVZ01,1.102961988
10855,g__JAGGWG01,1.251945214
10856,g__JAGGWK01,2.545489
10857,g__JAGGWW01,1.730562528
10858,g__JAGGXA01,2.84643276
10859,g__JAGGXB01,2.044270984
10860,g__JAGGXC01,1.601943766
10861,g__JAGGXE01,1.836120929
10862,g__JAGGXF01,1.785284771
10863,g__JAGGXH01,1.599580155
10864,g__JAGGXI01,2.213214596
10865,g__JAGGXK01,1.958119722
10866,g__JAGGXQ01,2.017697775
10867,g__JAGGXR01,2.954931531
10868,g__JAGGXT01,2.719805994
10869,g__JAGGXV01,1.616880279
10870,g__JAGGXW01,2.171914331
10871,g__JAGGXX01,2.33864066
10872,g__JAGGXZ01,2.50623593
10873,g__JAGGYA01,1.430867728
10874,g__JAGGYF01,2.073209956
10875,g__JAGGYI01,1.942946068
10876,g__JAGGYK01,2.508464072
10877,g__JAGGYQ01,1.836909942
10878,g__JAGGZA01,2.052094878
10879,g__JAGGZC01,1.643016904
10880,g__JAGGZF01,1.401101389
10881,g__JAGGZI01,1.551355943
10882,g__JAGGZK01,2.322591202
10883,g__JAGGZO01,1.726115884
10884,g__JAGGZP01,1.121112589
10885,g__JAGGZS01,1.720924107
10886,g__JAGGZT01,2.383105487
10887,g__JAGGZV01,2.188592458
10888,g__JAGGZX01,1.86876833
10889,g__JAGHAA01,1.706754668
10890,g__JAGHAC01,1.583469374
10891,g__JAGHAD01,1.946042073
10892,g__JAGHAF01,1.765992116
10893,g__JAGHAG01,1.805306735
10894,g__JAGHAI01,1.954225821
10895,g__JAGHAJ01,1.968487825
10896,g__JAGHAK01,2.004812702
10897,g__JAGHAM01,1.96304862
10898,g__JAGHAR01,1.670111854
10899,g__JAGHBG01,2.304512828
10900,g__JAGHBH01,1.851217095
10901,g__JAGHBK01,1.504929515
10902,g__JAGHBM01,1.712310607
10903,g__JAGHBS01,1.855132902
10904,g__JAGHBT01,2.019523003
10905,g__JAGHBZ01,2.198632602
10906,g__JAGHCC01,3.026957159
10907,g__JAGHCE01,1.807670941
10908,g__JAGHCG01,1.355069701
10909,g__JAGHCH01,2.224241417
10910,g__JAGHCL01,2.444812138
10911,g__JAGHCO01,1.902754378
10912,g__JAGHCW01,3.000780596
10913,g__JAGHDA01,1.472540375
10914,g__JAGHDB01,1.569131744
10915,g__JAGHDE01,2.00541822
10916,g__JAGHDJ01,1.957476098
10917,g__JAGHDS01,2.353849746
10918,g__JAGHDU01,2.165811603
10919,g__JAGHEK01,2.665329265
10920,g__JAGHKQ01,4.764124096
10921,g__JAGHQT01,5.00328684
10922,g__JAGIBJ01,3.597780744
10923,g__JAGIBK01,3.377267715
10924,g__JAGKQJ01,3.831955039
10925,g__JAGKXB01,2.839060172
10926,g__JAGKXC01,2.722146612
10927,g__JAGLAZ01,2.453750209
10928,g__JAGLBA01,3.392945578
10929,g__JAGLBH01,3.225047726
10930,g__JAGLBJ01,2.63379257
10931,g__JAGLBW01,2.545896878
10932,g__JAGLCH01,2.916603999
10933,g__JAGLCW01,2.355100916
10934,g__JAGLCY01,2.669765563
10935,g__JAGLDR01,2.475947725
10936,g__JAGLDW01,3.045667139
10937,g__JAGLEG01,2.41248343
10938,g__JAGLFE01,2.505552889
10939,g__JAGLFH01,2.380730249
10940,g__JAGLGG01,2.379869767
10941,g__JAGLGH01,2.032611928
10942,g__JAGLHE01,2.232155642
10943,g__JAGLHV01,1.856560564
10944,g__JAGLIF01,1.924807152
10945,g__JAGLIM01,1.847329094
10946,g__JAGLIN01,1.615913054
10947,g__JAGLJW01,1.558118675
10948,g__JAGLLA01,1.428891833
10949,g__JAGLLT01,1.626092869
10950,g__JAGLME01,2.557740035
10951,g__JAGLML01,2.552033248
10952,g__JAGLMY01,2.241647767
10953,g__JAGLNE01,1.478424567
10954,g__JAGLNJ01,2.084206225
10955,g__JAGLOA01,1.719707793
10956,g__JAGLOF01,3.100760374
10957,g__JAGLOK01,2.523760243
10958,g__JAGLON01,3.172342114
10959,g__JAGLOS01,1.839495209
10960,g__JAGLOT01,1.653702299
10961,g__JAGLOZ01,1.657457751
10962,g__JAGLPP01,2.6823631
10963,g__JAGLPS01,1.71311443
10964,g__JAGLPU01,1.734356009
10965,g__JAGLQA01,4.038136515
10966,g__JAGLQB01,1.564454611
10967,g__JAGLQM01,2.415375826
10968,g__JAGLQQ01,1.957236752
10969,g__JAGLRI01,2.064334348
10970,g__JAGLRQ01,1.456208623
10971,g__JAGLSB01,2.597106045
10972,g__JAGLSE01,1.684644232
10973,g__JAGLSF01,2.643039858
10974,g__JAGLSG01,1.798352036
10975,g__JAGLSM01,2.324492969
10976,g__JAGLSU01,1.643026402
10977,g__JAGLSY01,2.451367769
10978,g__JAGLTA01,1.390665454
10979,g__JAGLTN01,1.502403084
10980,g__JAGLTQ01,3.092098602
10981,g__JAGLTR01,2.126908125
10982,g__JAGLTS01,2.778997458
10983,g__JAGLTZ01,1.997515226
10984,g__JAGLUH01,2.498311601
10985,g__JAGLUN01,1.759741438
10986,g__JAGLUP01,1.55397555
10987,g__JAGLUZ01,2.155004582
10988,g__JAGLWB01,2.044152531
10989,g__JAGLWF01,2.072798619
10990,g__JAGLWI01,1.660504295
10991,g__JAGLWK01,2.804123919
10992,g__JAGLWP01,1.399972989
10993,g__JAGLWT01,2.653433838
10994,g__JAGLWU01,1.689242477
10995,g__JAGLWV01,2.175502289
10996,g__JAGLWW01,1.827530771
10997,g__JAGLXC01,2.125049418
10998,g__JAGLXL01,1.757418614
10999,g__JAGLYF01,2.620587204
11000,g__JAGLYK01,1.804793725
11001,g__JAGLYP01,1.347596007
11002,g__JAGLYR01,2.40536752
11003,g__JAGLYS01,2.294893081
11004,g__JAGLYV01,2.600684151
11005,g__JAGLYY01,2.955108437
11006,g__JAGLYZ01,1.477387003
11007,g__JAGLZA01,3.072439375
11008,g__JAGLZG01,1.944660391
11009,g__JAGLZJ01,2.173493093
11010,g__JAGLZW01,2.28211796
11011,g__JAGMAB01,1.541205351
11012,g__JAGMAN01,1.719625284
11013,g__JAGMBO01,2.639762224
11014,g__JAGMBS01,1.376487358
11015,g__JAGMCF01,2.240317498
11016,g__JAGMCH01,2.334468424
11017,g__JAGMCI01,1.958658249
11018,g__JAGMCJ01,2.233823897
11019,g__JAGMCL01,2.184115697
11020,g__JAGMCN01,2.159102926
11021,g__JAGMCT01,1.787428566
11022,g__JAGMDB01,2.18787645
11023,g__JAGMDC01,1.548173257
11024,g__JAGMDE01,2.432049139
11025,g__JAGMDK01,3.084418023
11026,g__JAGMEA01,1.997848126
11027,g__JAGMEO01,1.941709225
11028,g__JAGMES01,4.091819841
11029,g__JAGMEZ01,2.147252103
11030,g__JAGMXM01,2.500935905
11031,g__JAGMZX01,2.737198451
11032,g__JAGNDO01,3.693173476
11033,g__JAGNEJ01,3.517181742
11034,g__JAGNEX01,2.981294376
11035,g__JAGNEZ01,2.991574462
11036,g__JAGNGI01,1.610454952
11037,g__JAGNHB01,3.075900521
11038,g__JAGNHN01,2.696120781
11039,g__JAGNHS01,3.113256568
11040,g__JAGNIJ01,2.173634183
11041,g__JAGNKE01,2.548153113
11042,g__JAGNKU01,2.866016897
11043,g__JAGNLA01,2.718215977
11044,g__JAGNLM01,2.137942051
11045,g__JAGNLV01,2.363639571
11046,g__JAGNNV01,3.087946149
11047,g__JAGNPU01,4.762931709
11048,g__JAGNRR01,2.588729397
11049,g__JAGNSI01,2.671475298
11050,g__JAGNTT01,2.292344231
11051,g__JAGNWK01,2.70558079
11052,g__JAGNXB01,3.257249712
11053,g__JAGNZB01,1.985804299
11054,g__JAGNZR01,2.456312922
11055,g__JAGOAJ01,3.422626473
11056,g__JAGOAT01,1.653029783
11057,g__JAGOBP01,3.369881942
11058,g__JAGOBX01,2.423215175
11059,g__JAGOCT01,2.567352961
11060,g__JAGOCV01,3.635059888
11061,g__JAGODF01,3.137938197
11062,g__JAGODS01,2.123846769
11063,g__JAGOEF01,2.345503423
11064,g__JAGOEH01,2.545280607
11065,g__JAGOEX01,2.690276446
11066,g__JAGOEY01,4.073299728
11067,g__JAGOEZ01,2.313993877
11068,g__JAGOFO01,2.451965928
11069,g__JAGOFZ01,2.173480034
11070,g__JAGOGN01,3.042691667
11071,g__JAGOGO01,2.616238896
11072,g__JAGOHC01,2.371401615
11073,g__JAGOHE01,1.580778039
11074,g__JAGOHT01,2.652017632
11075,g__JAGOHU01,2.975102885
11076,g__JAGOIJ01,1.545167389
11077,g__JAGOIO01,1.956089298
11078,g__JAGOJE01,2.289514919
11079,g__JAGOJI01,3.120783606
11080,g__JAGOJP01,2.19282338
11081,g__JAGOJY01,2.658395028
11082,g__JAGOKF01,2.334474784
11083,g__JAGOLA01,1.246374791
11084,g__JAGOLJ01,1.963400352
11085,g__JAGOLR01,1.717459158
11086,g__JAGOLU01,1.87556073
11087,g__JAGOME01,3.258711295
11088,g__JAGOMP01,2.417559681
11089,g__JAGOMW01,2.677629397
11090,g__JAGOMX01,3.379715482
11091,g__JAGONC01,2.428634895
11092,g__JAGONL01,2.150966335
11093,g__JAGONM01,2.053530755
11094,g__JAGONZ01,1.795612762
11095,g__JAGOOP01,1.90003925
11096,g__JAGOOR01,2.570174189
11097,g__JAGOOV01,1.641435316
11098,g__JAGOPB01,1.711103712
11099,g__JAGOPC01,2.420891284
11100,g__JAGOPM01,1.61031939
11101,g__JAGOPO01,1.816468169
11102,g__JAGOPY01,2.427847432
11103,g__JAGOQP01,1.643925866
11104,g__JAGOQQ01,2.296937334
11105,g__JAGOQX01,2.242950802
11106,g__JAGORB01,1.63521514
11107,g__JAGORE01,1.794556216
11108,g__JAGORL01,1.969474969
11109,g__JAGORM01,1.77728215
11110,g__JAGORN01,1.714916365
11111,g__JAGORO01,2.435588256
11112,g__JAGORQ01,1.980491441
11113,g__JAGORY01,2.367735427
11114,g__JAGOSA01,2.27353267
11115,g__JAGOSC01,2.679246645
11116,g__JAGOSM01,2.226694382
11117,g__JAGOSP01,1.517583769
11118,g__JAGOTD01,2.82442553
11119,g__JAGOTH01,1.966121752
11120,g__JAGOTN01,1.603142097
11121,g__JAGOTR01,1.615121752
11122,g__JAGOTT01,1.363919409
11123,g__JAGOTX01,2.576603544
11124,g__JAGOUA01,2.393044271
11125,g__JAGOUB01,1.635849655
11126,g__JAGOUG01,2.23363938
11127,g__JAGOUJ01,2.109582403
11128,g__JAGOUK01,2.133858089
11129,g__JAGOUN01,2.281917643
11130,g__JAGOUP01,1.583324567
11131,g__JAGOUU01,2.299252602
11132,g__JAGOUV01,2.979494955
11133,g__JAGOUY01,2.169620751
11134,g__JAGOVB01,2.402265642
11135,g__JAGOVF01,3.292420842
11136,g__JAGOVR01,2.402965068
11137,g__JAGOVW01,2.368606664
11138,g__JAGOWQ01,1.927427391
11139,g__JAGOXX01,4.758612784
11140,g__JAGOYM01,2.104136563
11141,g__JAGOZV01,1.766342561
11142,g__JAGOZY01,2.282191691
11143,g__JAGPAO01,2.91477844
11144,g__JAGPBS01,2.590849737
11145,g__JAGPCH01,2.998757847
11146,g__JAGPCK01,2.782663833
11147,g__JAGPDB01,2.666059296
11148,g__JAGPDF01,2.988365223
11149,g__JAGPDM01,2.280396741
11150,g__JAGPFE01,1.896767037
11151,g__JAGPFW01,0.959563763
11152,g__JAGPHI01,2.651912763
11153,g__JAGPHP01,2.717042315
11154,g__JAGPIS01,2.551892069
11155,g__JAGPKI01,1.750074681
11156,g__JAGPKJ01,2.530050501
11157,g__JAGPKW01,0.865912124
11158,g__JAGPLX01,2.720150059
11159,g__JAGPMH01,3.173159858
11160,g__JAGPNC01,1.327671823
11161,g__JAGPUQ01,2.572002452
11162,g__JAGQGZ01,2.997520579
11163,g__JAGQHB01,3.236887986
11164,g__JAGQHJ01,2.387363915
11165,g__JAGQHQ01,1.625470668
11166,g__JAGQHR01,2.964123739
11167,g__JAGQIB01,2.502641248
11168,g__JAGQIF01,2.914211386
11169,g__JAGQIK01,5.54712558
11170,g__JAGQJA01,5.088552929
11171,g__JAGQJE01,2.841454483
11172,g__JAGQJJ01,3.723800846
11173,g__JAGQJP01,3.648798352
11174,g__JAGQJR01,2.753422444
11175,g__JAGQKC01,3.47486054
11176,g__JAGQKQ01,2.157595897
11177,g__JAGQKZ01,1.641269702
11178,g__JAGQLE01,1.730042288
11179,g__JAGQLF01,1.679763789
11180,g__JAGQLH01,2.139502109
11181,g__JAGQLK01,2.140762359
11182,g__JAGQLO01,2.022036079
11183,g__JAGQLQ01,2.118333116
11184,g__JAGQLW01,1.738550935
11185,g__JAGQLY01,1.865270705
11186,g__JAGQMS01,2.168676954
11187,g__JAGQMT01,1.915878979
11188,g__JAGQMX01,2.133673811
11189,g__JAGQMZ01,1.955052931
11190,g__JAGQNA01,1.828683549
11191,g__JAGQNJ01,2.020597248
11192,g__JAGQNK01,1.943744404
11193,g__JAGQNO01,2.271519248
11194,g__JAGQNP01,2.050547478
11195,g__JAGQNR01,2.392811324
11196,g__JAGQNT01,2.517660894
11197,g__JAGQNU01,2.307761713
11198,g__JAGQNX01,1.175583201
11199,g__JAGQOG01,2.622325924
11200,g__JAGQOH01,2.82105367
11201,g__JAGQOI01,2.342719776
11202,g__JAGQOS01,3.087872047
11203,g__JAGQOZ01,4.040532095
11204,g__JAGQPC01,4.78039132
11205,g__JAGQPD01,4.265707996
11206,g__JAGQPF01,4.591164738
11207,g__JAGQPK01,4.293400635
11208,g__JAGQPT01,3.115351581
11209,g__JAGQPV01,3.829671873
11210,g__JAGQQZ01,2.519729842
11211,g__JAGQRA01,3.776993461
11212,g__JAGQRJ01,4.308921092
11213,g__JAGQSC01,3.896788337
11214,g__JAGQSI01,2.99713522
11215,g__JAGQSN01,2.457394541
11216,g__JAGQSZ01,3.10192408
11217,g__JAGQTE01,2.028726208
11218,g__JAGQTY01,2.90320453
11219,g__JAGQUL01,2.688201492
11220,g__JAGQUM01,2.247546493
11221,g__JAGQUY01,2.817818343
11222,g__JAGQVA01,4.004760725
11223,g__JAGQWA01,3.081902579
11224,g__JAGQWL01,3.040498481
11225,g__JAGQWW01,2.957901916
11226,g__JAGQXA01,3.25407668
11227,g__JAGQXC01,3.357352877
11228,g__JAGQYH01,3.038046875
11229,g__JAGQYO01,3.187703131
11230,g__JAGQYP01,3.459254109
11231,g__JAGQZY01,3.155398702
11232,g__JAGRAA01,2.95369132
11233,g__JAGRAG01,3.459918331
11234,g__JAGRAL01,2.806149955
11235,g__JAGRAN01,2.935968805
11236,g__JAGRAO01,2.940403956
11237,g__JAGRAS01,2.287824648
11238,g__JAGRAW01,3.022375065
11239,g__JAGRAX01,2.830090631
11240,g__JAGRAY01,2.322872183
11241,g__JAGRBF01,3.690792551
11242,g__JAGRBM01,3.299277293
11243,g__JAGRBY01,5.124908339
11244,g__JAGRCP01,3.046565641
11245,g__JAGREA01,3.214858202
11246,g__JAGREO01,3.384455376
11247,g__JAGREQ01,3.113389613
11248,g__JAGRGG01,2.658918377
11249,g__JAGRGH01,2.727581103
11250,g__JAGRGI01,3.496971086
11251,g__JAGRHC01,2.321821387
11252,g__JAGRHX01,4.235389725
11253,g__JAGRJA01,3.131697304
11254,g__JAGRKA01,2.731256108
11255,g__JAGRKE01,2.815864477
11256,g__JAGRKQ01,2.655461816
11257,g__JAGRKR01,3.171907466
11258,g__JAGRLG01,2.663952377
11259,g__JAGRMG01,3.29535649
11260,g__JAGRMT01,3.272861688
11261,g__JAGRMU01,3.215121981
11262,g__JAGRMV01,2.704382263
11263,g__JAGRMX01,3.275750778
11264,g__JAGRNA01,3.335170926
11265,g__JAGRNJ01,3.356433462
11266,g__JAGRNM01,2.328415834
11267,g__JAGRNP01,2.974357453
11268,g__JAGRNW01,2.116303847
11269,g__JAGROB01,2.763487157
11270,g__JAGROY01,4.27279183
11271,g__JAGRPD01,2.431326561
11272,g__JAGSHC01,4.67019935
11273,g__JAGSHF01,2.784720957
11274,g__JAGSHH01,3.739840775
11275,g__JAGSHR01,2.406167676
11276,g__JAGSOU01,3.370475022
11277,g__JAGSPQ01,4.063979743
11278,g__JAGTJU01,4.017205923
11279,g__JAGTJX01,3.349371933
11280,g__JAGTQI01,2.057393697
11281,g__JAGTQN01,1.951880394
11282,g__JAGTQT01,2.264921022
11283,g__JAGTQU01,2.431529337
11284,g__JAGTQV01,2.319308906
11285,g__JAGTQX01,2.038076105
11286,g__JAGTRB01,2.233129351
11287,g__JAGTRE01,2.331803562
11288,g__JAGTRP01,3.885562882
11289,g__JAGTTR01,3.814578042
11290,g__JAGTVB01,3.089017002
11291,g__JAGTVG01,2.571979999
11292,g__JAGUVE01,1.911073169
11293,g__JAGUVT01,2.599363254
11294,g__JAGUWE01,1.20925631
11295,g__JAGUWJ01,2.104134278
11296,g__JAGUWR01,1.533388947
11297,g__JAGUWZ01,1.721313705
11298,g__JAGUXD01,1.753121372
11299,g__JAGUXE01,2.917995539
11300,g__JAGUXG01,2.023357363
11301,g__JAGUXU01,1.475212592
11302,g__JAGUYA01,1.486193522
11303,g__JAGUYG01,2.748242773
11304,g__JAGUYX01,2.668738802
11305,g__JAGUZK01,0.92431505
11306,g__JAGUZN01,2.592139614
11307,g__JAGUZQ01,2.890365321
11308,g__JAGUZX01,2.162827888
11309,g__JAGVAV01,1.510296396
11310,g__JAGVAW01,2.863562434
11311,g__JAGVBK01,1.236096294
11312,g__JAGVBM01,3.504997269
11313,g__JAGVCI01,1.787958459
11314,g__JAGVCW01,1.86328782
11315,g__JAGVDM01,2.189943437
11316,g__JAGVDZ01,1.799671595
11317,g__JAGVEG01,2.292880283
11318,g__JAGVEJ01,2.400111485
11319,g__JAGVEL01,1.681061373
11320,g__JAGVEP01,3.077712585
11321,g__JAGVEU01,2.578039126
11322,g__JAGVEX01,1.757657552
11323,g__JAGVFE01,1.306511863
11324,g__JAGVFQ01,1.707008911
11325,g__JAGVFW01,2.092054149
11326,g__JAGVGA01,1.615785393
11327,g__JAGVGH01,3.014088538
11328,g__JAGVGJ01,1.733900183
11329,g__JAGVGK01,1.742796244
11330,g__JAGVGS01,2.006536254
11331,g__JAGVGT01,2.712993703
11332,g__JAGVGV01,3.071267617
11333,g__JAGVGX01,2.007013318
11334,g__JAGVHI01,1.969932749
11335,g__JAGVHQ01,1.571597106
11336,g__JAGVIA01,2.2029318
11337,g__JAGVIE01,2.68661554
11338,g__JAGVIF01,2.366110175
11339,g__JAGVIO01,1.967838667
11340,g__JAGVJK01,2.237324074
11341,g__JAGVJP01,2.588647882
11342,g__JAGVJT01,2.003504609
11343,g__JAGVKB01,4.15746229
11344,g__JAGVKG01,3.536517801
11345,g__JAGVKI01,3.017604402
11346,g__JAGVKL01,2.402779402
11347,g__JAGVKQ01,2.502229461
11348,g__JAGVKY01,2.610184396
11349,g__JAGVLE01,2.217701493
11350,g__JAGVLG01,2.4572097
11351,g__JAGVLI01,4.251973376
11352,g__JAGVLK01,2.361901318
11353,g__JAGVLN01,2.039480381
11354,g__JAGVLQ01,2.01259291
11355,g__JAGVLS01,2.707165771
11356,g__JAGVLW01,2.60496283
11357,g__JAGVLX01,2.919007323
11358,g__JAGVMA01,2.956587749
11359,g__JAGVMG01,2.576845307
11360,g__JAGVMI01,1.980236204
11361,g__JAGVMN01,2.562662655
11362,g__JAGVNC01,1.989402184
11363,g__JAGVNG01,1.810748286
11364,g__JAGVNP01,2.31542664
11365,g__JAGVNX01,1.971795171
11366,g__JAGVNY01,2.825045043
11367,g__JAGVOB01,2.027740696
11368,g__JAGVOQ01,1.930673524
11369,g__JAGVOV01,2.132917504
11370,g__JAGVOW01,2.466956937
11371,g__JAGVPG01,2.062858835
11372,g__JAGVPR01,2.418542983
11373,g__JAGVPS01,1.351124979
11374,g__JAGVPT01,2.999870953
11375,g__JAGVQG01,2.071218651
11376,g__JAGVQJ01,3.005007619
11377,g__JAGVQM01,2.70693878
11378,g__JAGVSV01,2.042930348
11379,g__JAGVSZ01,2.860391322
11380,g__JAGVTM01,3.000878767
11381,g__JAGVUD01,1.97107773
11382,g__JAGVUW01,2.594427928
11383,g__JAGVVH01,2.682354649
11384,g__JAGVVV01,1.658310295
11385,g__JAGVVW01,1.79392947
11386,g__JAGVVZ01,1.824952309
11387,g__JAGVWA01,2.204566618
11388,g__JAGVWC01,1.632819652
11389,g__JAGVWH01,1.527906159
11390,g__JAGVWJ01,2.161355833
11391,g__JAGVWR01,1.590538638
11392,g__JAGVWS01,1.832496103
11393,g__JAGVWT01,1.723328524
11394,g__JAGVWU01,1.850857772
11395,g__JAGVXA01,2.108977296
11396,g__JAGVXD01,1.692274566
11397,g__JAGVXH01,1.78929604
11398,g__JAGVXI01,1.740425952
11399,g__JAGVXK01,1.744898882
11400,g__JAGVXL01,1.564920026
11401,g__JAGVXM01,2.077976009
11402,g__JAGVXO01,1.740479305
11403,g__JAGVXP01,1.823635978
11404,g__JAGVXQ01,1.424306043
11405,g__JAGVXV01,2.085881595
11406,g__JAGVXW01,1.870622507
11407,g__JAGVXY01,1.885379224
11408,g__JAGVXZ01,1.611279471
11409,g__JAGVYC01,1.543736856
11410,g__JAGVYD01,2.168223597
11411,g__JAGVYE01,1.907972163
11412,g__JAGVYF01,1.672349614
11413,g__JAGVYI01,1.687504647
11414,g__JAGVYJ01,1.718649976
11415,g__JAGVYL01,2.0035511
11416,g__JAGVYM01,2.30580479
11417,g__JAGVYN01,1.860510061
11418,g__JAGVYO01,1.561900164
11419,g__JAGVYP01,2.192578198
11420,g__JAGVYR01,2.448273054
11421,g__JAGVYS01,2.042228047
11422,g__JAGVYU01,1.975090665
11423,g__JAGVYX01,1.902310048
11424,g__JAGVYY01,2.037023152
11425,g__JAGVYZ01,2.073517565
11426,g__JAGVZC01,1.738289625
11427,g__JAGVZE01,2.711325015
11428,g__JAGVZF01,1.623388923
11429,g__JAGVZH01,1.814126592
11430,g__JAGVZJ01,1.46220779
11431,g__JAGVZK01,1.66937462
11432,g__JAGVZL01,1.646789362
11433,g__JAGVZM01,1.781987306
11434,g__JAGVZT01,2.189533982
11435,g__JAGVZV01,1.966343516
11436,g__JAGVZW01,1.581785479
11437,g__JAGVZY01,1.693051883
11438,g__JAGVZZ01,1.556169648
11439,g__JAGWAC01,1.727199997
11440,g__JAGWAD01,1.856613425
11441,g__JAGWAF01,2.247795494
11442,g__JAGWAJ01,3.340268429
11443,g__JAGWAQ01,3.327505266
11444,g__JAGWAZ01,2.941190442
11445,g__JAGWBD01,2.07821345
11446,g__JAGWBE01,1.874513965
11447,g__JAGWBF01,2.327227304
11448,g__JAGWBG01,2.532778203
11449,g__JAGWBJ01,2.503133039
11450,g__JAGWBQ01,2.42516511
11451,g__JAGWBR01,2.218571366
11452,g__JAGWBS01,3.250141496
11453,g__JAGWFU01,1.729385628
11454,g__JAGWGI01,2.154475107
11455,g__JAGWGW01,1.849194552
11456,g__JAGWHI01,1.814065517
11457,g__JAGWHJ01,2.052155337
11458,g__JAGWHO01,2.030331494
11459,g__JAGWJP01,2.047505285
11460,g__JAGWJU01,1.944545191
11461,g__JAGWKJ01,2.253431092
11462,g__JAGWKO01,1.881637228
11463,g__JAGWMQ01,2.173229902
11464,g__JAGWNR01,1.772133075
11465,g__JAGWQR01,2.417612945
11466,g__JAGWRA01,2.475975776
11467,g__JAGWRI01,2.43122617
11468,g__JAGWRU01,2.742889817
11469,g__JAGWUP01,2.189199112
11470,g__JAGWUV01,2.859794246
11471,g__JAGWYX01,2.914231052
11472,g__JAGXAD01,1.451426281
11473,g__JAGXFP01,2.844731583
11474,g__JAGXFR01,2.86276961
11475,g__JAGXFU01,2.572930239
11476,g__JAGXGJ01,3.584771668
11477,g__JAGXHH01,2.493802984
11478,g__JAGXHI01,2.842946161
11479,g__JAGXHK01,2.523129018
11480,g__JAGXHS01,2.205024662
11481,g__JAGXIT01,2.055685941
11482,g__JAGXKI01,2.449495485
11483,g__JAGXKT01,2.189089362
11484,g__JAGXLC01,2.486432092
11485,g__JAGXLK01,2.389850926
11486,g__JAGXLP01,2.243380339
11487,g__JAGXOF01,2.175430484
11488,g__JAGXOG01,1.986802064
11489,g__JAGXOH01,1.260435294
11490,g__JAGXOL01,1.578109043
11491,g__JAGXOR01,2.345109124
11492,g__JAGXOS01,2.418051106
11493,g__JAGXQV01,3.994439331
11494,g__JAGXRH01,2.545352174
11495,g__JAGXRK01,2.640576621
11496,g__JAGXRN01,2.889790202
11497,g__JAGXRT01,2.37067283
11498,g__JAGXRU01,2.336493186
11499,g__JAGXSC01,2.2640667
11500,g__JAGXSE01,2.667938287
11501,g__JAGXSG01,2.37338912
11502,g__JAGXSJ01,2.301189105
11503,g__JAGXSR01,1.990521123
11504,g__JAGXTF01,3.269784664
11505,g__JAGXTH01,2.514202532
11506,g__JAGYID01,2.71404181
11507,g__JAGYII01,2.088130112
11508,g__JAGYKE01,3.109289389
11509,g__JAGYLJ01,1.606199163
11510,g__JAGZEG01,2.916272703
11511,g__JAGZHZ01,3.415584347
11512,g__JAGZLR01,3.133711136
11513,g__JAGZMM01,2.725830706
11514,g__JAHAAN01,2.157624448
11515,g__JAHBK01,2.416213226
11516,g__JAHBNG01,8.599677462
11517,g__JAHBSF01,3.514398288
11518,g__JAHBSP01,3.110718679
11519,g__JAHBTB01,2.348600913
11520,g__JAHBTC01,2.557383458
11521,g__JAHBTD01,3.331240639
11522,g__JAHBTG01,2.890489603
11523,g__JAHBUP01,2.775683157
11524,g__JAHBUS01,4.371970004
11525,g__JAHBUV01,3.374663599
11526,g__JAHBUY01,3.455761107
11527,g__JAHBVH01,5.699212293
11528,g__JAHBVK01,4.367223313
11529,g__JAHBVL01,2.917686433
11530,g__JAHBVY01,4.862612509
11531,g__JAHBWI01,3.10168092
11532,g__JAHBWV01,2.784164896
11533,g__JAHBWW01,2.568856046
11534,g__JAHBWZ01,2.845034502
11535,g__JAHBXB01,2.222476144
11536,g__JAHBXC01,2.612680255
11537,g__JAHBXE01,2.534454866
11538,g__JAHBXL01,2.634900242
11539,g__JAHBXR01,3.474674806
11540,g__JAHBXU01,3.926014962
11541,g__JAHBXV01,4.046463158
11542,g__JAHBYH01,3.010026009
11543,g__JAHBZM01,3.937100762
11544,g__JAHCAW01,2.307180096
11545,g__JAHCHE01,3.963392618
11546,g__JAHCHG01,3.371474311
11547,g__JAHCHL01,2.651569116
11548,g__JAHCHP01,2.683647933
11549,g__JAHCID01,3.268994499
11550,g__JAHCIE01,3.256462271
11551,g__JAHCIT01,2.995612724
11552,g__JAHCJI01,2.832042395
11553,g__JAHCJQ01,3.00309792
11554,g__JAHCLG01,2.910288078
11555,g__JAHCRD01,1.722772658
11556,g__JAHCRE01,1.651090473
11557,g__JAHCRF01,1.579737304
11558,g__JAHCRG01,1.286096923
11559,g__JAHCSD01,1.844133656
11560,g__JAHCSE01,1.422642201
11561,g__JAHCVB01,2.328842919
11562,g__JAHDBA01,3.294481508
11563,g__JAHDBB01,3.34681484
11564,g__JAHDBF01,3.018387757
11565,g__JAHDBG01,2.104916295
11566,g__JAHDBH01,3.0197303
11567,g__JAHDBJ01,3.016181662
11568,g__JAHDBT01,3.851620066
11569,g__JAHDBV01,3.363784789
11570,g__JAHDBX01,2.684186168
11571,g__JAHDBZ01,2.163711411
11572,g__JAHDCA01,1.909176617
11573,g__JAHDCC01,3.632877952
11574,g__JAHDCD01,2.453063558
11575,g__JAHDCE01,3.505030758
11576,g__JAHDCG01,4.035067084
11577,g__JAHDCI01,4.534294484
11578,g__JAHDCJ01,3.449778875
11579,g__JAHDCK01,3.199759787
11580,g__JAHDCO01,3.351773699
11581,g__JAHDCT01,2.508725202
11582,g__JAHDCW01,1.427751043
11583,g__JAHDCZ01,2.958407103
11584,g__JAHDDA01,2.650228559
11585,g__JAHDDH01,1.87971954
11586,g__JAHDDI01,2.453860938
11587,g__JAHDDO01,3.132478785
11588,g__JAHDDV01,3.747628308
11589,g__JAHDDW01,2.855989014
11590,g__JAHDDY01,3.366391282
11591,g__JAHDDZ01,2.108394373
11592,g__JAHDEG01,2.408656878
11593,g__JAHDEI01,2.203020686
11594,g__JAHDEO01,3.559541824
11595,g__JAHDES01,3.311362397
11596,g__JAHDFB01,2.950825266
11597,g__JAHDFT01,3.068557072
11598,g__JAHDFW01,3.176024835
11599,g__JAHDFY01,3.440741018
11600,g__JAHDGB01,2.678819509
11601,g__JAHDGC01,3.833381462
11602,g__JAHDGP01,3.520074913
11603,g__JAHDGS01,3.189053313
11604,g__JAHDGT01,3.106302951
11605,g__JAHDGW01,2.892858117
11606,g__JAHDGY01,2.697901852
11607,g__JAHDHB01,3.853593459
11608,g__JAHDHF01,2.831684129
11609,g__JAHDHG01,2.719164742
11610,g__JAHDHH01,2.871900307
11611,g__JAHDHI01,3.851026938
11612,g__JAHDHN01,2.363041101
11613,g__JAHDHP01,2.933894781
11614,g__JAHDHT01,3.076432347
11615,g__JAHDHU01,2.738269834
11616,g__JAHDHV01,3.441079295
11617,g__JAHDHW01,4.037447952
11618,g__JAHDHX01,2.180992109
11619,g__JAHDHZ01,2.404787237
11620,g__JAHDIH01,3.65661906
11621,g__JAHDIM01,3.565371268
11622,g__JAHDIP01,3.713092256
11623,g__JAHDIR01,2.932636561
11624,g__JAHDQI01,1.625194409
11625,g__JAHDQW01,2.066870932
11626,g__JAHDRN01,1.998132709
11627,g__JAHDSC01,2.891054975
11628,g__JAHDSF01,3.285204891
11629,g__JAHDVP01,3.265674001
11630,g__JAHDVQ01,2.719150679
11631,g__JAHDVS01,2.454292153
11632,g__JAHDWY01,3.205449399
11633,g__JAHDXH01,1.717232631
11634,g__JAHDXW01,2.669076145
11635,g__JAHDYP01,3.762475014
11636,g__JAHEAO01,3.43138586
11637,g__JAHEBB01,3.863427319
11638,g__JAHEBN01,3.242312563
11639,g__JAHEBS01,3.609501269
11640,g__JAHEBU01,3.190244114
11641,g__JAHECE01,2.2586094
11642,g__JAHECH01,3.630706032
11643,g__JAHECK01,2.605625568
11644,g__JAHECP01,3.083629249
11645,g__JAHECQ01,3.375071669
11646,g__JAHECR01,3.204816553
11647,g__JAHECW01,3.07509849
11648,g__JAHEDA01,3.206780035
11649,g__JAHEDB01,3.350836868
11650,g__JAHEDC01,3.669019499
11651,g__JAHEDG01,2.723669176
11652,g__JAHEDH01,3.022678637
11653,g__JAHEDJ01,2.731113708
11654,g__JAHEDQ01,3.55947685
11655,g__JAHEDT01,3.054394876
11656,g__JAHEEH01,2.278844946
11657,g__JAHEEI01,2.476255305
11658,g__JAHEEL01,2.576353876
11659,g__JAHEEM01,2.972444665
11660,g__JAHEEO01,2.785280379
11661,g__JAHEEY01,4.060142293
11662,g__JAHEFE01,3.297707845
11663,g__JAHEFR01,2.875838691
11664,g__JAHEFT01,2.963319129
11665,g__JAHEFU01,3.067718898
11666,g__JAHEFX01,2.618487566
11667,g__JAHEGF01,3.154938592
11668,g__JAHEGN01,2.857613454
11669,g__JAHEGP01,2.959239935
11670,g__JAHEHB01,3.61912898
11671,g__JAHEHQ01,3.246612178
11672,g__JAHEIA01,3.100788822
11673,g__JAHEIH01,3.573063964
11674,g__JAHEIJ01,2.955704653
11675,g__JAHEIK01,3.012416072
11676,g__JAHEIS01,2.359201197
11677,g__JAHEIW01,3.476604152
11678,g__JAHEJA01,4.089501804
11679,g__JAHEJB01,2.956770584
11680,g__JAHEJC01,3.465762378
11681,g__JAHEJE01,2.688951532
11682,g__JAHEJJ01,2.720111162
11683,g__JAHEJN01,2.854874603
11684,g__JAHEJT01,2.920973018
11685,g__JAHEJV01,3.16450533
11686,g__JAHEJX01,3.608573698
11687,g__JAHEKB01,2.579953312
11688,g__JAHEKC01,2.531848793
11689,g__JAHEKD01,3.048858733
11690,g__JAHEKE01,3.627361842
11691,g__JAHEKF01,2.877723866
11692,g__JAHEKG01,2.993057605
11693,g__JAHEKK01,2.911598001
11694,g__JAHEKN01,2.947549972
11695,g__JAHEKO01,3.222338411
11696,g__JAHEKQ01,2.826289679
11697,g__JAHEKS01,2.896891933
11698,g__JAHEKZ01,2.875817295
11699,g__JAHELH01,2.563577634
11700,g__JAHELJ01,3.320815422
11701,g__JAHELM01,3.040404062
11702,g__JAHELQ01,4.318077927
11703,g__JAHELT01,3.637971163
11704,g__JAHELU01,3.65059094
11705,g__JAHELV01,2.83752779
11706,g__JAHELX01,4.308689474
11707,g__JAHEMB01,3.048163604
11708,g__JAHEME01,3.000982338
11709,g__JAHEMF01,2.621210248
11710,g__JAHEMU01,2.951843613
11711,g__JAHEMY01,3.274287401
11712,g__JAHEMZ01,3.066799162
11713,g__JAHENB01,3.124455983
11714,g__JAHENH01,2.460614048
11715,g__JAHENU01,1.780665103
11716,g__JAHENW01,2.155854647
11717,g__JAHEOA01,2.54587111
11718,g__JAHEOI01,2.737712627
11719,g__JAHEXM01,2.625194918
11720,g__JAHEXQ01,2.453805215
11721,g__JAHEXU01,2.76742885
11722,g__JAHEXW01,2.189512774
11723,g__JAHEXX01,2.408692148
11724,g__JAHEXY01,3.200603276
11725,g__JAHEYF01,3.62016589
11726,g__JAHEYG01,3.377672425
11727,g__JAHEYM01,3.351984726
11728,g__JAHEYN01,2.523765535
11729,g__JAHEYX01,2.833464237
11730,g__JAHEZC01,2.435301258
11731,g__JAHEZL01,2.818315692
11732,g__JAHEZO01,2.489769315
11733,g__JAHEZR01,1.574467749
11734,g__JAHEZZ01,2.712507488
11735,g__JAHFAB01,2.498629781
11736,g__JAHFAC01,2.491925757
11737,g__JAHFAE01,2.822005623
11738,g__JAHFAF01,3.579346692
11739,g__JAHFAI01,2.718447522
11740,g__JAHFAK01,2.569385964
11741,g__JAHFAO01,3.193147894
11742,g__JAHFAP01,2.851705487
11743,g__JAHFBB01,2.055803465
11744,g__JAHFBD01,2.402865269
11745,g__JAHFBI01,3.544665671
11746,g__JAHFBM01,1.840245239
11747,g__JAHFBP01,2.197869999
11748,g__JAHFBR01,2.019826588
11749,g__JAHFBY01,2.32112995
11750,g__JAHFCA01,1.835042136
11751,g__JAHFCY01,2.549276667
11752,g__JAHFCZ01,2.353555162
11753,g__JAHFDA01,2.917997293
11754,g__JAHFDB01,2.988190724
11755,g__JAHFDN01,2.199289963
11756,g__JAHFDP01,3.157094242
11757,g__JAHFDQ01,3.743924912
11758,g__JAHFDS01,4.759833836
11759,g__JAHFDT01,3.115452323
11760,g__JAHFDU01,3.115235176
11761,g__JAHFDV01,4.262060753
11762,g__JAHFDX01,3.849129155
11763,g__JAHFEE01,1.843449751
11764,g__JAHFEG01,2.273498976
11765,g__JAHFEI01,2.40791156
11766,g__JAHFEQ01,2.386570834
11767,g__JAHFFE01,1.902611341
11768,g__JAHFFF01,1.688372252
11769,g__JAHFFI01,2.11602439
11770,g__JAHFFM01,2.024695479
11771,g__JAHFFN01,1.950459358
11772,g__JAHFFS01,1.723511977
11773,g__JAHFFW01,2.083210812
11774,g__JAHFFX01,2.176725839
11775,g__JAHFFY01,2.148960109
11776,g__JAHFGK01,1.924592764
11777,g__JAHFGL01,2.192099653
11778,g__JAHFGN01,1.639099863
11779,g__JAHFGO01,1.612796911
11780,g__JAHFGT01,1.945225194
11781,g__JAHFGU01,1.69997416
11782,g__JAHFGV01,2.169108212
11783,g__JAHFGW01,1.874923758
11784,g__JAHFGY01,1.982758233
11785,g__JAHFHB01,2.172309784
11786,g__JAHFHC01,2.190257231
11787,g__JAHFHD01,1.930137958
11788,g__JAHFHG01,1.995456847
11789,g__JAHFHI01,1.935568848
11790,g__JAHFHK01,1.871871097
11791,g__JAHFHR01,1.20804667
11792,g__JAHFHZ01,1.919203853
11793,g__JAHFIC01,1.389969743
11794,g__JAHFIO01,1.848184124
11795,g__JAHFIV01,1.769814499
11796,g__JAHFIW01,1.989807378
11797,g__JAHFJA01,1.69965866
11798,g__JAHFJB01,1.347553704
11799,g__JAHFJD01,1.781697485
11800,g__JAHFJF01,1.890416205
11801,g__JAHFJG01,1.432624442
11802,g__JAHFJU01,2.496474979
11803,g__JAHFKE01,1.812053166
11804,g__JAHFKF01,1.548177074
11805,g__JAHFKJ01,1.447548838
11806,g__JAHFKM01,1.482089159
11807,g__JAHFKT01,1.850690686
11808,g__JAHFLD01,1.33731335
11809,g__JAHFLF01,2.05557937
11810,g__JAHFLJ01,2.12045115
11811,g__JAHFLL01,2.109672363
11812,g__JAHFLM01,2.071976233
11813,g__JAHFLQ01,1.634045731
11814,g__JAHFLR01,1.770256619
11815,g__JAHFLV01,2.153781836
11816,g__JAHFNJ01,2.442474652
11817,g__JAHFNN01,2.40521671
11818,g__JAHFNP01,1.792343404
11819,g__JAHFNY01,1.451283889
11820,g__JAHFOF01,1.566027208
11821,g__JAHFOH01,2.436345286
11822,g__JAHFOI01,2.060837938
11823,g__JAHFOJ01,1.412524893
11824,g__JAHFOQ01,2.151546425
11825,g__JAHFOS01,2.716903255
11826,g__JAHFOU01,2.273857897
11827,g__JAHFOV01,2.565725731
11828,g__JAHFOW01,3.21926227
11829,g__JAHFPN01,2.459106436
11830,g__JAHFPP01,2.911161725
11831,g__JAHFPR01,2.514170341
11832,g__JAHFQD01,2.523181158
11833,g__JAHFQF01,2.567784394
11834,g__JAHFQG01,1.937701641
11835,g__JAHFQI01,3.705395607
11836,g__JAHFQJ01,2.721931415
11837,g__JAHFQX01,2.469162359
11838,g__JAHFRG01,2.236525421
11839,g__JAHFRQ01,2.621096962
11840,g__JAHFRR01,2.127696775
11841,g__JAHFRS01,2.135317813
11842,g__JAHFSE01,2.382403283
11843,g__JAHFSL01,2.030322787
11844,g__JAHFST01,3.026786333
11845,g__JAHFSU01,2.273763033
11846,g__JAHFSX01,2.43547425
11847,g__JAHFSY01,2.957236191
11848,g__JAHFSZ01,2.041645946
11849,g__JAHFTD01,2.820571303
11850,g__JAHFTJ01,1.857478524
11851,g__JAHFTM01,2.245208713
11852,g__JAHFTP01,2.184272416
11853,g__JAHFTW01,2.628313502
11854,g__JAHFTX01,2.377399318
11855,g__JAHFTY01,3.206827043
11856,g__JAHFUA01,2.599402864
11857,g__JAHFUH01,3.622811913
11858,g__JAHFUI01,3.511818131
11859,g__JAHFUJ01,3.439641005
11860,g__JAHFUQ01,2.517656543
11861,g__JAHFUS01,2.543510196
11862,g__JAHHGS01,3.538420451
11863,g__JAHHGU01,3.358859922
11864,g__JAHHHE01,3.485402748
11865,g__JAHHLP01,2.826424445
11866,g__JAHHSE01,2.862998557
11867,g__JAHHSQ01,2.363614033
11868,g__JAHHSR01,2.58724295
11869,g__JAHHTG01,2.525942142
11870,g__JAHHTM01,3.237729334
11871,g__JAHHTP01,2.874880159
11872,g__JAHHUA01,3.493485304
11873,g__JAHHUH01,3.03320814
11874,g__JAHHUI01,2.286144085
11875,g__JAHIDZ01,1.925437202
11876,g__JAHIEB01,1.695727566
11877,g__JAHIEG01,1.894877912
11878,g__JAHIEH01,1.598923496
11879,g__JAHIEL01,1.488483638
11880,g__JAHIEM01,2.018284014
11881,g__JAHIEN01,1.703955256
11882,g__JAHIER01,1.480533989
11883,g__JAHIEZ01,0.650340641
11884,g__JAHIFH01,1.056907422
11885,g__JAHIGH01,1.910103749
11886,g__JAHIHE01,1.575658704
11887,g__JAHIHG01,1.938767674
11888,g__JAHIIS01,1.696377114
11889,g__JAHIJO01,2.457834307
11890,g__JAHIKV01,2.696515519
11891,g__JAHILA01,1.202302975
11892,g__JAHILC01,2.60782513
11893,g__JAHILH01,1.924122124
11894,g__JAHILJ01,1.575131751
11895,g__JAHILT01,1.482523219
11896,g__JAHILY01,1.720105049
11897,g__JAHILZ01,1.78151703
11898,g__JAHIME01,1.499286961
11899,g__JAHIMF01,1.827058985
11900,g__JAHIMK01,2.139376532
11901,g__JAHIMV01,1.564396569
11902,g__JAHINB01,1.21231796
11903,g__JAHIOM01,1.622522612
11904,g__JAHIOQ01,2.176031142
11905,g__JAHIOW01,1.633442267
11906,g__JAHIOX01,1.391794828
11907,g__JAHIOY01,2.024587746
11908,g__JAHIPE01,2.390998756
11909,g__JAHIPG01,2.330756064
11910,g__JAHIPI01,1.727959434
11911,g__JAHIPL01,2.513338527
11912,g__JAHIPS01,1.937027082
11913,g__JAHIPV01,1.103951618
11914,g__JAHIQC01,2.602579163
11915,g__JAHIRA01,1.680646927
11916,g__JAHIRB01,1.669741783
11917,g__JAHIRD01,4.762785443
11918,g__JAHIRI01,1.542632854
11919,g__JAHIRL01,1.860617508
11920,g__JAHIRM01,2.349309253
11921,g__JAHIRT01,1.517628677
11922,g__JAHIRU01,1.756600147
11923,g__JAHIRX01,1.341615168
11924,g__JAHIRY01,1.789877794
11925,g__JAHISB01,1.408380768
11926,g__JAHISC01,1.719217158
11927,g__JAHISH01,1.598525482
11928,g__JAHISJ01,1.747448775
11929,g__JAHISK01,1.944058946
11930,g__JAHISN01,1.212090114
11931,g__JAHIST01,1.542691382
11932,g__JAHISV01,3.287878232
11933,g__JAHISW01,1.62498183
11934,g__JAHISY01,1.908547035
11935,g__JAHITC01,1.598179084
11936,g__JAHITE01,2.37654153
11937,g__JAHITG01,2.562328885
11938,g__JAHITH01,1.209773166
11939,g__JAHITL01,1.301456241
11940,g__JAHITT01,1.662996266
11941,g__JAHITU01,1.40830018
11942,g__JAHITV01,1.558844539
11943,g__JAHIUF01,2.201670636
11944,g__JAHIUG01,1.599386983
11945,g__JAHIUL01,1.643982132
11946,g__JAHIUP01,1.78967883
11947,g__JAHIUS01,1.935893801
11948,g__JAHIUU01,1.819143744
11949,g__JAHIUV01,1.500656843
11950,g__JAHIVB01,2.409088853
11951,g__JAHIVE01,1.816612496
11952,g__JAHIVG01,2.339593135
11953,g__JAHIVH01,3.396378648
11954,g__JAHIVK01,1.627799796
11955,g__JAHIVM01,2.78457309
11956,g__JAHIVN01,2.004963115
11957,g__JAHIVO01,1.564237984
11958,g__JAHIVP01,1.82773553
11959,g__JAHIVQ01,2.107158484
11960,g__JAHIVR01,1.915461157
11961,g__JAHIVW01,1.808034391
11962,g__JAHIWS01,1.852992888
11963,g__JAHIYE01,3.509396587
11964,g__JAHIYG01,1.766709964
11965,g__JAHIYL01,2.497264217
11966,g__JAHIYT01,1.870359097
11967,g__JAHIYU01,2.487230336
11968,g__JAHIYV01,1.543137939
11969,g__JAHIZC01,1.540384441
11970,g__JAHIZJ01,1.823812494
11971,g__JAHIZR01,2.484198535
11972,g__JAHIZU01,1.702899237
11973,g__JAHIZV01,2.576876828
11974,g__JAHJAA01,3.405517237
11975,g__JAHJAL01,2.264719031
11976,g__JAHJAM01,1.822781379
11977,g__JAHJAO01,1.81340536
11978,g__JAHJAP01,1.049436005
11979,g__JAHJAQ01,1.736484795
11980,g__JAHJAR01,3.006546483
11981,g__JAHJAU01,1.783660844
11982,g__JAHJAV01,2.023890989
11983,g__JAHJAY01,0.92984218
11984,g__JAHJBD01,2.098146557
11985,g__JAHJBR01,1.999244842
11986,g__JAHJBW01,1.754354579
11987,g__JAHJBY01,1.773241085
11988,g__JAHJBZ01,2.19130135
11989,g__JAHJCH01,3.755531171
11990,g__JAHJCI01,1.506453038
11991,g__JAHJCL01,1.522097862
11992,g__JAHJCN01,1.961737625
11993,g__JAHJCO01,2.610847063
11994,g__JAHJCW01,2.1778427
11995,g__JAHJDB01,2.137752355
11996,g__JAHJDF01,1.909816608
11997,g__JAHJDG01,2.315286636
11998,g__JAHJDJ01,2.774877193
11999,g__JAHJDO01,1.789793895
12000,g__JAHJDP01,3.192986486
12001,g__JAHJDQ01,2.052028001
12002,g__JAHJDR01,2.779402042
12003,g__JAHJDS01,2.988165646
12004,g__JAHJDW01,3.293046609
12005,g__JAHJEM01,2.161099035
12006,g__JAHJEW01,1.541243348
12007,g__JAHJEX01,1.738594066
12008,g__JAHJFH01,2.024874006
12009,g__JAHJFT01,1.647040171
12010,g__JAHJFW01,1.522516036
12011,g__JAHJGG01,1.572205751
12012,g__JAHJGQ01,1.904784625
12013,g__JAHJGY01,1.268208494
12014,g__JAHJGZ01,2.395345451
12015,g__JAHJHC01,1.569229193
12016,g__JAHJHG01,1.127473867
12017,g__JAHJHM01,2.036695495
12018,g__JAHJIN01,4.13025728
12019,g__JAHJIQ01,3.187368578
12020,g__JAHJIW01,1.914539246
12021,g__JAHJIX01,1.6064963
12022,g__JAHJIY01,3.387898978
12023,g__JAHJJA01,1.553565073
12024,g__JAHJJF01,3.133076774
12025,g__JAHJJO01,1.592307244
12026,g__JAHJKD01,1.625832616
12027,g__JAHJKV01,2.850489194
12028,g__JAHJML01,2.549759769
12029,g__JAHJMN01,3.506333775
12030,g__JAHJMO01,1.3194492
12031,g__JAHJMX01,1.850290744
12032,g__JAHJOQ01,2.90946823
12033,g__JAHJOV01,1.134393879
12034,g__JAHJQH01,1.560386563
12035,g__JAHJQK01,3.294785341
12036,g__JAHJQN01,1.892329237
12037,g__JAHJQQ01,2.826738295
12038,g__JAHJQT01,1.142812546
12039,g__JAHJQV01,2.815402259
12040,g__JAHJQY01,1.547068646
12041,g__JAHJQZ01,2.704997899
12042,g__JAHJRB01,1.482977343
12043,g__JAHJRI01,3.685656823
12044,g__JAHJRJ01,2.061455765
12045,g__JAHJRN01,1.480987854
12046,g__JAHJRU01,2.286824028
12047,g__JAHJRV01,1.730134541
12048,g__JAHJRX01,1.926230219
12049,g__JAHJRZ01,1.623841586
12050,g__JAHJSA01,3.193417021
12051,g__JAHJSD01,1.633359885
12052,g__JAHJSF01,2.010591501
12053,g__JAHJSM01,1.033061143
12054,g__JAHJSO01,1.552903766
12055,g__JAHJST01,0.911121759
12056,g__JAHJSU01,2.682916882
12057,g__JAHJSW01,1.576848175
12058,g__JAHJSX01,1.942236251
12059,g__JAHJSY01,1.595337174
12060,g__JAHJTB01,4.226707363
12061,g__JAHJTE01,1.579621814
12062,g__JAHJTG01,1.499193687
12063,g__JAHJTO01,2.082959512
12064,g__JAHJTR01,1.680488891
12065,g__JAHJTU01,1.720445103
12066,g__JAHJTV01,4.576912184
12067,g__JAHJTW01,2.492076118
12068,g__JAHJTX01,3.044186214
12069,g__JAHJUB01,1.771414139
12070,g__JAHJUE01,3.105645316
12071,g__JAHJUF01,2.475751552
12072,g__JAHJUH01,0.421993621
12073,g__JAHJUI01,1.871303899
12074,g__JAHJVF01,2.719387627
12075,g__JAHJXP01,2.473954687
12076,g__JAHKAF01,1.882060198
12077,g__JAHKAJ01,1.784499897
12078,g__JAHKAL01,0.98949105
12079,g__JAHKAP01,1.564531862
12080,g__JAHKAQ01,1.365688125
12081,g__JAHKAY01,2.172684662
12082,g__JAHKBB01,2.083318134
12083,g__JAHKBC01,1.439585406
12084,g__JAHKKL01,2.63585343
12085,g__JAHKLF01,2.587494019
12086,g__JAHKLG01,2.431255172
12087,g__JAHKLH01,2.467487506
12088,g__JAHKLN01,2.255377328
12089,g__JAHKLT01,1.896977211
12090,g__JAHKLV01,2.309416311
12091,g__JAHKLY01,1.715126073
12092,g__JAHLLH01,3.084339035
12093,g__JAHLLK01,3.857685951
12094,g__JAHLLM01,3.632955285
12095,g__JAHLLQ01,3.074295176
12096,g__JAHLMN01,1.48315264
12097,g__JAHLMO01,1.306113875
12098,g__JAHLMP01,1.690988447
12099,g__JAHLMR01,1.376072209
12100,g__JAHLMS01,1.971961927
12101,g__JAHOYW01,2.287853621
12102,g__JAHOYX01,2.811654065
12103,g__JAHQVI01,2.811777022
12104,g__JAHQVK01,3.369025726
12105,g__JAHQVL01,3.692925846
12106,g__JAHQVR01,3.799806214
12107,g__JAHQVS01,3.294246578
12108,g__JAHQVV01,2.732287947
12109,g__JAHQVX01,3.052018692
12110,g__JAHQVY01,2.288059994
12111,g__JAHQWC01,2.336526386
12112,g__JAHQWD01,2.226495217
12113,g__JAHQWF01,2.504115743
12114,g__JAHRAH01,2.630454485
12115,g__JAHRAJ01,1.86560235
12116,g__JAHRAL01,2.0093963
12117,g__JAHRAM01,2.124163078
12118,g__JAHRAN01,2.257503788
12119,g__JAHRAO01,2.164001887
12120,g__JAHRAW01,2.188034481
12121,g__JAHRAZ01,2.907738606
12122,g__JAHRHE01,2.851655222
12123,g__JAHRVQ01,3.621024783
12124,g__JAHRWD01,3.021715741
12125,g__JAHTBL01,3.393356631
12126,g__JAHUUI01,2.570547703
12127,g__JAHWHA01,1.622289396
12128,g__JAHWHD01,1.928813787
12129,g__JAHWHF01,1.797976812
12130,g__JAHWHG01,1.806884082
12131,g__JAHWHN01,1.975494839
12132,g__JAHWHO01,1.775417304
12133,g__JAHWHQ01,2.003030315
12134,g__JAHWIB01,1.808642178
12135,g__JAHWIC01,1.941074614
12136,g__JAHWIL01,1.738182469
12137,g__JAHWIM01,1.863791671
12138,g__JAHWJK01,1.957748968
12139,g__JAHWJO01,2.740104484
12140,g__JAHWJQ01,2.164021788
12141,g__JAHWJR01,2.024534171
12142,g__JAHWJV01,2.71945387
12143,g__JAHWJX01,2.540843877
12144,g__JAHWJY01,2.306241566
12145,g__JAHWKI01,2.493820172
12146,g__JAHWKJ01,3.821350389
12147,g__JAHWKK01,2.592262733
12148,g__JAHWKN01,1.481100112
12149,g__JAHWKP01,2.29064485
12150,g__JAHWKQ01,1.906741191
12151,g__JAHWKR01,2.776480274
12152,g__JAHWKS01,4.266139735
12153,g__JAHWKU01,2.599516939
12154,g__JAHWKV01,2.375038912
12155,g__JAHWKW01,2.082858751
12156,g__JAHWKY01,3.211585062
12157,g__JAHWLA01,2.45768899
12158,g__JAHWLC01,2.051576393
12159,g__JAHXGL01,1.568473051
12160,g__JAHXGM01,1.752666247
12161,g__JAHXGN01,1.670609286
12162,g__JAHXGO01,1.747799399
12163,g__JAHXHF01,3.035295806
12164,g__JAHYIR01,2.341219732
12165,g__JAHYIW01,2.888018888
12166,g__JAHYJR01,1.746700838
12167,g__JAHYJV01,1.348241404
12168,g__JAHZDZ01,4.077081682
12169,g__JAHZFN01,3.311036658
12170,g__JAHZGC01,3.928321642
12171,g__JAHZHG01,3.599525694
12172,g__JAHZIE01,2.637851677
12173,g__JAHZIV01,2.200893632
12174,g__JAHZIX01,3.93495142
12175,g__JAHZKE01,2.2192395
12176,g__JAHZKN01,2.619977868
12177,g__JAHZKQ01,2.030885836
12178,g__JAHZKS01,2.011306958
12179,g__JAHZKU01,2.648745915
12180,g__JAHZLG01,2.301415992
12181,g__JAHZLQ01,3.181313704
12182,g__JAHZMA01,2.319332071
12183,g__JAIBAC01,2.381927458
12184,g__JAIBAD01,2.259092673
12185,g__JAIBAE01,3.484001815
12186,g__JAIBAG01,2.653573043
12187,g__JAIBAI01,2.665585972
12188,g__JAIBAJ01,3.383196638
12189,g__JAIBAM01,2.953840355
12190,g__JAIBAN01,4.459340756
12191,g__JAIBAQ01,3.07588238
12192,g__JAIBAT01,2.941423288
12193,g__JAIBBD01,2.565410779
12194,g__JAIBBG01,2.938708386
12195,g__JAIBBI01,3.395072073
12196,g__JAIBBQ01,4.207944776
12197,g__JAIBBR01,3.792277993
12198,g__JAIBBU01,3.039184128
12199,g__JAIBBV01,3.299089102
12200,g__JAIBBY01,3.155667825
12201,g__JAIBBZ01,3.330613313
12202,g__JAIBCC01,4.191730294
12203,g__JAIBCD01,3.117678497
12204,g__JAIBCL01,3.652488909
12205,g__JAIBCM01,1.958168013
12206,g__JAIBDK01,2.735455287
12207,g__JAIBJL01,3.587691772
12208,g__JAIBJN01,2.30881738
12209,g__JAIBJP01,2.351424972
12210,g__JAICDB01,2.627050463
12211,g__JAICEW01,3.733435357
12212,g__JAICHO01,1.913128154
12213,g__JAICHT01,2.592916432
12214,g__JAICIE01,2.716074829
12215,g__JAICIG01,4.354494142
12216,g__JAICIM01,4.075253687
12217,g__JAICIO01,3.777119884
12218,g__JAICJC01,2.745234046
12219,g__JAICJJ01,2.899698247
12220,g__JAICJR01,2.669359729
12221,g__JAICJV01,2.127614969
12222,g__JAICKJ01,2.341845201
12223,g__JAICKM01,3.517242429
12224,g__JAICKN01,2.744235204
12225,g__JAICLA01,2.995102672
12226,g__JAICLL01,3.674328136
12227,g__JAICLV01,2.735426878
12228,g__JAICMB01,2.657134733
12229,g__JAICMS01,2.457414003
12230,g__JAICND01,2.642219503
12231,g__JAICNG01,2.847969811
12232,g__JAICNR01,2.370585628
12233,g__JAICNY01,2.094169517
12234,g__JAICQM01,2.101927476
12235,g__JAICQQ01,4.956640594
12236,g__JAICSD01,2.828401733
12237,g__JAICSL01,2.654406953
12238,g__JAICTV01,2.500319274
12239,g__JAICUF01,2.054023939
12240,g__JAICUY01,1.524582517
12241,g__JAICWE01,2.142732484
12242,g__JAICWP01,3.087915667
12243,g__JAICWV01,2.760146722
12244,g__JAICWY01,2.92832612
12245,g__JAICXG01,2.427834199
12246,g__JAICXJ01,2.754740799
12247,g__JAICXS01,2.587548294
12248,g__JAICXU01,3.823415824
12249,g__JAICXV01,3.032721715
12250,g__JAICYB01,2.687707318
12251,g__JAICYJ01,2.657758103
12252,g__JAIDVZ01,1.80222554
12253,g__JAIELD01,2.927253287
12254,g__JAIELF01,3.101052877
12255,g__JAIEMB01,2.600358969
12256,g__JAIEMG01,4.493881287
12257,g__JAIEMT01,3.558749634
12258,g__JAIEMW01,2.683165695
12259,g__JAIEOG01,3.328094114
12260,g__JAIEOP01,3.720802231
12261,g__JAIEOQ01,3.144511058
12262,g__JAIEOS01,3.96232037
12263,g__JAIEPM01,4.371802523
12264,g__JAIEPT01,3.955215971
12265,g__JAIEPU01,4.037776488
12266,g__JAIEPW01,3.652458653
12267,g__JAIEPX01,2.585546545
12268,g__JAIERY01,3.090564859
12269,g__JAIESQ01,3.847283542
12270,g__JAIETH01,2.125069337
12271,g__JAIETI01,2.464730437
12272,g__JAIFKL01,3.110394697
12273,g__JAIFLJ01,2.506503491
12274,g__JAIFLK01,4.065079876
12275,g__JAIFLN01,2.801893628
12276,g__JAIFLP01,2.051298672
12277,g__JAIFMU01,3.371996608
12278,g__JAIFMY01,3.127062054
12279,g__JAIFNC01,3.101557363
12280,g__JAIFNL01,2.967288522
12281,g__JAIFTM01,2.151781944
12282,g__JAIFVW01,1.943639251
12283,g__JAIFWC01,1.725761526
12284,g__JAIFWG01,1.880686602
12285,g__JAIFWI01,1.902410593
12286,g__JAIFWN01,1.741829982
12287,g__JAIFWV01,1.989982398
12288,g__JAIHAL01,2.432368581
12289,g__JAIKWW01,3.758195249
12290,g__JAILAT01,2.235161624
12291,g__JAILCC01,2.310796912
12292,g__JAILCQ01,2.463282393
12293,g__JAILDL01,3.114425105
12294,g__JAILDS01,1.881836302
12295,g__JAILEI01,2.299609461
12296,g__JAILEN01,2.589338608
12297,g__JAILFK01,2.848239021
12298,g__JAILFQ01,2.68516599
12299,g__JAILGW01,2.200061272
12300,g__JAILHT01,3.153492767
12301,g__JAILLO01,3.469839421
12302,g__JAILLW01,2.922560073
12303,g__JAILNW01,2.436351488
12304,g__JAILPU01,2.544007898
12305,g__JAILZF01,2.388949798
12306,g__JAILZL01,2.129222579
12307,g__JAILZP01,2.73740879
12308,g__JAILZS01,2.236928888
12309,g__JAIMAE01,2.466087809
12310,g__JAIMAL01,2.305500483
12311,g__JAIMAR01,2.420609858
12312,g__JAIMAT01,2.076896982
12313,g__JAIMAU01,1.436449714
12314,g__JAIMAY01,2.597615661
12315,g__JAIMBC01,3.560618775
12316,g__JAIMBF01,2.71693967
12317,g__JAIMBG01,2.362283384
12318,g__JAIMBI01,2.636284194
12319,g__JAIMBK01,2.513033422
12320,g__JAIMBT01,2.955836785
12321,g__JAIMJY01,2.233819605
12322,g__JAIOAV01,2.458739923
12323,g__JAIOAW01,1.904854813
12324,g__JAIOHN01,4.220308892
12325,g__JAIOHU01,2.916108447
12326,g__JAIOHV01,2.707310424
12327,g__JAIOJO01,3.758327754
12328,g__JAIOJS01,3.394495191
12329,g__JAIOOV01,1.98796758
12330,g__JAIOOX01,1.687305196
12331,g__JAIOPA01,2.350502952
12332,g__JAIOPE01,3.381972698
12333,g__JAIOPI01,2.03656556
12334,g__JAIOPN01,2.292005084
12335,g__JAIOPX01,3.96552892
12336,g__JAIOQA01,5.919084107
12337,g__JAIOQJ01,3.669541837
12338,g__JAIOQL01,2.798369434
12339,g__JAIOQZ01,2.417100091
12340,g__JAIORA01,2.220017587
12341,g__JAIORC01,2.814941422
12342,g__JAIORE01,3.080983278
12343,g__JAIORK01,2.389028962
12344,g__JAIORP01,2.683074372
12345,g__JAIORV01,3.480793532
12346,g__JAIORY01,2.267329365
12347,g__JAIOSF01,2.624109555
12348,g__JAIOSI01,2.365557409
12349,g__JAIOSJ01,3.134712409
12350,g__JAIOSL01,2.53314125
12351,g__JAIOSM01,2.908865887
12352,g__JAIOSR01,2.971522229
12353,g__JAIOTD01,1.457999449
12354,g__JAIOTG01,1.179666138
12355,g__JAIOTH01,1.343855743
12356,g__JAIOTL01,2.789345733
12357,g__JAIOTM01,2.425159974
12358,g__JAIOTO01,2.383009906
12359,g__JAIOUP01,2.463125589
12360,g__JAIOUW01,3.312568098
12361,g__JAIOYC01,2.3491514
12362,g__JAIOYM01,2.01556333
12363,g__JAIOYV01,3.643702095
12364,g__JAIOYW01,2.944452941
12365,g__JAIOZI01,3.409131397
12366,g__JAIOZK01,2.845924159
12367,g__JAIPAH01,2.558228604
12368,g__JAIPAN01,2.29560354
12369,g__JAIPAP01,2.810791007
12370,g__JAIPBB01,3.104008426
12371,g__JAIPBD01,2.824104223
12372,g__JAIPDU01,2.273039016
12373,g__JAIPDZ01,2.980779332
12374,g__JAIPED01,2.278339319
12375,g__JAIPEE01,3.062886494
12376,g__JAIPEI01,2.593969282
12377,g__JAIPEK01,2.152661761
12378,g__JAIPEL01,3.109626059
12379,g__JAIPET01,1.909741629
12380,g__JAIPEW01,2.586650847
12381,g__JAIPFM01,3.19256196
12382,g__JAIPFO01,2.097128539
12383,g__JAIPFS01,1.592427612
12384,g__JAIPFY01,3.53251931
12385,g__JAIPGA01,2.446778149
12386,g__JAIPGF01,2.170682942
12387,g__JAIPGG01,2.605277904
12388,g__JAIPGI01,1.911065951
12389,g__JAIPGN01,1.296960679
12390,g__JAIPGO01,2.912582204
12391,g__JAIPGT01,1.313502415
12392,g__JAIPGU01,1.9015139
12393,g__JAIPGX01,1.706425695
12394,g__JAIPHI01,1.497582944
12395,g__JAIPIC01,2.1258545
12396,g__JAIPIM01,1.924678205
12397,g__JAIPIO01,2.535518344
12398,g__JAIPIQ01,1.726246496
12399,g__JAIPIY01,2.077195685
12400,g__JAIPJA01,1.594248629
12401,g__JAIPJL01,2.668701805
12402,g__JAIPJO01,1.187490614
12403,g__JAIPJT01,2.246951511
12404,g__JAIPJX01,3.978420356
12405,g__JAIPKD01,1.762309637
12406,g__JAIQET01,3.172319111
12407,g__JAIQEU01,3.607986774
12408,g__JAIQFD01,2.627125485
12409,g__JAIQFF01,3.285286329
12410,g__JAIQFL01,5.821960151
12411,g__JAIQFR01,2.673047246
12412,g__JAIQFS01,3.543903326
12413,g__JAIQFV01,3.626693631
12414,g__JAIQFW01,3.805978901
12415,g__JAIQGA01,3.386884062
12416,g__JAIQGB01,2.963842818
12417,g__JAIQGC01,2.681413273
12418,g__JAIQGF01,3.227271106
12419,g__JAIRKH01,2.333487545
12420,g__JAIRKI01,2.450564909
12421,g__JAIRKM01,2.215834014
12422,g__JAIRKP01,1.864975272
12423,g__JAIRKQ01,1.923101992
12424,g__JAIRKS01,2.140544577
12425,g__JAIRKV01,2.299482391
12426,g__JAIRKW01,2.220420395
12427,g__JAIRKX01,2.032646328
12428,g__JAIRLB01,1.914207734
12429,g__JAIRLC01,1.733069196
12430,g__JAIRLF01,2.033650152
12431,g__JAIRLG01,1.752536805
12432,g__JAIRLK01,2.661579872
12433,g__JAIRLM01,2.056176993
12434,g__JAIRLR01,1.966192206
12435,g__JAIRLS01,2.286448052
12436,g__JAIRLU01,2.698570375
12437,g__JAIRLV01,1.8301493
12438,g__JAIRLY01,2.520196802
12439,g__JAIRMB01,1.961123951
12440,g__JAIRMJ01,2.033476683
12441,g__JAIRMO01,2.112208305
12442,g__JAIRMQ01,1.992056929
12443,g__JAIRMT01,2.43070003
12444,g__JAIRMY01,2.388050881
12445,g__JAIRMZ01,1.901012098
12446,g__JAIRNC01,2.641222496
12447,g__JAIRNF01,2.997535702
12448,g__JAIRNH01,2.325074681
12449,g__JAIRNI01,2.198637556
12450,g__JAIRNJ01,2.484589573
12451,g__JAIRNK01,2.358804765
12452,g__JAIRNN01,2.412842201
12453,g__JAIRNQ01,2.710618045
12454,g__JAIRNR01,1.989798514
12455,g__JAIRNU01,2.410685022
12456,g__JAIRNW01,2.227641732
12457,g__JAIROC01,2.686916326
12458,g__JAIROE01,2.201122884
12459,g__JAIROH01,2.474623488
12460,g__JAIROO01,2.700121834
12461,g__JAIROR01,2.076321552
12462,g__JAIROX01,1.82595788
12463,g__JAIROZ01,2.477935799
12464,g__JAIRPC01,2.08816338
12465,g__JAIRPD01,2.525547969
12466,g__JAIRPE01,2.030921493
12467,g__JAIRPG01,2.336382566
12468,g__JAIRPN01,1.847713583
12469,g__JAIRPU01,2.300307757
12470,g__JAIRQA01,2.395934767
12471,g__JAIRQB01,1.854812927
12472,g__JAIRQC01,1.503843102
12473,g__JAIRQK01,2.01955081
12474,g__JAIRQX01,2.411046699
12475,g__JAIRRL01,2.309035327
12476,g__JAIRRO01,2.347254086
12477,g__JAIRRR01,2.332640619
12478,g__JAIRRT01,2.22921451
12479,g__JAIRRW01,1.671446106
12480,g__JAIRSR01,1.616976758
12481,g__JAIRST01,1.932455732
12482,g__JAIRSX01,1.516693907
12483,g__JAIRTA01,1.540593088
12484,g__JAIRTD01,2.425534398
12485,g__JAIRTF01,2.441693787
12486,g__JAIRTG01,2.801634422
12487,g__JAIRTH01,1.95349104
12488,g__JAIRTL01,2.825142653
12489,g__JAIRTY01,3.41444539
12490,g__JAIRUA01,2.211536733
12491,g__JAIRVZ01,2.468746227
12492,g__JAIRWI01,2.010559618
12493,g__JAIRWN01,1.962053706
12494,g__JAIRWR01,2.468193195
12495,g__JAIRWZ01,1.816039079
12496,g__JAIRXA01,2.200170143
12497,g__JAIRYI01,2.219848476
12498,g__JAIRYN01,2.649048139
12499,g__JAIRYO01,2.296695592
12500,g__JAIRYP01,1.54629026
12501,g__JAIRYT01,2.663540655
12502,g__JAIRYU01,2.02816244
12503,g__JAIRZE01,2.143468552
12504,g__JAIRZM01,1.873526147
12505,g__JAIRZO01,2.12933997
12506,g__JAIRZX01,3.276441579
12507,g__JAISAD01,2.488988038
12508,g__JAISAF01,2.483441026
12509,g__JAISAK01,2.230598482
12510,g__JAISAN01,2.236374918
12511,g__JAISAW01,2.343811124
12512,g__JAISBE01,1.916581715
12513,g__JAISBI01,1.545870544
12514,g__JAISBN01,2.460436151
12515,g__JAISBU01,2.564177047
12516,g__JAISBX01,2.140648842
12517,g__JAISCI01,2.096271107
12518,g__JAISCN01,1.72692477
12519,g__JAISCZ01,3.043958596
12520,g__JAISDD01,2.164775434
12521,g__JAISDE01,2.450210412
12522,g__JAISDM01,2.833050378
12523,g__JAISDN01,1.838437576
12524,g__JAISED01,2.182486722
12525,g__JAISEG01,2.122632403
12526,g__JAISER01,2.380997626
12527,g__JAISFC01,2.134914405
12528,g__JAISFI01,2.180793601
12529,g__JAISFK01,2.239479934
12530,g__JAISFN01,2.813198995
12531,g__JAISFQ01,1.925546667
12532,g__JAISFT01,2.213251055
12533,g__JAISFX01,2.118509561
12534,g__JAISGB01,2.156265813
12535,g__JAISGC01,1.61829424
12536,g__JAISGJ01,2.295755679
12537,g__JAISGK01,2.260419782
12538,g__JAISGN01,2.388724471
12539,g__JAISGO01,1.849168114
12540,g__JAISGP01,3.017984496
12541,g__JAISGQ01,2.858003377
12542,g__JAISGX01,1.975510537
12543,g__JAISGY01,2.453417709
12544,g__JAISHE01,2.019708457
12545,g__JAISHI01,2.339085833
12546,g__JAISHM01,1.934325446
12547,g__JAISHS01,1.864352646
12548,g__JAISHW01,2.604857446
12549,g__JAISHX01,1.911863133
12550,g__JAISHZ01,2.20229962
12551,g__JAISIB01,2.597833471
12552,g__JAISID01,2.006857595
12553,g__JAISII01,2.161175803
12554,g__JAISIL01,2.52151646
12555,g__JAISIR01,2.103391783
12556,g__JAISIU01,1.855783534
12557,g__JAISJA01,2.130482096
12558,g__JAISJD01,3.844743028
12559,g__JAISJH01,2.314775403
12560,g__JAISJM01,3.370828446
12561,g__JAISJS01,2.415807102
12562,g__JAISJU01,2.491788156
12563,g__JAISJW01,3.869142655
12564,g__JAISJY01,1.590377623
12565,g__JAISKC01,2.743839533
12566,g__JAISKF01,3.561492727
12567,g__JAISKG01,1.921018577
12568,g__JAISKJ01,2.050799321
12569,g__JAISKP01,2.32740465
12570,g__JAISKS01,1.753082396
12571,g__JAISKT01,2.136232016
12572,g__JAISKV01,1.69704896
12573,g__JAISKW01,1.985098683
12574,g__JAISKX01,1.900076342
12575,g__JAISLQ01,2.260727632
12576,g__JAISLT01,2.356352316
12577,g__JAISLU01,2.918709031
12578,g__JAISLV01,1.955546563
12579,g__JAISMC01,2.567367272
12580,g__JAISMF01,2.419053444
12581,g__JAISMH01,2.260767941
12582,g__JAISMZ01,2.269512051
12583,g__JAISNH01,1.491814039
12584,g__JAISNI01,3.26511096
12585,g__JAISNN01,2.162083338
12586,g__JAISNW01,2.186400196
12587,g__JAISOC01,1.860273118
12588,g__JAISOF01,1.563367167
12589,g__JAISOR01,2.348505458
12590,g__JAISOW01,1.491603408
12591,g__JAISQA01,1.93094632
12592,g__JAISQF01,1.851719638
12593,g__JAISQP01,2.045473327
12594,g__JAISQV01,2.136022922
12595,g__JAISRD01,2.357021479
12596,g__JAISRF01,2.077172614
12597,g__JAISRN01,2.387134392
12598,g__JAISSA01,2.798646049
12599,g__JAISST01,2.675481896
12600,g__JAISSU01,2.6904194
12601,g__JAISSX01,2.145655075
12602,g__JAISTL01,2.527831373
12603,g__JAISTO01,1.81527296
12604,g__JAISTP01,2.095366176
12605,g__JAISTR01,2.468533672
12606,g__JAISTU01,2.501406236
12607,g__JAISTV01,2.232596298
12608,g__JAISTY01,1.290966221
12609,g__JAISTZ01,1.902865474
12610,g__JAISUC01,2.140577923
12611,g__JAISUG01,2.256559446
12612,g__JAISUH01,1.78590082
12613,g__JAISUL01,2.167481277
12614,g__JAISUQ01,2.308824292
12615,g__JAISUZ01,2.089987819
12616,g__JAISVD01,2.17277344
12617,g__JAISVG01,1.416400658
12618,g__JAISVU01,2.40929855
12619,g__JAISVZ01,2.582707788
12620,g__JAISWA01,2.278178551
12621,g__JAISWF01,2.608664874
12622,g__JAISWZ01,4.241678116
12623,g__JAISXG01,2.423773651
12624,g__JAISXK01,2.3290311
12625,g__JAISXZ01,2.067349969
12626,g__JAISYE01,2.324378265
12627,g__JAISYX01,2.354545509
12628,g__JAISZC01,2.343946271
12629,g__JAISZF01,2.342440804
12630,g__JAISZG01,2.050725068
12631,g__JAISZP01,2.251662129
12632,g__JAITAD01,1.443393646
12633,g__JAITAH01,1.600500806
12634,g__JAITBJ01,1.484928527
12635,g__JAITCX01,1.81953058
12636,g__JAITDA01,2.039813831
12637,g__JAITDU01,2.353620981
12638,g__JAITEB01,2.265019099
12639,g__JAITEJ01,2.027582122
12640,g__JAITEX01,2.382389672
12641,g__JAITFB01,1.774966957
12642,g__JAITGI01,1.895154528
12643,g__JAITGK01,2.541655554
12644,g__JAITGM01,2.444674301
12645,g__JAITHB01,1.946390577
12646,g__JAITHE01,2.351023651
12647,g__JAITHG01,2.465254078
12648,g__JAITHL01,2.693319715
12649,g__JAITHV01,2.322396994
12650,g__JAITHW01,2.379343636
12651,g__JAITII01,2.692959178
12652,g__JAITIJ01,1.837733872
12653,g__JAITIY01,2.868698316
12654,g__JAITJD01,1.635349462
12655,g__JAITJI01,2.229583897
12656,g__JAITKM01,1.669344672
12657,g__JAITLA01,2.383543519
12658,g__JAITLB01,2.16207941
12659,g__JAITMJ01,2.932657586
12660,g__JAITMQ01,2.631976987
12661,g__JAITMU01,2.169780385
12662,g__JAITMY01,1.713349768
12663,g__JAITNA01,2.309716192
12664,g__JAITNB01,1.929274499
12665,g__JAITNM01,2.581531185
12666,g__JAITNP01,2.709075793
12667,g__JAITNT01,1.84997911
12668,g__JAITOA01,1.880369498
12669,g__JAITOC01,2.552738932
12670,g__JAITOE01,2.758008788
12671,g__JAITOG01,1.899086132
12672,g__JAITON01,1.603711023
12673,g__JAITOS01,2.368983095
12674,g__JAITOY01,2.643917792
12675,g__JAITPA01,2.167730699
12676,g__JAITPB01,2.329135899
12677,g__JAITPE01,2.232584676
12678,g__JAITPU01,1.720399399
12679,g__JAITQC01,2.394612821
12680,g__JAITQT01,2.669955325
12681,g__JAITQU01,2.12069708
12682,g__JAITRD01,2.209724927
12683,g__JAITRE01,1.792133085
12684,g__JAITSG01,1.302839835
12685,g__JAITSO01,2.05987505
12686,g__JAITSQ01,2.187058776
12687,g__JAITSR01,2.17269675
12688,g__JAITTS01,2.138835573
12689,g__JAITVB01,1.53902435
12690,g__JAITVM01,2.438211876
12691,g__JAITVR01,1.876872471
12692,g__JAITWF01,2.813382237
12693,g__JAITWL01,2.602239994
12694,g__JAITWM01,2.57787744
12695,g__JAITWT01,2.486298784
12696,g__JAITWV01,3.39613259
12697,g__JAITXE01,2.189414308
12698,g__JAITXK01,1.813562583
12699,g__JAITXR01,1.553654289
12700,g__JAITXS01,2.426070014
12701,g__JAITXT01,1.36757399
12702,g__JAITXV01,1.768650493
12703,g__JAIULY01,3.216664538
12704,g__JAIUMV01,3.988983219
12705,g__JAIUMY01,2.804503183
12706,g__JAIUNP01,3.424660353
12707,g__JAIUOG01,2.825008536
12708,g__JAIUYC01,3.320793174
12709,g__JAIUZI01,4.172258602
12710,g__JAIVAN01,4.476413059
12711,g__JAIVGO01,2.961912752
12712,g__JAIVGT01,2.23037637
12713,g__JAIVGV01,2.583966872
12714,g__JAIVGW01,1.476288558
12715,g__JAIVGZ01,2.237604242
12716,g__JAIVHA01,2.850444496
12717,g__JAIVHC01,2.760950957
12718,g__JAIVHI01,3.741838921
12719,g__JAIVHO01,2.509970558
12720,g__JAIVJE01,3.233872687
12721,g__JAIVJG01,2.910086998
12722,g__JAIVJM01,3.288024254
12723,g__JAIVJN01,3.217039683
12724,g__JAIVJZ01,3.039801412
12725,g__JAIWNK01,1.468925322
12726,g__JAIWNO01,2.768602415
12727,g__JAIXKT01,2.688347877
12728,g__JAIXLE01,3.196927607
12729,g__JAIXNB01,1.741826951
12730,g__JAIXOQ01,3.11068354
12731,g__JAIXQD01,2.727407762
12732,g__JAIXQO01,4.050615677
12733,g__JAIXRE01,2.347119704
12734,g__JAIXRX01,2.620334006
12735,g__JAIXRY01,2.47059088
12736,g__JAIXTH01,3.020223651
12737,g__JAIXTM01,2.812280964
12738,g__JAIXUC01,2.908460328
12739,g__JAIXUI01,3.252196903
12740,g__JAIXVG01,3.433586972
12741,g__JAIXVT01,2.570878096
12742,g__JAIXWP01,3.249428804
12743,g__JAIXYK01,2.944027417
12744,g__JAIXZB01,2.405967174
12745,g__JAIXZD01,3.363740801
12746,g__JAIXZO01,2.906173217
12747,g__JAIYAX01,2.841469674
12748,g__JAIYCR01,2.885802824
12749,g__JAIYCW01,3.297297341
12750,g__JAIYCX01,3.100570778
12751,g__JAIYCY01,2.214811891
12752,g__JAIYDB01,2.650538234
12753,g__JAIYDJ01,3.334300906
12754,g__JAIYDQ01,3.798084544
12755,g__JAIYDZ01,2.197762614
12756,g__JAIZVZ01,4.983380249
12757,g__JAIZZN01,3.390510409
12758,g__JAJACH01,2.231683101
12759,g__JAJACK01,2.093386344
12760,g__JAJACM01,2.462812472
12761,g__JAJACO01,2.160537599
12762,g__JAJACP01,2.409711106
12763,g__JAJACQ01,2.273581663
12764,g__JAJACV01,2.321160375
12765,g__JAJAYG01,2.637469523
12766,g__JAJAZB01,3.51289759
12767,g__JAJBBL01,2.030760065
12768,g__JAJBSZ01,2.893776885
12769,g__JAJBTS01,2.062622744
12770,g__JAJBUQ01,2.163025762
12771,g__JAJCXL01,3.304734431
12772,g__JAJCXN01,4.006448296
12773,g__JAJCXR01,4.220258812
12774,g__JAJCYE01,2.753585486
12775,g__JAJCYG01,2.351939675
12776,g__JAJCYK01,2.842647926
12777,g__JAJCYL01,3.239184785
12778,g__JAJCYS01,2.689003225
12779,g__JAJCYT01,3.241633723
12780,g__JAJCYU01,3.210564698
12781,g__JAJCYX01,2.670215395
12782,g__JAJCZA01,2.566601676
12783,g__JAJCZB01,2.170897994
12784,g__JAJCZD01,2.030155341
12785,g__JAJCZF01,2.289510332
12786,g__JAJCZG01,2.295350347
12787,g__JAJCZL01,3.006404046
12788,g__JAJCZM01,3.206887663
12789,g__JAJCZP01,3.660641182
12790,g__JAJCZQ01,2.44709382
12791,g__JAJCZR01,2.102022249
12792,g__JAJCZZ01,3.143419309
12793,g__JAJDAB01,3.427821162
12794,g__JAJDAC01,3.487078335
12795,g__JAJDAD01,3.648356314
12796,g__JAJDAE01,3.652051114
12797,g__JAJDAF01,3.980608601
12798,g__JAJDAG01,3.770943816
12799,g__JAJDAH01,5.500038031
12800,g__JAJDAK01,3.130744461
12801,g__JAJDAL01,3.519721624
12802,g__JAJDAM01,3.780221704
12803,g__JAJDAN01,3.845336078
12804,g__JAJDAO01,3.916842054
12805,g__JAJDAP01,3.643153352
12806,g__JAJDAT01,3.595392265
12807,g__JAJDBB01,2.63971928
12808,g__JAJDBE01,2.521226402
12809,g__JAJDBK01,2.763112969
12810,g__JAJDBU01,2.986543023
12811,g__JAJDCA01,2.661519417
12812,g__JAJDCB01,2.19313104
12813,g__JAJDCC01,2.148279906
12814,g__JAJDCD01,2.202752727
12815,g__JAJDCE01,1.993598048
12816,g__JAJDCH01,1.474057935
12817,g__JAJDCM01,4.172266999
12818,g__JAJDCN01,2.438336334
12819,g__JAJDCP01,5.357764339
12820,g__JAJDCQ01,4.725102917
12821,g__JAJDCR01,4.380070786
12822,g__JAJDCZ01,2.635398556
12823,g__JAJDDB01,3.169822553
12824,g__JAJDER01,2.749430602
12825,g__JAJDES01,3.507806727
12826,g__JAJDEX01,3.274130292
12827,g__JAJDFU01,2.8410692
12828,g__JAJDFX01,2.661426689
12829,g__JAJDGF01,2.288004005
12830,g__JAJDGJ01,2.178675681
12831,g__JAJDGO01,1.635905762
12832,g__JAJDHH01,2.551952773
12833,g__JAJDHV01,2.262629482
12834,g__JAJDHX01,1.916381328
12835,g__JAJDHY01,2.419893139
12836,g__JAJDIT01,1.882113338
12837,g__JAJDJB01,2.342063318
12838,g__JAJDNE01,2.709403255
12839,g__JAJDNG01,3.287353881
12840,g__JAJDNH01,2.546569255
12841,g__JAJDNN01,2.670025652
12842,g__JAJDNS01,2.731232988
12843,g__JAJDNW01,3.242533198
12844,g__JAJDOA01,3.077597477
12845,g__JAJDOD01,3.375007999
12846,g__JAJDOE01,2.628171024
12847,g__JAJDOJ01,3.063701991
12848,g__JAJDTQ01,3.131326146
12849,g__JAJDTR01,3.610323199
12850,g__JAJDTT01,2.790430723
12851,g__JAJDUF01,2.763595536
12852,g__JAJDVC01,3.237358911
12853,g__JAJDXO01,3.03256737
12854,g__JAJDXW01,3.129317696
12855,g__JAJDYQ01,2.90955805
12856,g__JAJDZL01,2.958043086
12857,g__JAJEAD01,3.382734808
12858,g__JAJEAQ01,3.807551838
12859,g__JAJEBT01,3.740396984
12860,g__JAJECS01,2.167945199
12861,g__JAJEDW01,2.995229804
12862,g__JAJEEA01,3.835710726
12863,g__JAJEFO01,3.547642635
12864,g__JAJFBM01,2.405345519
12865,g__JAJFFA01,3.218624987
12866,g__JAJFFB01,3.001131492
12867,g__JAJFFD01,3.194383594
12868,g__JAJFFE01,3.673506764
12869,g__JAJFFF01,3.573982217
12870,g__JAJFFG01,3.913750979
12871,g__JAJFFH01,3.549143814
12872,g__JAJFFI01,2.611529349
12873,g__JAJFFJ01,3.660552097
12874,g__JAJFFL01,2.737581953
12875,g__JAJFFW01,2.812758404
12876,g__JAJFGI01,3.156949053
12877,g__JAJFGK01,4.415932255
12878,g__JAJFGM01,4.060185713
12879,g__JAJFGN01,3.209071316
12880,g__JAJFGO01,3.704182365
12881,g__JAJFGQ01,2.814139153
12882,g__JAJFGX01,2.818229647
12883,g__JAJFHB01,3.441399187
12884,g__JAJFHC01,4.674669784
12885,g__JAJFHE01,3.934880323
12886,g__JAJFHI01,3.080041731
12887,g__JAJFHM01,3.783322691
12888,g__JAJFHN01,2.715585341
12889,g__JAJFHO01,3.176960451
12890,g__JAJFHR01,3.442883371
12891,g__JAJFHT01,4.303612002
12892,g__JAJFIE01,2.979352804
12893,g__JAJFIG01,2.925549522
12894,g__JAJFIJ01,3.94388166
12895,g__JAJFIK01,2.988213177
12896,g__JAJFIM01,2.846431734
12897,g__JAJFIN01,3.323463826
12898,g__JAJFIS01,3.246500946
12899,g__JAJFIV01,2.860087547
12900,g__JAJFIX01,2.950081335
12901,g__JAJFJD01,3.631429909
12902,g__JAJFJE01,2.892406673
12903,g__JAJFJF01,2.277439338
12904,g__JAJFJO01,2.573559096
12905,g__JAJFJV01,2.600061459
12906,g__JAJFKB01,3.125265773
12907,g__JAJFKF01,3.137538976
12908,g__JAJFKG01,2.729246148
12909,g__JAJFKH01,2.611537105
12910,g__JAJFKI01,2.872086555
12911,g__JAJFKJ01,2.700964819
12912,g__JAJFKN01,2.554947042
12913,g__JAJFKO01,2.703671709
12914,g__JAJFKX01,3.324927341
12915,g__JAJFLJ01,2.821281998
12916,g__JAJFLK01,2.674631527
12917,g__JAJFLL01,2.684122863
12918,g__JAJFLM01,3.085018747
12919,g__JAJFLO01,2.972424526
12920,g__JAJFLP01,2.744829661
12921,g__JAJFLQ01,3.513028406
12922,g__JAJFLR01,2.713438409
12923,g__JAJFLU01,3.039386291
12924,g__JAJFLX01,2.480810703
12925,g__JAJFMA01,2.717617745
12926,g__JAJFMB01,2.749936309
12927,g__JAJFMC01,2.509434443
12928,g__JAJFMD01,1.854397712
12929,g__JAJFMF01,2.18816869
12930,g__JAJFMG01,2.058501304
12931,g__JAJFMI01,1.961694646
12932,g__JAJFMK01,2.221045646
12933,g__JAJFML01,1.837415367
12934,g__JAJFMO01,2.871755921
12935,g__JAJFMR01,2.966735062
12936,g__JAJFMS01,3.378752058
12937,g__JAJFTJ01,2.093729987
12938,g__JAJFTP01,2.297344278
12939,g__JAJFTQ01,2.052038204
12940,g__JAJFTR01,2.209001573
12941,g__JAJFTT01,2.748482739
12942,g__JAJFTU01,2.377152845
12943,g__JAJFTV01,2.986178192
12944,g__JAJFUA01,3.189731893
12945,g__JAJFUB01,2.380503779
12946,g__JAJFUE01,2.497927215
12947,g__JAJFUG01,2.483011029
12948,g__JAJFUI01,2.435303924
12949,g__JAJFUJ01,1.97689993
12950,g__JAJFUN01,3.660832678
12951,g__JAJFUU01,2.591753498
12952,g__JAJFUV01,2.902584965
12953,g__JAJFUW01,2.0506933
12954,g__JAJFUZ01,3.208553731
12955,g__JAJFVC01,2.522969959
12956,g__JAJGRE01,4.097761292
12957,g__JAJISG01,2.318522921
12958,g__JAJISJ01,2.058875247
12959,g__JAJISK01,2.148437969
12960,g__JAJIZT01,2.505126599
12961,g__JAJKIP01,3.041371229
12962,g__JAJKIV01,3.783118411
12963,g__JAJKJG01,3.025491247
12964,g__JAJMZJ01,3.114682633
12965,g__JAJNBA01,2.27462242
12966,g__JAJNBD01,2.852781188
12967,g__JAJNBK01,2.814640262
12968,g__JAJNBL01,2.781824393
12969,g__JAJNDI01,2.176005567
12970,g__JAJNDL01,3.513590457
12971,g__JAJNNC01,4.071022375
12972,g__JAJNPS01,3.342806414
12973,g__JAJOIF01,2.081068056
12974,g__JAJOIW01,3.651982577
12975,g__JAJOJK01,2.321105856
12976,g__JAJOJU01,2.608740305
12977,g__JAJOKB01,3.352586443
12978,g__JAJOKI01,1.773558617
12979,g__JAJOKK01,2.075525911
12980,g__JAJOKM01,1.975357654
12981,g__JAJOKN01,1.963263715
12982,g__JAJOKO01,2.110209105
12983,g__JAJOKY01,1.487390021
12984,g__JAJOLD01,1.97889279
12985,g__JAJONM01,2.715828598
12986,g__JAJPGT01,3.155040442
12987,g__JAJPGV01,3.099777866
12988,g__JAJPGW01,3.053348388
12989,g__JAJPGY01,2.983555928
12990,g__JAJPGZ01,2.414721208
12991,g__JAJPHC01,3.536557726
12992,g__JAJPHD01,2.150873161
12993,g__JAJPHE01,2.62003413
12994,g__JAJPHF01,4.253425569
12995,g__JAJPHI01,2.561394449
12996,g__JAJPHJ01,2.333793238
12997,g__JAJPHL01,3.775267221
12998,g__JAJPHM01,2.948230442
12999,g__JAJPHO01,4.118297611
13000,g__JAJPHR01,3.271773881
13001,g__JAJPHT01,3.072529175
13002,g__JAJPHU01,3.186663895
13003,g__JAJPHV01,3.878822467
13004,g__JAJPHW01,3.184089717
13005,g__JAJPHY01,2.197953148
13006,g__JAJPIA01,2.793985166
13007,g__JAJPIG01,3.050975568
13008,g__JAJPII01,1.953768573
13009,g__JAJPIJ01,2.325975931
13010,g__JAJPIK01,2.972518523
13011,g__JAJPIL01,2.539701379
13012,g__JAJPIP01,2.819045165
13013,g__JAJPIU01,3.273671382
13014,g__JAJPJA01,3.2839724
13015,g__JAJPJC01,5.043756738
13016,g__JAJPJE01,3.154496754
13017,g__JAJPJF01,4.582369557
13018,g__JAJPJG01,2.094482213
13019,g__JAJPJH01,2.499619683
13020,g__JAJPJJ01,2.487864183
13021,g__JAJPJO01,4.786493836
13022,g__JAJPJQ01,3.289400307
13023,g__JAJPJR01,2.320228749
13024,g__JAJPJS01,2.584016188
13025,g__JAJPJV01,2.288923489
13026,g__JAJPJW01,2.454462865
13027,g__JAJPJX01,4.189954349
13028,g__JAJPKB01,3.544579527
13029,g__JAJPKE01,3.322452556
13030,g__JAJPKF01,2.345264868
13031,g__JAJPKG01,2.923013948
13032,g__JAJPKI01,2.255342205
13033,g__JAJPKK01,5.438478417
13034,g__JAJPKR01,2.295576977
13035,g__JAJPXC01,2.336470384
13036,g__JAJPXI01,1.983527713
13037,g__JAJPXW01,3.184103163
13038,g__JAJPZJ01,3.51805443
13039,g__JAJPZL01,2.994338992
13040,g__JAJQAN01,1.817749749
13041,g__JAJQAO01,2.356988927
13042,g__JAJQAP01,1.628372129
13043,g__JAJQAW01,2.477753707
13044,g__JAJQBJ01,3.29328075
13045,g__JAJQCF01,2.782736391
13046,g__JAJQCI01,2.843919755
13047,g__JAJQCX01,2.539168873
13048,g__JAJQDI01,3.410137479
13049,g__JAJQDJ01,2.507073483
13050,g__JAJQEJ01,2.653842244
13051,g__JAJQRF01,3.625918253
13052,g__JAJRAG01,2.132363491
13053,g__JAJRAL01,2.230140633
13054,g__JAJRAN01,2.162203346
13055,g__JAJRBP01,2.488720838
13056,g__JAJRCL01,2.118440011
13057,g__JAJRCM01,2.23849154
13058,g__JAJRCY01,2.115200535
13059,g__JAJRPF01,3.390430089
13060,g__JAJRPG01,3.204214637
13061,g__JAJRPJ01,2.543616935
13062,g__JAJRPT01,2.314839856
13063,g__JAJRPW01,2.735125703
13064,g__JAJRQD01,3.624836997
13065,g__JAJRQE01,2.981425213
13066,g__JAJRQY01,3.688798954
13067,g__JAJRRA01,2.824531432
13068,g__JAJRRC01,2.702717368
13069,g__JAJRRE01,2.721218572
13070,g__JAJRRF01,3.02510106
13071,g__JAJRRH01,2.742014741
13072,g__JAJRRL01,2.297920459
13073,g__JAJRRM01,2.467599487
13074,g__JAJRRS01,2.435293155
13075,g__JAJRSM01,2.345073721
13076,g__JAJRSP01,2.914720505
13077,g__JAJRSS01,3.471074856
13078,g__JAJRST01,2.40832641
13079,g__JAJRTA01,2.517621823
13080,g__JAJRTC01,2.511083542
13081,g__JAJRTE01,3.733810706
13082,g__JAJRTI01,3.424723154
13083,g__JAJRTJ01,1.388413347
13084,g__JAJRTK01,4.080405658
13085,g__JAJRTL01,3.309236073
13086,g__JAJRTN01,2.54967186
13087,g__JAJRTO01,3.422648087
13088,g__JAJRTP01,3.933734244
13089,g__JAJRTR01,2.787376181
13090,g__JAJRTS01,2.475834036
13091,g__JAJRTW01,2.582065432
13092,g__JAJRUC01,3.126029338
13093,g__JAJRUD01,2.40202573
13094,g__JAJRUE01,2.934055131
13095,g__JAJRUG01,2.772632191
13096,g__JAJRUI01,2.47961398
13097,g__JAJRUJ01,2.566743509
13098,g__JAJRUK01,2.804360787
13099,g__JAJRUL01,2.569687462
13100,g__JAJRUR01,2.487302142
13101,g__JAJRUS01,2.304341346
13102,g__JAJRUT01,3.455261511
13103,g__JAJRUZ01,2.273899804
13104,g__JAJRVB01,2.307162986
13105,g__JAJRVD01,2.119631753
13106,g__JAJRVH01,2.684754087
13107,g__JAJRVJ01,1.814760433
13108,g__JAJRVM01,3.353008651
13109,g__JAJRVN01,1.335422371
13110,g__JAJRVO01,3.981576098
13111,g__JAJRVT01,3.316219941
13112,g__JAJRVU01,3.476802231
13113,g__JAJRVV01,3.738273819
13114,g__JAJRVZ01,2.909992953
13115,g__JAJRWB01,2.438696991
13116,g__JAJRWI01,3.078484124
13117,g__JAJRWK01,2.852021541
13118,g__JAJRWM01,2.30083938
13119,g__JAJRWN01,2.308828815
13120,g__JAJRWQ01,1.820094118
13121,g__JAJRWS01,4.26556254
13122,g__JAJRWT01,3.603450751
13123,g__JAJRWW01,4.149666206
13124,g__JAJRWY01,3.112244386
13125,g__JAJRXB01,2.762862574
13126,g__JAJRXC01,3.140455536
13127,g__JAJRXD01,2.810757797
13128,g__JAJRXE01,2.849045616
13129,g__JAJRXG01,3.152072999
13130,g__JAJRXH01,3.132976524
13131,g__JAJRXK01,2.646402682
13132,g__JAJRXR01,2.400913641
13133,g__JAJRXT01,2.552912286
13134,g__JAJRXV01,3.125093287
13135,g__JAJRXX01,2.008380173
13136,g__JAJRXZ01,2.665128462
13137,g__JAJRYB01,2.212700847
13138,g__JAJRYC01,2.533661884
13139,g__JAJRYD01,2.440942793
13140,g__JAJRYF01,2.740055786
13141,g__JAJRYG01,3.322012749
13142,g__JAJRYJ01,2.111658877
13143,g__JAJRYK01,2.263374595
13144,g__JAJRYM01,2.222261604
13145,g__JAJRYP01,1.841470429
13146,g__JAJRYR01,1.953217831
13147,g__JAJRYS01,1.846113541
13148,g__JAJRYW01,3.416450854
13149,g__JAJRYY01,3.024127166
13150,g__JAJRYZ01,2.708991265
13151,g__JAJRZC01,3.068622719
13152,g__JAJRZK01,2.682649172
13153,g__JAJRZL01,2.724103073
13154,g__JAJRZO01,2.546347518
13155,g__JAJRZQ01,2.654486822
13156,g__JAJRZU01,2.755898141
13157,g__JAJRZV01,2.294246187
13158,g__JAJRZW01,2.393762656
13159,g__JAJRZX01,2.065858384
13160,g__JAJSAE01,2.365427321
13161,g__JAJSAH01,2.003173022
13162,g__JAJSAI01,2.098681342
13163,g__JAJSAJ01,3.734106415
13164,g__JAJSAL01,3.575990514
13165,g__JAJSAM01,3.237667544
13166,g__JAJSZL01,2.504374761
13167,g__JAJSZS01,2.171229258
13168,g__JAJTBD01,3.23888583
13169,g__JAJTBE01,3.465666248
13170,g__JAJTBH01,3.388266436
13171,g__JAJTBL01,2.620315808
13172,g__JAJTBU01,2.543611444
13173,g__JAJTBW01,3.507072772
13174,g__JAJTCH01,2.299126977
13175,g__JAJTCL01,3.082972862
13176,g__JAJTDS01,2.289343241
13177,g__JAJTFA01,2.465111495
13178,g__JAJTFW01,3.425704279
13179,g__JAJTGZ01,2.503750534
13180,g__JAJTHA01,2.352437358
13181,g__JAJTHB01,2.455813108
13182,g__JAJTHC01,2.591187646
13183,g__JAJTHG01,2.430557194
13184,g__JAJTHJ01,2.882879303
13185,g__JAJTHN01,2.492466774
13186,g__JAJTHO01,2.331090278
13187,g__JAJTHR01,2.728170398
13188,g__JAJTHY01,2.379173584
13189,g__JAJTIA01,2.538214055
13190,g__JAJTIC01,3.184589767
13191,g__JAJTIE01,3.022091012
13192,g__JAJTYH01,1.699785909
13193,g__JAJTYI01,1.949674838
13194,g__JAJTZA01,1.967394804
13195,g__JAJUFM01,3.045165115
13196,g__JAJUFS01,2.495124355
13197,g__JAJUFW01,3.137069296
13198,g__JAJUGB01,3.575698737
13199,g__JAJUGE01,3.131452478
13200,g__JAJUGG01,2.85130903
13201,g__JAJUGR01,3.644111382
13202,g__JAJUHJ01,2.543935861
13203,g__JAJUHR01,2.029840652
13204,g__JAJUIU01,3.273499912
13205,g__JAJUJI01,2.514706885
13206,g__JAJUJL01,3.217386391
13207,g__JAJUJM01,2.382259983
13208,g__JAJUJY01,3.342002046
13209,g__JAJVHV01,3.096231712
13210,g__JAJVHW01,2.452665251
13211,g__JAJVHX01,2.728841025
13212,g__JAJVHZ01,3.064116926
13213,g__JAJVID01,3.592026283
13214,g__JAJVIE01,2.299865892
13215,g__JAJVIF01,2.785139223
13216,g__JAJVIH01,3.048329918
13217,g__JAJVII01,2.964864875
13218,g__JAJVIJ01,3.066208765
13219,g__JAJVIN01,3.549357159
13220,g__JAJVIP01,2.777393675
13221,g__JAJVLF01,2.395340967
13222,g__JAJXRJ01,1.759793808
13223,g__JAJXSS01,2.071767352
13224,g__JAJXTA01,2.396697316
13225,g__JAJXTN01,1.932339482
13226,g__JAJXUB01,2.138304048
13227,g__JAJXUD01,2.940443189
13228,g__JAJXUE01,2.873635294
13229,g__JAJXUF01,3.232745129
13230,g__JAJXUZ01,1.941330262
13231,g__JAJXVA01,2.426531937
13232,g__JAJXVI01,3.009594571
13233,g__JAJXWB01,3.375030026
13234,g__JAJXWI01,2.491388559
13235,g__JAJXWJ01,2.886245724
13236,g__JAJXWQ01,2.698075146
13237,g__JAJXWR01,2.610343401
13238,g__JAJXWV01,2.865851945
13239,g__JAJXXC01,1.603607258
13240,g__JAJXXL01,3.386823764
13241,g__JAJXXS01,2.545071781
13242,g__JAJXXT01,2.492397623
13243,g__JAJXYA01,2.311394301
13244,g__JAJXYJ01,1.775180275
13245,g__JAJXYN01,1.250120963
13246,g__JAJXYP01,1.611544282
13247,g__JAJXZE01,1.433736608
13248,g__JAJXZI01,2.984368582
13249,g__JAJXZJ01,2.290730874
13250,g__JAJXZP01,2.915363558
13251,g__JAJXZR01,1.662874634
13252,g__JAJXZT01,3.041972306
13253,g__JAJYAB01,2.229113065
13254,g__JAJYBA01,2.492929774
13255,g__JAJYBC01,1.348567111
13256,g__JAJYBI01,3.928893804
13257,g__JAJYBV01,2.631978466
13258,g__JAJYCH01,3.49938706
13259,g__JAJYCL01,2.610288075
13260,g__JAJYCY01,2.81448083
13261,g__JAJYDB01,2.672021102
13262,g__JAJYDF01,2.882515297
13263,g__JAJYDJ01,1.561137326
13264,g__JAJYDN01,2.220664622
13265,g__JAJYDS01,1.965944585
13266,g__JAJYDT01,2.445610885
13267,g__JAJYEA01,2.310613651
13268,g__JAJYFL01,2.239584879
13269,g__JAJYFR01,1.0988125
13270,g__JAJYFT01,2.40088997
13271,g__JAJYGC01,3.308992125
13272,g__JAJYGF01,1.522986081
13273,g__JAJYGJ01,2.376052655
13274,g__JAJYGM01,3.0573542
13275,g__JAJYGU01,2.884237361
13276,g__JAJYGY01,1.785013034
13277,g__JAJYHN01,2.098318104
13278,g__JAJYHY01,5.189755837
13279,g__JAJYHZ01,1.604147738
13280,g__JAJYIA01,1.669262884
13281,g__JAJYID01,1.924503385
13282,g__JAJYIE01,1.40722292
13283,g__JAJYIF01,2.610650476
13284,g__JAJYIG01,1.349752515
13285,g__JAJYIJ01,1.689114785
13286,g__JAJYIN01,2.112211019
13287,g__JAJYIQ01,1.124166661
13288,g__JAJYIS01,2.28688972
13289,g__JAJYIV01,1.750275238
13290,g__JAJYIW01,2.274014931
13291,g__JAJYJE01,1.805152722
13292,g__JAJYJF01,2.555353611
13293,g__JAJYJJ01,2.234967761
13294,g__JAJYJO01,2.151528642
13295,g__JAJYJP01,1.358806536
13296,g__JAJYJS01,2.164774688
13297,g__JAJYJW01,2.049907213
13298,g__JAJYJX01,2.205396175
13299,g__JAJYKC01,2.669610762
13300,g__JAJYKH01,2.427232432
13301,g__JAJYKN01,2.736880775
13302,g__JAJYKO01,4.212812486
13303,g__JAJYKS01,1.57377476
13304,g__JAJYKY01,0.996513443
13305,g__JAJYLA01,2.630937261
13306,g__JAJYLD01,1.701331467
13307,g__JAJYLG01,2.718906028
13308,g__JAJYLH01,3.287295681
13309,g__JAJYLJ01,2.82515535
13310,g__JAJYLM01,2.116538839
13311,g__JAJYLS01,3.06287427
13312,g__JAJYME01,2.275736312
13313,g__JAJYMS01,2.707327216
13314,g__JAJYMT01,1.38495
13315,g__JAJYNJ01,2.513790298
13316,g__JAJYNN01,1.397682809
13317,g__JAJYNT01,2.945876597
13318,g__JAJYOI01,2.185185514
13319,g__JAJYOJ01,1.182945368
13320,g__JAJYOP01,2.017568325
13321,g__JAJYPG01,2.306302007
13322,g__JAJYPN01,2.328491768
13323,g__JAJYPS01,2.258169298
13324,g__JAJYPT01,2.156410219
13325,g__JAJYQH01,2.123580106
13326,g__JAJYQJ01,2.324276881
13327,g__JAJYQQ01,1.668063216
13328,g__JAJYRQ01,2.634527556
13329,g__JAJYRW01,2.662325332
13330,g__JAJYRX01,3.009647531
13331,g__JAJYSO01,2.662093713
13332,g__JAJYSQ01,1.994288765
13333,g__JAJYTD01,3.634095946
13334,g__JAJYTG01,2.146235068
13335,g__JAJYTI01,2.710235154
13336,g__JAJYTL01,2.702912452
13337,g__JAJYTV01,2.612890533
13338,g__JAJYUU01,3.53774711
13339,g__JAJYUY01,1.895095757
13340,g__JAJYVB01,2.647705881
13341,g__JAJYVH01,1.754265943
13342,g__JAJYVM01,2.713442808
13343,g__JAJYVN01,2.525544642
13344,g__JAJYVT01,2.270265107
13345,g__JAJYVU01,2.238495409
13346,g__JAJYVV01,2.386030208
13347,g__JAJYVZ01,1.827898668
13348,g__JAJYWD01,1.857396362
13349,g__JAJYWE01,2.110131672
13350,g__JAJYWF01,2.633644965
13351,g__JAJYWL01,1.641067799
13352,g__JAJYWN01,3.015979167
13353,g__JAJYWO01,1.859826676
13354,g__JAJYWX01,1.322982253
13355,g__JAJYWY01,1.710011
13356,g__JAJYXI01,2.755555857
13357,g__JAJYXL01,1.836053111
13358,g__JAJYXR01,2.142254462
13359,g__JAJYXT01,2.192809979
13360,g__JAJYXW01,2.315579559
13361,g__JAJYYI01,2.765584529
13362,g__JAJYZA01,1.828379781
13363,g__JAJYZD01,2.728348296
13364,g__JAJYZP01,2.477662842
13365,g__JAJYZQ01,1.278050501
13366,g__JAJZAB01,1.736299661
13367,g__JAJZAF01,1.726617725
13368,g__JAJZAK01,2.07568152
13369,g__JAJZAL01,3.32835616
13370,g__JAJZAM01,2.809147609
13371,g__JAJZAV01,2.498624554
13372,g__JAJZBA01,1.850685711
13373,g__JAJZBP01,2.193823308
13374,g__JAJZBS01,2.67419742
13375,g__JAJZBW01,2.00888176
13376,g__JAJZBZ01,2.120992827
13377,g__JAJZCD01,2.28890446
13378,g__JAJZCK01,2.076038467
13379,g__JAJZCL01,2.501509706
13380,g__JAJZCP01,1.813741815
13381,g__JAJZCU01,2.706570793
13382,g__JAJZCX01,2.183763937
13383,g__JAJZDI01,1.972182301
13384,g__JAJZDT01,1.934358707
13385,g__JAJZEL01,2.289396369
13386,g__JAJZEO01,2.385466892
13387,g__JAJZEU01,1.808955192
13388,g__JAJZFF01,2.854801132
13389,g__JAJZFJ01,2.537535147
13390,g__JAJZFK01,2.503053384
13391,g__JAJZFR01,2.088376732
13392,g__JAJZGD01,2.235032773
13393,g__JAJZGK01,3.557700901
13394,g__JAJZHK01,2.635793703
13395,g__JAJZHR01,1.886928543
13396,g__JAJZHT01,2.313862772
13397,g__JAJZHU01,2.516905002
13398,g__JAJZHV01,1.997317242
13399,g__JAJZHX01,1.539838821
13400,g__JAJZIF01,2.787452258
13401,g__JAJZIH01,2.052258997
13402,g__JAJZIJ01,2.29888793
13403,g__JAJZIM01,2.562436395
13404,g__JAJZIR01,2.169522362
13405,g__JAJZIU01,1.874722698
13406,g__JAJZIZ01,1.91244434
13407,g__JAJZJJ01,2.267395649
13408,g__JAJZJN01,2.322441552
13409,g__JAJZJT01,2.044043368
13410,g__JAJZKE01,1.548762084
13411,g__JAJZKF01,1.693392342
13412,g__JAJZKG01,1.139728773
13413,g__JAJZKJ01,2.418962832
13414,g__JAJZKY01,4.178324708
13415,g__JAJZLH01,2.123896382
13416,g__JAJZLI01,1.171257971
13417,g__JAJZLL01,2.227068123
13418,g__JAJZLM01,1.63979459
13419,g__JAJZLV01,2.190272844
13420,g__JAJZMA01,2.119156475
13421,g__JAJZMB01,2.934259737
13422,g__JAJZMF01,2.3385812
13423,g__JAJZMH01,1.539974805
13424,g__JAJZMK01,2.151443962
13425,g__JAJZMY01,1.807909737
13426,g__JAJZNA01,1.835545033
13427,g__JAJZNB01,2.07951671
13428,g__JAJZND01,2.076027289
13429,g__JAJZNI01,1.835692393
13430,g__JAJZNL01,2.308218326
13431,g__JAJZNM01,2.184903719
13432,g__JAJZNU01,1.861918783
13433,g__JAJZOD01,1.690033454
13434,g__JAJZOG01,1.403535174
13435,g__JAJZOM01,2.411788674
13436,g__JAJZOT01,2.314013899
13437,g__JAJZPA01,2.841603505
13438,g__JAJZPE01,2.751319618
13439,g__JAJZPH01,1.684987006
13440,g__JAJZPO01,2.724713439
13441,g__JAJZPP01,1.879189856
13442,g__JAJZPX01,1.913972372
13443,g__JAJZQD01,2.661694884
13444,g__JAJZQG01,4.69613282
13445,g__JAJZQH01,2.657160798
13446,g__JAJZQI01,3.288405184
13447,g__JAJZQJ01,2.914219557
13448,g__JAJZQK01,2.815337056
13449,g__JAJZQO01,2.962248922
13450,g__JAJZQZ01,2.823114678
13451,g__JAJZRJ01,2.529685677
13452,g__JAJZRV01,2.341178503
13453,g__JAJZSC01,3.25289523
13454,g__JAJZSN01,2.769775929
13455,g__JAJZSS01,2.414395404
13456,g__JAJZTN01,2.248584471
13457,g__JAJZTU01,2.96378889
13458,g__JAJZUD01,2.330428556
13459,g__JAJZUL01,2.769674408
13460,g__JAJZUP01,3.21836092
13461,g__JAJZUU01,2.675143802
13462,g__JAJZVQ01,1.829632301
13463,g__JAJZVS01,2.488194807
13464,g__JAJZVV01,2.678564668
13465,g__JAJZVW01,3.047864419
13466,g__JAJZWG01,1.522637047
13467,g__JAJZWH01,1.654704303
13468,g__JAJZWQ01,2.136883047
13469,g__JAJZWV01,2.68471831
13470,g__JAJZXB01,2.188746179
13471,g__JAJZXC01,2.602199068
13472,g__JAJZXF01,2.639883156
13473,g__JAJZXK01,2.625790901
13474,g__JAJZXY01,2.145440663
13475,g__JAJZYD01,1.927158402
13476,g__JAJZYH01,1.821591091
13477,g__JAJZYI01,2.319782791
13478,g__JAJZYL01,2.205466079
13479,g__JAJZYO01,2.606230585
13480,g__JAJZYS01,2.250559069
13481,g__JAJZYV01,2.452953876
13482,g__JAJZYW01,1.591631093
13483,g__JAJZZA01,2.83795634
13484,g__JAJZZC01,3.38161038
13485,g__JAJZZD01,1.95745363
13486,g__JAJZZI01,2.413336225
13487,g__JAKAAD01,1.849895681
13488,g__JAKAAL01,3.802032649
13489,g__JAKAAX01,2.473904889
13490,g__JAKAAZ01,2.819409368
13491,g__JAKABB01,3.179271689
13492,g__JAKABX01,2.26707947
13493,g__JAKACA01,2.957289986
13494,g__JAKACF01,2.433832087
13495,g__JAKACU01,2.488885308
13496,g__JAKACW01,3.144744496
13497,g__JAKACX01,2.378296142
13498,g__JAKACY01,2.173428186
13499,g__JAKADD01,2.99886291
13500,g__JAKADF01,3.44337046
13501,g__JAKADJ01,2.848660167
13502,g__JAKADK01,2.026648499
13503,g__JAKAEA01,1.702066963
13504,g__JAKAEG01,2.480138474
13505,g__JAKAEX01,1.373873121
13506,g__JAKAFA01,3.101969543
13507,g__JAKAFF01,1.601290613
13508,g__JAKAFK01,2.646970913
13509,g__JAKAFS01,2.786032388
13510,g__JAKAFX01,2.167876946
13511,g__JAKAGC01,4.069233045
13512,g__JAKAGE01,1.745800907
13513,g__JAKAGF01,2.557253615
13514,g__JAKAGM01,1.834744206
13515,g__JAKAGZ01,2.501348212
13516,g__JAKAHB01,1.338065865
13517,g__JAKAHC01,2.202559614
13518,g__JAKAHD01,1.589592534
13519,g__JAKAHE01,2.06099938
13520,g__JAKAHT01,1.661218551
13521,g__JAKAHU01,2.465469717
13522,g__JAKAHW01,1.778450609
13523,g__JAKAHY01,1.522685199
13524,g__JAKAHZ01,3.099915072
13525,g__JAKAIQ01,2.185300447
13526,g__JAKAIY01,2.889148889
13527,g__JAKAJA01,2.72949112
13528,g__JAKAJD01,1.588060887
13529,g__JAKAJF01,1.483516852
13530,g__JAKAJH01,1.908195533
13531,g__JAKAJP01,1.172926798
13532,g__JAKAJX01,1.913336928
13533,g__JAKAKQ01,2.92631805
13534,g__JAKAKS01,2.355932988
13535,g__JAKAKT01,2.267478844
13536,g__JAKAKZ01,1.946635581
13537,g__JAKALB01,3.126089582
13538,g__JAKALC01,1.760359623
13539,g__JAKALD01,2.626720814
13540,g__JAKALE01,1.638850787
13541,g__JAKALF01,1.517523986
13542,g__JAKALO01,2.393047236
13543,g__JAKALQ01,2.357084081
13544,g__JAKALS01,1.422169201
13545,g__JAKALU01,2.755414635
13546,g__JAKALW01,2.202069032
13547,g__JAKALX01,3.373829288
13548,g__JAKAMF01,1.757599264
13549,g__JAKAMH01,1.502800658
13550,g__JAKAMI01,1.548657921
13551,g__JAKAML01,2.614258863
13552,g__JAKAMP01,2.347593784
13553,g__JAKANL01,2.024714682
13554,g__JAKANM01,1.682245825
13555,g__JAKANR01,1.60323844
13556,g__JAKANT01,2.34538626
13557,g__JAKANV01,1.944680887
13558,g__JAKANW01,3.589275509
13559,g__JAKAOD01,2.181126115
13560,g__JAKAON01,2.003141492
13561,g__JAKAOS01,2.307656379
13562,g__JAKAPL01,2.294047677
13563,g__JAKAPS01,1.67188079
13564,g__JAKAPT01,2.005623987
13565,g__JAKAPW01,2.177579266
13566,g__JAKAQB01,2.696438764
13567,g__JAKAQQ01,1.811175006
13568,g__JAKAQV01,2.250117507
13569,g__JAKAQW01,2.847450377
13570,g__JAKARM01,1.76926988
13571,g__JAKARO01,2.422545635
13572,g__JAKARV01,2.268169417
13573,g__JAKASG01,2.190856995
13574,g__JAKASO01,1.892268622
13575,g__JAKASR01,2.225476615
13576,g__JAKASV01,2.186198832
13577,g__JAKASW01,2.617708857
13578,g__JAKASX01,2.647368874
13579,g__JAKATE01,1.886996364
13580,g__JAKATK01,1.88103198
13581,g__JAKATP01,2.51172408
13582,g__JAKATQ01,1.729222426
13583,g__JAKATT01,2.549325187
13584,g__JAKATU01,1.706493619
13585,g__JAKATY01,1.677584778
13586,g__JAKATZ01,1.790409363
13587,g__JAKAUA01,2.18398319
13588,g__JAKAUB01,2.077751031
13589,g__JAKAUF01,2.334761518
13590,g__JAKAUH01,3.971728166
13591,g__JAKAUM01,1.543448402
13592,g__JAKAUU01,1.755339428
13593,g__JAKAUZ01,2.250145134
13594,g__JAKAVK01,1.807294705
13595,g__JAKAVM01,2.809426893
13596,g__JAKAVN01,2.833133422
13597,g__JAKAVV01,2.487311705
13598,g__JAKAWC01,1.942482241
13599,g__JAKAWH01,2.640546455
13600,g__JAKAWJ01,2.359558576
13601,g__JAKAWM01,2.139182801
13602,g__JAKAWQ01,3.081068306
13603,g__JAKAWR01,2.179562158
13604,g__JAKAWW01,1.951126698
13605,g__JAKAXG01,3.37911992
13606,g__JAKAXS01,3.269839742
13607,g__JAKAYB01,2.162526465
13608,g__JAKAYH01,2.678523637
13609,g__JAKAYZ01,2.105015696
13610,g__JAKAZS01,2.461266391
13611,g__JAKAZV01,2.072281771
13612,g__JAKBAA01,2.26664522
13613,g__JAKBAE01,2.402616291
13614,g__JAKBAF01,2.447223842
13615,g__JAKBAI01,3.150457521
13616,g__JAKBAM01,3.299429581
13617,g__JAKBAP01,3.279663635
13618,g__JAKBAR01,2.493652903
13619,g__JAKBAT01,2.139407188
13620,g__JAKBBU01,2.472425449
13621,g__JAKBCQ01,3.501651904
13622,g__JAKBCS01,3.522304255
13623,g__JAKBCU01,2.057347505
13624,g__JAKBEL01,2.356527234
13625,g__JAKBEU01,1.743076846
13626,g__JAKBJF01,1.958493745
13627,g__JAKBJL01,1.148395655
13628,g__JAKBKY01,2.405808511
13629,g__JAKBMM01,2.187000446
13630,g__JAKBQS01,1.691598145
13631,g__JAKBUF01,1.659475267
13632,g__JAKCCC01,2.420569292
13633,g__JAKCCH01,2.433096238
13634,g__JAKCCV01,2.19957104
13635,g__JAKCDU01,3.28130435
13636,g__JAKCWP01,3.310339013
13637,g__JAKDKP01,3.079353675
13638,g__JAKDLQ01,2.185843775
13639,g__JAKDMF01,2.466308712
13640,g__JAKDMP01,2.226298927
13641,g__JAKEEG01,2.470148209
13642,g__JAKEEH01,3.871563606
13643,g__JAKEEM01,2.453035481
13644,g__JAKEEN01,3.024564042
13645,g__JAKEEP01,3.039120166
13646,g__JAKEEQ01,4.372799947
13647,g__JAKEET01,3.395231154
13648,g__JAKEEW01,3.443360065
13649,g__JAKEEX01,3.518651067
13650,g__JAKEFB01,4.434631448
13651,g__JAKEFC01,2.482610158
13652,g__JAKEFD01,3.943934194
13653,g__JAKEFG01,1.64043947
13654,g__JAKEFK01,4.157226135
13655,g__JAKEFM01,2.916519981
13656,g__JAKEFN01,1.555706256
13657,g__JAKEGK01,3.495841307
13658,g__JAKEGN01,2.992726821
13659,g__JAKEGO01,1.93652819
13660,g__JAKEGR01,2.160773622
13661,g__JAKEHA01,2.439326098
13662,g__JAKEHD01,4.36160728
13663,g__JAKEHO01,2.606354054
13664,g__JAKEHU01,2.007320438
13665,g__JAKEHZ01,2.961443015
13666,g__JAKEIC01,3.010606505
13667,g__JAKFUF01,4.67468106
13668,g__JAKFUT01,5.182161202
13669,g__JAKFUW01,2.5445499
13670,g__JAKFVA01,2.688468487
13671,g__JAKFVC01,4.954216903
13672,g__JAKFWF01,3.394504791
13673,g__JAKFWI01,2.569732009
13674,g__JAKFWO01,2.478910581
13675,g__JAKFXC01,2.07208752
13676,g__JAKFXL01,3.176930414
13677,g__JAKFXM01,2.217461206
13678,g__JAKFXT01,1.8530719
13679,g__JAKFYA01,2.770432002
13680,g__JAKFYE01,2.886926179
13681,g__JAKFYL01,2.940256119
13682,g__JAKFYM01,3.49111469
13683,g__JAKFYP01,2.392939502
13684,g__JAKGBX01,3.681988472
13685,g__JAKISE01,2.962520732
13686,g__JAKITS01,1.46922942
13687,g__JAKITT01,3.036856693
13688,g__JAKITW01,2.152678298
13689,g__JAKIU001,3.152011358
13690,g__JAKIUY01,2.54677232
13691,g__JAKIVR01,1.986937497
13692,g__JAKIWV01,2.147514495
13693,g__JAKIYB01,2.573134699
13694,g__JAKIYJ01,1.561971745
13695,g__JAKIYU01,2.160121056
13696,g__JAKIZN01,2.38565303
13697,g__JAKIZO01,2.237497076
13698,g__JAKJBL01,2.51578898
13699,g__JAKJBW01,2.324713407
13700,g__JAKJBX01,2.199076938
13701,g__JAKJDA01,2.501654664
13702,g__JAKJDO01,1.632830989
13703,g__JAKJED01,1.166605078
13704,g__JAKJEG01,1.573711023
13705,g__JAKJEI01,1.408159117
13706,g__JAKJEK01,1.523067653
13707,g__JAKJEM01,3.024853907
13708,g__JAKJEP01,2.083526948
13709,g__JAKJEU01,2.852614828
13710,g__JAKJGA01,2.969238343
13711,g__JAKJGF01,3.122718552
13712,g__JAKJGV01,1.632483848
13713,g__JAKJGY01,1.742461929
13714,g__JAKJHH01,2.181849169
13715,g__JAKKUQ01,2.273476458
13716,g__JAKLDB01,1.329039453
13717,g__JAKLDG01,1.752846516
13718,g__JAKLDH01,2.204608474
13719,g__JAKLDJ01,1.794958298
13720,g__JAKLDO01,2.708147753
13721,g__JAKLDQ01,1.88677721
13722,g__JAKLDR01,3.251462653
13723,g__JAKLDS01,2.760098065
13724,g__JAKLDV01,1.896925712
13725,g__JAKLDX01,1.417223025
13726,g__JAKLEA01,2.424680212
13727,g__JAKLEM01,1.597829572
13728,g__JAKLEX01,1.397836502
13729,g__JAKLFA01,2.173092434
13730,g__JAKLFE01,2.704161263
13731,g__JAKLFF01,1.610567864
13732,g__JAKLFG01,2.348484972
13733,g__JAKLFP01,2.170322929
13734,g__JAKLFS01,1.373939075
13735,g__JAKLGA01,3.717307009
13736,g__JAKLGF01,2.002992563
13737,g__JAKLGL01,1.754391164
13738,g__JAKLHB01,3.074067227
13739,g__JAKLHL01,2.051257939
13740,g__JAKLHP01,1.629599356
13741,g__JAKLHX01,1.581265371
13742,g__JAKLHY01,3.595402122
13743,g__JAKLIF01,2.135066516
13744,g__JAKLIH01,2.096039659
13745,g__JAKLIN01,1.795673614
13746,g__JAKLIP01,1.636274121
13747,g__JAKLIR01,2.275361111
13748,g__JAKLIS01,2.010257301
13749,g__JAKLIU01,2.767537879
13750,g__JAKLIV01,3.610171091
13751,g__JAKLIX01,3.058708575
13752,g__JAKLJW01,3.274743152
13753,g__JAKLKB01,3.694126558
13754,g__JAKLKC01,3.817981779
13755,g__JAKLKO01,2.638624617
13756,g__JAKLKQ01,3.543193848
13757,g__JAKLKR01,2.690776206
13758,g__JAKLKS01,2.642242133
13759,g__JAKLKY01,2.412736684
13760,g__JAKLLR01,2.531803399
13761,g__JAKLPW01,3.088115353
13762,g__JAKLPX01,2.136689173
13763,g__JAKLQJ01,2.091759592
13764,g__JAKLQR01,2.419353435
13765,g__JAKNTW01,5.870217074
13766,g__JAKOND01,3.921811073
13767,g__JAKONF01,1.979814141
13768,g__JAKOQB01,3.316473473
13769,g__JAKORG01,2.143282718
13770,g__JAKORJ01,1.834123052
13771,g__JAKORR01,2.617354079
13772,g__JAKOSN01,4.021453836
13773,g__JAKOSX01,2.367020811
13774,g__JAKOSZ01,1.761020313
13775,g__JAKOTC01,2.247208122
13776,g__JAKOUL01,1.389016186
13777,g__JAKOUW01,3.813338262
13778,g__JAKOUY01,2.847664299
13779,g__JAKOVF01,4.053347817
13780,g__JAKOVQ01,2.832580519
13781,g__JAKOVR01,2.915021845
13782,g__JAKOWB01,3.395893919
13783,g__JAKOXU01,1.670926605
13784,g__JAKOXV01,1.897153373
13785,g__JAKPAM01,3.324897668
13786,g__JAKPBU01,2.645594067
13787,g__JAKPCH01,2.440618246
13788,g__JAKPCP01,1.117707622
13789,g__JAKPCT01,2.9897223
13790,g__JAKPDD01,1.963864702
13791,g__JAKPDK01,2.365435264
13792,g__JAKPEE01,2.398657311
13793,g__JAKPEO01,2.194690168
13794,g__JAKPFN01,2.574880349
13795,g__JAKPGM01,1.65191629
13796,g__JAKPJZ01,3.308008705
13797,g__JAKPKF01,1.771854861
13798,g__JAKPMW01,2.546193839
13799,g__JAKPNF01,1.808840853
13800,g__JAKPNJ01,1.811237268
13801,g__JAKPPS01,1.832745687
13802,g__JAKPPT01,2.627694608
13803,g__JAKPQA01,2.702894233
13804,g__JAKPQD01,2.844767263
13805,g__JAKPQE01,2.840037283
13806,g__JAKPRU01,2.740467546
13807,g__JAKPSH01,2.840057379
13808,g__JAKPVM01,1.736937227
13809,g__JAKQBR01,2.832458928
13810,g__JAKQCH01,3.100169906
13811,g__JAKQCT01,2.615168837
13812,g__JAKQDD01,2.907392322
13813,g__JAKQDH01,3.224615382
13814,g__JAKQDP01,1.140633191
13815,g__JAKQEM01,1.943464382
13816,g__JAKQFZ01,3.521630294
13817,g__JAKQGS01,3.208173112
13818,g__JAKQHK01,2.049896567
13819,g__JAKQHR01,2.00829422
13820,g__JAKQHY01,3.791074544
13821,g__JAKQIM01,2.285510451
13822,g__JAKQJC01,2.996142088
13823,g__JAKQJL01,1.742478863
13824,g__JAKQLJ01,1.493256672
13825,g__JAKQLP01,1.874953206
13826,g__JAKQNG01,3.208187104
13827,g__JAKQQT01,2.396502282
13828,g__JAKQSH01,3.155656213
13829,g__JAKQTP01,2.049681569
13830,g__JAKQTR01,2.653526562
13831,g__JAKQUI01,3.252446276
13832,g__JAKQWJ01,2.37720559
13833,g__JAKQWZ01,2.375766443
13834,g__JAKQXH01,1.688556286
13835,g__JAKRSD01,3.144109569
13836,g__JAKRSE01,2.013206824
13837,g__JAKSBE01,3.675495433
13838,g__JAKSBI01,3.601526261
13839,g__JAKSBJ01,4.417482221
13840,g__JAKSBK01,3.45868312
13841,g__JAKSBL01,3.621093323
13842,g__JAKSBM01,5.14471227
13843,g__JAKSBN01,3.599323805
13844,g__JAKSBP01,3.599211613
13845,g__JAKSBQ01,3.098228924
13846,g__JAKSBV01,3.208840226
13847,g__JAKSBY01,3.38293122
13848,g__JAKSBZ01,4.110223173
13849,g__JAKSCF01,3.374936251
13850,g__JAKSCG01,3.023751691
13851,g__JAKSCJ01,3.264187118
13852,g__JAKSCL01,3.471886146
13853,g__JAKSDA01,6.227937469
13854,g__JAKSDE01,2.003221144
13855,g__JAKSDI01,5.627260781
13856,g__JAKSDJ01,5.34361136
13857,g__JAKSDK01,4.224464649
13858,g__JAKSDM01,4.488979034
13859,g__JAKSDN01,4.683976189
13860,g__JAKSDQ01,4.447864901
13861,g__JAKSHX01,1.958655007
13862,g__JAKSOL01,2.555364488
13863,g__JAKSPF01,2.116383845
13864,g__JAKSPP01,3.188383458
13865,g__JAKSPV01,2.683895178
13866,g__JAKSRN01,3.258122956
13867,g__JAKSSA01,2.256700569
13868,g__JAKSSE01,2.993066841
13869,g__JAKSSF01,3.730431179
13870,g__JAKSSK01,2.878144384
13871,g__JAKSSM01,2.386012378
13872,g__JAKSSR01,3.138364592
13873,g__JAKSUM01,2.39621115
13874,g__JAKSUT01,1.949974112
13875,g__JAKSUU01,2.174450426
13876,g__JAKSVI01,2.193381976
13877,g__JAKSVV01,2.381759292
13878,g__JAKUNG01,2.382074699
13879,g__JAKUNN01,2.510516349
13880,g__JAKUPQ01,2.901704076
13881,g__JAKUPT01,3.44053982
13882,g__JAKUSA01,2.440535495
13883,g__JAKUTA01,2.092119824
13884,g__JAKVAQ01,3.484340918
13885,g__JAKVAV01,3.086675109
13886,g__JAKVBB01,2.74617042
13887,g__JAKVBD01,4.249296648
13888,g__JAKVBE01,3.174130672
13889,g__JAKVBH01,3.202683877
13890,g__JAKVBI01,3.730677789
13891,g__JAKVBK01,3.718739191
13892,g__JAKVBQ01,2.574097888
13893,g__JAKVBY01,3.224253629
13894,g__JAKVBZ01,3.611929499
13895,g__JAKVCB01,2.962819334
13896,g__JAKVCE01,2.282387246
13897,g__JAKVCP01,3.895987932
13898,g__JAKVCT01,3.957394646
13899,g__JAKVJE01,2.258919863
13900,g__JAKVKY01,2.824143414
13901,g__JAKVKZ01,2.014136279
13902,g__JAKVON01,2.406115726
13903,g__JAKYXN01,4.021855153
13904,g__JAKZFD01,4.345263051
13905,g__JALAGN01,2.580343875
13906,g__JALCBB01,2.277299075
13907,g__JALCBQ01,2.546953149
13908,g__JALCOL01,3.506353691
13909,g__JALCQC01,2.339679273
13910,g__JALCQR01,3.198730235
13911,g__JALCRY01,2.947772472
13912,g__JALCSJ01,2.498270952
13913,g__JALCST01,1.916770467
13914,g__JALCUE01,2.134149259
13915,g__JALDAJ01,2.038571242
13916,g__JALEFY01,2.925306992
13917,g__JALEFZ01,4.520928686
13918,g__JALEGB01,3.328333371
13919,g__JALEGI01,2.359540933
13920,g__JALEGK01,3.163454897
13921,g__JALEGL01,2.653702157
13922,g__JALEGO01,3.927306346
13923,g__JALEHC01,4.091933604
13924,g__JALEJU01,2.963776369
13925,g__JALEKO01,2.082170015
13926,g__JALELF01,1.834644737
13927,g__JALELM01,2.196874955
13928,g__JALELV01,3.247451193
13929,g__JALEMS01,3.21780444
13930,g__JALENY01,3.77496399
13931,g__JALEPO01,3.116432531
13932,g__JALEVB01,2.448279653
13933,g__JALFST01,2.477438788
13934,g__JALFVM01,3.948472514
13935,g__JALGSS01,3.145403145
13936,g__JALGSU01,2.839705281
13937,g__JALGTD01,2.023830052
13938,g__JALGTG01,2.492113013
13939,g__JALGTR01,2.11360292
13940,g__JALGTV01,2.004483217
13941,g__JALGUG01,2.975257247
13942,g__JALGUJ01,2.092118618
13943,g__JALGUK01,2.239566308
13944,g__JALGVA01,2.313582689
13945,g__JALGVG01,2.231587896
13946,g__JALGVI01,2.966106441
13947,g__JALGVJ01,3.097930205
13948,g__JALGVN01,2.173969981
13949,g__JALGVQ01,2.54013885
13950,g__JALGVR01,2.420922833
13951,g__JALGVT01,2.489024416
13952,g__JALGVU01,2.577225804
13953,g__JALGWA01,2.252555122
13954,g__JALGWB01,2.477645745
13955,g__JALGWN01,2.485773581
13956,g__JALGXV01,2.551411376
13957,g__JALGXY01,2.450920807
13958,g__JALGYY01,3.273087957
13959,g__JALGZD01,2.121768085
13960,g__JALGZG01,2.179327492
13961,g__JALGZO01,3.027398633
13962,g__JALGZP01,2.633832233
13963,g__JALGZR01,2.828479272
13964,g__JALGZU01,2.721451541
13965,g__JALHDB01,2.837644783
13966,g__JALHET01,2.079128773
13967,g__JALHFC01,2.335337266
13968,g__JALHFZ01,2.521356357
13969,g__JALHJL01,2.781227241
13970,g__JALHLM01,3.536860682
13971,g__JALHLQ01,3.180502043
13972,g__JALHMH01,3.432290782
13973,g__JALHMI01,3.855376124
13974,g__JALHMQ01,3.363555811
13975,g__JALHMU01,2.19212537
13976,g__JALHNB01,4.489642632
13977,g__JALHNF01,1.965231014
13978,g__JALHNI01,4.059494846
13979,g__JALHNL01,2.614449103
13980,g__JALHNM01,2.488148278
13981,g__JALHNY01,1.88582643
13982,g__JALHOE01,5.431286366
13983,g__JALHOH01,2.472599649
13984,g__JALHOM01,2.020081417
13985,g__JALHOP01,4.182644287
13986,g__JALHOQ01,3.400362315
13987,g__JALHOR01,3.42536103
13988,g__JALHOS01,4.561027488
13989,g__JALHOX01,3.009118115
13990,g__JALHPA01,3.492941515
13991,g__JALHPC01,2.677476077
13992,g__JALHPX01,2.816043432
13993,g__JALHQF01,1.844739353
13994,g__JALHQU01,3.42809853
13995,g__JALHRI01,2.621427777
13996,g__JALHRM01,2.045142056
13997,g__JALHSR01,2.881291328
13998,g__JALHST01,3.164192795
13999,g__JALHSV01,2.310828464
14000,g__JALHSW01,2.902673409
14001,g__JALHTB01,2.536821373
14002,g__JALHTG01,2.432365149
14003,g__JALHTV01,1.858818421
14004,g__JALHTW01,2.172032317
14005,g__JALHUB01,2.359256866
14006,g__JALHUC01,2.722375583
14007,g__JALHUF01,2.583677264
14008,g__JALHVH01,2.107104483
14009,g__JALHWS01,1.266932546
14010,g__JALHYA01,1.040608272
14011,g__JALIDO01,1.907121915
14012,g__JALIDP01,1.738399845
14013,g__JALIDQ01,1.857000501
14014,g__JALJPB01,4.065426847
14015,g__JALJZY01,3.075522212
14016,g__JALLOG01,2.949253063
14017,g__JALLOL01,2.64591715
14018,g__JALLOO01,1.770335157
14019,g__JALNVG01,1.577214821
14020,g__JALNWG01,2.378891368
14021,g__JALNWK01,2.263976114
14022,g__JALNXB01,1.681885982
14023,g__JALNXD01,3.05364124
14024,g__JALNXV01,2.659140074
14025,g__JALNYB01,2.58500699
14026,g__JALNYF01,2.443202246
14027,g__JALNYV01,2.985692597
14028,g__JALNZF01,2.830419832
14029,g__JALNZK01,3.651456701
14030,g__JALNZU01,2.733521047
14031,g__JALOAD01,3.27937996
14032,g__JALOAG01,2.581389168
14033,g__JALOAH01,3.717997557
14034,g__JALOAP01,3.295936995
14035,g__JALOAR01,1.699545409
14036,g__JALOAT01,3.131620473
14037,g__JALOBO01,3.053806605
14038,g__JALOBQ01,1.688273377
14039,g__JALOBY01,1.50457304
14040,g__JALOCA01,2.235082135
14041,g__JALOCB01,1.68208334
14042,g__JALOCE01,2.17692074
14043,g__JALOKP01,2.716309723
14044,g__JALOLF01,2.982660705
14045,g__JALOLG01,2.418442542
14046,g__JALOLS01,2.363310359
14047,g__JALOLT01,2.684182163
14048,g__JALOLV01,4.105094883
14049,g__JALOMB01,2.491521412
14050,g__JALOMD01,4.681465868
14051,g__JALONJ01,4.419058731
14052,g__JALONM01,3.555325697
14053,g__JALONO01,3.296067114
14054,g__JALONX01,3.884375866
14055,g__JALOOE01,2.740998776
14056,g__JALOOX01,3.259121865
14057,g__JALOPA01,3.007142252
14058,g__JALOPH01,2.809829259
14059,g__JALOPO01,2.202006936
14060,g__JALOPS01,3.134011332
14061,g__JALOPX01,2.175314981
14062,g__JALOPY01,2.793414768
14063,g__JALOPZ01,1.727336224
14064,g__JALOQD01,3.820486149
14065,g__JALOQJ01,1.828761977
14066,g__JALOQM01,1.996239364
14067,g__JALOQQ01,1.841661467
14068,g__JALORM01,2.584947264
14069,g__JALORP01,2.33330546
14070,g__JALORV01,2.449695327
14071,g__JALORY01,2.001963429
14072,g__JALOSG01,2.92557247
14073,g__JALOSP01,3.059581698
14074,g__JALOTB01,3.297714787
14075,g__JALOTE01,2.984046894
14076,g__JALOTG01,2.7727975
14077,g__JALOTL01,3.044634898
14078,g__JALOTP01,2.480557329
14079,g__JALOTT01,3.040691886
14080,g__JALOTU01,2.43022395
14081,g__JALQTD01,3.022659302
14082,g__JALQTG01,2.870120052
14083,g__JALQTR01,3.575825116
14084,g__JALQTV01,3.193648754
14085,g__JALQTW01,1.883204508
14086,g__JALQUD01,2.195029148
14087,g__JALQUL01,3.299484528
14088,g__JALQUO01,2.026905583
14089,g__JALQXR01,3.552536689
14090,g__JALQXV01,2.438522465
14091,g__JALQXX01,2.957129622
14092,g__JALRAP01,2.548846686
14093,g__JALRAY01,2.061448842
14094,g__JALRBM01,2.274139609
14095,g__JALRDG01,2.525983903
14096,g__JALRFN01,3.196471108
14097,g__JALRGP01,2.10130062
14098,g__JALRHH01,3.057190851
14099,g__JALRHZ01,4.04260357
14100,g__JALRIJ01,3.284069967
14101,g__JALRIV01,2.78613611
14102,g__JALRJA01,1.769215903
14103,g__JALRJW01,3.076705384
14104,g__JALRKF01,2.491524468
14105,g__JALRKI01,2.14141042
14106,g__JALRLA01,2.714938147
14107,g__JALRLI01,2.938066847
14108,g__JALSHZ01,3.082363934
14109,g__JALSID01,3.036280268
14110,g__JALSIF01,1.840950026
14111,g__JALSIO01,2.605976066
14112,g__JALSIX01,2.423724888
14113,g__JALSJK01,2.937199189
14114,g__JALSKU01,2.183239264
14115,g__JALSKY01,2.409350881
14116,g__JALSKZ01,2.676399294
14117,g__JALSMD01,1.066851271
14118,g__JALSNJ01,2.03886774
14119,g__JALSNL01,1.702752943
14120,g__JALSNP01,2.105207494
14121,g__JALSPZ01,2.268384299
14122,g__JALSQC01,2.093529918
14123,g__JALSQF01,1.115182232
14124,g__JALSQH01,2.225257668
14125,g__JALSQL01,2.123195934
14126,g__JALSQW01,2.48436497
14127,g__JALSRD01,2.921003896
14128,g__JALSRG01,2.929000533
14129,g__JALSRI01,2.522912752
14130,g__JALSRK01,2.379135699
14131,g__JALSRW01,2.570276302
14132,g__JALSRY01,2.686707924
14133,g__JALSSC01,2.388116141
14134,g__JALSSE01,2.224740897
14135,g__JALSSH01,2.25947459
14136,g__JALSSV01,2.631066586
14137,g__JALSSX01,2.722752199
14138,g__JALSTC01,2.928032946
14139,g__JALSTH01,2.248429447
14140,g__JALSTK01,2.779458953
14141,g__JALSTN01,2.738036583
14142,g__JALSTP01,2.751289681
14143,g__JALSVQ01,2.735415502
14144,g__JALTBU01,2.021813092
14145,g__JALTDM01,2.172337003
14146,g__JALTEL01,2.447754202
14147,g__JALTEO01,2.089877453
14148,g__JALTFF01,0.938141942
14149,g__JALTFR01,2.041046097
14150,g__JALTGF01,1.934090192
14151,g__JALTHG01,2.208945236
14152,g__JALTID01,1.97345186
14153,g__JALTLI01,2.442661943
14154,g__JALTLT01,2.483983556
14155,g__JALTMR01,3.868773931
14156,g__JALTMS01,2.700072935
14157,g__JALTON01,2.530266113
14158,g__JALTRC01,3.674078653
14159,g__JALTWR01,2.398563633
14160,g__JALTWS01,1.389532071
14161,g__JALTXS01,2.568418863
14162,g__JALTYD01,2.101929011
14163,g__JALTZE01,2.506580497
14164,g__JALTZQ01,2.702122506
14165,g__JALTZZ01,2.568156889
14166,g__JALUAR01,2.667999244
14167,g__JALUBW01,1.939164369
14168,g__JALUEN01,2.046252319
14169,g__JALUJC01,2.066240219
14170,g__JALULG01,1.292615695
14171,g__JALURD01,2.272661497
14172,g__JALURH01,2.015072922
14173,g__JALURZ01,2.810865916
14174,g__JALUTC01,2.031910158
14175,g__JALUTE01,2.478088062
14176,g__JALUTW01,2.240749599
14177,g__JALUUA01,2.23809479
14178,g__JALUUH01,2.551080029
14179,g__JALUUK01,3.174625264
14180,g__JALUUL01,2.232728103
14181,g__JALUUM01,2.667588444
14182,g__JALUUN01,2.267763183
14183,g__JALUUO01,2.561665608
14184,g__JALUUU01,2.406496215
14185,g__JALUUW01,1.547979158
14186,g__JALUUX01,1.071953648
14187,g__JALUVI01,1.980561804
14188,g__JALUVT01,1.204479473
14189,g__JALUWO01,2.385005578
14190,g__JALUXI01,2.914497732
14191,g__JALUYA01,3.22882372
14192,g__JALUYN01,4.207887724
14193,g__JALUZX01,2.089520064
14194,g__JALVAT01,2.131269517
14195,g__JALVCQ01,1.780532951
14196,g__JALVDI01,3.65208573
14197,g__JALVDO01,3.130794062
14198,g__JALVDV01,1.283218825
14199,g__JALVEU01,2.432378685
14200,g__JALVHX01,2.378212552
14201,g__JALVIB01,2.276376177
14202,g__JALVIT01,2.37995056
14203,g__JALVIU01,1.959375316
14204,g__JALVKT01,1.758609276
14205,g__JALVLD01,1.281307842
14206,g__JALVLL01,1.927698394
14207,g__JALVMN01,2.75991419
14208,g__JALVMZ01,2.481560062
14209,g__JALVPF01,3.756951492
14210,g__JALVPN01,2.959249185
14211,g__JALVPS01,2.438219191
14212,g__JALVPX01,2.246861247
14213,g__JALVQA01,1.493529268
14214,g__JALVQM01,2.838841614
14215,g__JALVRC01,2.0669222
14216,g__JALVSQ01,1.68804303
14217,g__JALVTX01,2.165613054
14218,g__JALVVK01,2.44156699
14219,g__JALVYZ01,1.939580791
14220,g__JALVZP01,2.070784576
14221,g__JALVZS01,2.045886107
14222,g__JALWDW01,1.90819105
14223,g__JALWEZ01,1.187118419
14224,g__JALWFW01,3.255167197
14225,g__JALWGO01,2.205574941
14226,g__JALWJW01,3.339618513
14227,g__JALWLB01,2.138469702
14228,g__JALWLM01,2.330066731
14229,g__JALWOP01,3.116324775
14230,g__JALWQB01,2.494250049
14231,g__JALWQH01,2.464376102
14232,g__JALWQU01,2.132064401
14233,g__JALWQZ01,1.650500544
14234,g__JALWRI01,2.572752816
14235,g__JALWRU01,2.648921759
14236,g__JALWSA01,2.145435125
14237,g__JALWSI01,2.095317442
14238,g__JALWSQ01,2.248618742
14239,g__JALWTO01,2.166569778
14240,g__JALWTS01,2.345597861
14241,g__JALWUZ01,2.642777409
14242,g__JALWWO01,2.258956135
14243,g__JALWWR01,2.15791357
14244,g__JALWYU01,2.600878101
14245,g__JALWYX01,1.89014198
14246,g__JALWZS01,1.595872822
14247,g__JALWZV01,1.537331275
14248,g__JALWZW01,1.907444672
14249,g__JALWZX01,1.446205591
14250,g__JALXAE01,2.615902241
14251,g__JALXAG01,2.994749765
14252,g__JALXBF01,2.927875092
14253,g__JALXBP01,2.0019234
14254,g__JALXCG01,2.670321133
14255,g__JALXCH01,2.845943707
14256,g__JALXDB01,2.264309543
14257,g__JALXDT01,2.192889224
14258,g__JALXEW01,2.35573097
14259,g__JALXFI01,1.761098127
14260,g__JALYGD01,2.188315607
14261,g__JALYGH01,2.663741053
14262,g__JALYGJ01,2.116135103
14263,g__JALYGK01,2.316000685
14264,g__JALYGL01,2.151707687
14265,g__JALYGY01,2.388183157
14266,g__JALYHC01,1.952872201
14267,g__JALYHE01,1.680193737
14268,g__JALYHF01,2.106080165
14269,g__JALYHQ01,3.180597196
14270,g__JALYIM01,3.257490365
14271,g__JALYIZ01,2.332660501
14272,g__JALYJB01,2.666225554
14273,g__JALYJG01,2.53736475
14274,g__JALYJV01,3.349570845
14275,g__JALYJY01,2.340478521
14276,g__JALYJZ01,1.585599515
14277,g__JALYKU01,2.085494548
14278,g__JALYKW01,2.662600951
14279,g__JALYLC01,3.461451916
14280,g__JALYLE01,2.157491903
14281,g__JALYLM01,2.262642096
14282,g__JALYLZ01,2.755704815
14283,g__JALYMB01,2.250289968
14284,g__JALYMR01,1.965155791
14285,g__JALYMT01,2.445110693
14286,g__JALYMU01,2.674028934
14287,g__JALYMX01,2.474302088
14288,g__JALYMZ01,2.333097675
14289,g__JALYNB01,2.341257083
14290,g__JALYNC01,2.452166645
14291,g__JALYNK01,1.889273697
14292,g__JALYNX01,2.517443738
14293,g__JALYOC01,4.060308377
14294,g__JALYOK01,2.70243595
14295,g__JALYOU01,2.472932687
14296,g__JALYPT01,2.231909836
14297,g__JALYQB01,3.483361589
14298,g__JALYQM01,1.983468589
14299,g__JALYQT01,1.792528805
14300,g__JALYQY01,1.896064308
14301,g__JALYQZ01,1.339790542
14302,g__JALYRK01,1.966172524
14303,g__JALYRS01,1.789967482
14304,g__JALYRV01,2.833458357
14305,g__JALYSK01,2.056467578
14306,g__JALYSX01,2.505053429
14307,g__JALYTT01,3.743324869
14308,g__JALYTY01,2.273867393
14309,g__JALYTZ01,2.008071038
14310,g__JALYUC01,1.717080068
14311,g__JALYUE01,2.099804916
14312,g__JALYUS01,3.065736354
14313,g__JALYVT01,2.673029863
14314,g__JALYVW01,2.331869079
14315,g__JALYXC01,2.695263019
14316,g__JALYXH01,2.256116591
14317,g__JALYXI01,3.417507683
14318,g__JALYXS01,3.001018589
14319,g__JALYXV01,3.235119707
14320,g__JALYYC01,2.39573074
14321,g__JALYZC01,2.018737655
14322,g__JALYZK01,2.244850303
14323,g__JALYZS01,2.309004979
14324,g__JALYZW01,2.228442241
14325,g__JALZAA01,2.571146133
14326,g__JALZAE01,3.424108666
14327,g__JALZAH01,2.985585781
14328,g__JALZAI01,3.061996488
14329,g__JALZAK01,2.540778221
14330,g__JALZAQ01,2.445346366
14331,g__JALZBG01,2.191991727
14332,g__JALZBL01,2.15089151
14333,g__JALZBN01,2.223404736
14334,g__JALZBO01,1.956067347
14335,g__JALZBR01,2.470413931
14336,g__JALZCF01,3.365236458
14337,g__JALZCH01,3.371771155
14338,g__JALZDI01,2.383772297
14339,g__JALZEA01,2.487440541
14340,g__JALZEG01,2.436842012
14341,g__JALZEK01,2.626950358
14342,g__JALZFG01,2.346895775
14343,g__JALZFU01,2.344870218
14344,g__JALZGD01,2.575383524
14345,g__JALZHR01,3.251817152
14346,g__JALZIF01,2.462293943
14347,g__JALZIY01,2.403058026
14348,g__JALZKA01,2.404062748
14349,g__JALZKG01,2.305739851
14350,g__JALZLY01,2.893070706
14351,g__JALZMG01,2.359146039
14352,g__JALZMX01,2.465138902
14353,g__JALZND01,2.83538434
14354,g__JALZOC01,2.841699916
14355,g__JALZUE01,3.20225186
14356,g__JALZUO01,2.743744242
14357,g__JALZUQ01,2.768156076
14358,g__JALZUR01,2.762537677
14359,g__JALZUS01,2.755434471
14360,g__JALZUU01,3.480820523
14361,g__JALZUV01,3.115562869
14362,g__JALZVI01,2.634517542
14363,g__JALZVN01,2.958404272
14364,g__JALZVT01,3.51597577
14365,g__JALZWD01,3.248736637
14366,g__JAMBLL01,2.71916191
14367,g__JAMCCX01,3.060090594
14368,g__JAMCPD01,1.962060142
14369,g__JAMCPL01,2.128437288
14370,g__JAMCPN01,2.120725533
14371,g__JAMCPX01,2.233943557
14372,g__JAMCQB01,2.724791376
14373,g__JAMCQF01,2.239358874
14374,g__JAMCQK01,2.23034995
14375,g__JAMCQP01,2.765246659
14376,g__JAMCQQ01,2.328503893
14377,g__JAMCQZ01,1.802748993
14378,g__JAMCRA01,2.93053539
14379,g__JAMCRB01,1.619104962
14380,g__JAMCRC01,1.504018818
14381,g__JAMCRD01,1.805926665
14382,g__JAMCRM01,1.794593073
14383,g__JAMCRN01,1.767251054
14384,g__JAMCRP01,1.090178422
14385,g__JAMCRR01,3.106229445
14386,g__JAMCRS01,2.873758177
14387,g__JAMCRT01,1.395435916
14388,g__JAMCRV01,2.065461834
14389,g__JAMCSD01,1.157059624
14390,g__JAMCSO01,1.696132918
14391,g__JAMCSY01,1.181407302
14392,g__JAMCTG01,2.153000771
14393,g__JAMCTH01,1.284738433
14394,g__JAMCTK01,1.636814125
14395,g__JAMCTM01,1.168501376
14396,g__JAMCUD01,2.3090802
14397,g__JAMCUI01,1.461678428
14398,g__JAMCUS01,2.206477721
14399,g__JAMCVD01,2.10255123
14400,g__JAMCVK01,2.611192011
14401,g__JAMCVM01,3.145332417
14402,g__JAMCVZ01,2.771489461
14403,g__JAMCWA01,2.70410428
14404,g__JAMCWD01,2.412702861
14405,g__JAMCWF01,1.797890287
14406,g__JAMCWG01,2.359266022
14407,g__JAMCWI01,1.982278488
14408,g__JAMCWJ01,2.782216875
14409,g__JAMCWL01,2.173932875
14410,g__JAMCWQ01,1.728647289
14411,g__JAMCWR01,1.953465906
14412,g__JAMCWS01,1.710923882
14413,g__JAMCWX01,2.439293188
14414,g__JAMCWY01,1.560695037
14415,g__JAMCXQ01,1.587667868
14416,g__JAMCXS01,2.071399335
14417,g__JAMCXX01,1.142403946
14418,g__JAMCYB01,1.714143685
14419,g__JAMCYD01,1.019035711
14420,g__JAMCYG01,1.700455418
14421,g__JAMCYM01,1.72050233
14422,g__JAMCYN01,2.378711859
14423,g__JAMCYS01,3.139375649
14424,g__JAMCYU01,1.046123955
14425,g__JAMCYV01,1.746178574
14426,g__JAMCYW01,1.877106084
14427,g__JAMCYY01,1.046471182
14428,g__JAMCZC01,1.424017683
14429,g__JAMCZD01,2.32497962
14430,g__JAMCZE01,1.159563431
14431,g__JAMCZG01,1.271386861
14432,g__JAMCZK01,2.224638234
14433,g__JAMCZT01,1.542896295
14434,g__JAMCZU01,1.248531063
14435,g__JAMDAJ01,1.720567963
14436,g__JAMDAL01,1.469453564
14437,g__JAMDAP01,2.406457664
14438,g__JAMDAS01,1.433702395
14439,g__JAMDAY01,2.065573448
14440,g__JAMDBA01,1.554411327
14441,g__JAMDBQ01,1.722267217
14442,g__JAMDBS01,1.652266684
14443,g__JAMDBT01,2.268466664
14444,g__JAMDBX01,1.5213329
14445,g__JAMDBZ01,1.436897953
14446,g__JAMDCE01,3.537368307
14447,g__JAMDCN01,1.892709924
14448,g__JAMDCU01,2.583749677
14449,g__JAMDCW01,1.418347589
14450,g__JAMDCX01,2.293732363
14451,g__JAMDDA01,2.783794828
14452,g__JAMDDE01,2.402425308
14453,g__JAMDDL01,1.974938258
14454,g__JAMDDV01,2.363935874
14455,g__JAMDEE01,1.459410453
14456,g__JAMDEL01,1.82848207
14457,g__JAMDEM01,2.320821548
14458,g__JAMDEO01,2.931823636
14459,g__JAMFSN01,3.617889014
14460,g__JAMFST01,4.558284834
14461,g__JAMJFU01,3.10210073
14462,g__JAMJFX01,3.584725705
14463,g__JAMJVX01,1.70339574
14464,g__JAMLGJ01,3.036958206
14465,g__JAMLGM01,3.085521337
14466,g__JAMLGR01,2.423322067
14467,g__JAMLHH01,2.783035841
14468,g__JAMLHN01,3.240657618
14469,g__JAMLHW01,3.507316418
14470,g__JAMLIA01,2.510729969
14471,g__JAMLIC01,4.729082171
14472,g__JAMLID01,3.058084741
14473,g__JAMLIN01,3.135571008
14474,g__JAMLIO01,3.184973674
14475,g__JAMLJD01,3.452682698
14476,g__JAMLJG01,2.163287915
14477,g__JAMNXU01,2.521723433
14478,g__JAMNXX01,2.312326091
14479,g__JAMNYG01,2.131246479
14480,g__JAMOAD01,2.499679965
14481,g__JAMONC01,2.295979858
14482,g__JAMOOS01,2.919979979
14483,g__JAMOPH01,2.097075097
14484,g__JAMOPP01,1.914229585
14485,g__JAMOQA01,1.746024782
14486,g__JAMOQE01,2.127428431
14487,g__JAMOQF01,2.044745962
14488,g__JAMOQH01,3.19780072
14489,g__JAMOQM01,2.326861734
14490,g__JAMORC01,2.17919229
14491,g__JAMORN01,1.4406164
14492,g__JAMOSG01,2.436148879
14493,g__JAMOSO01,2.42195934
14494,g__JAMOTN01,2.357684339
14495,g__JAMOTR01,2.062095082
14496,g__JAMOTU01,1.733902048
14497,g__JAMOUT01,2.095194718
14498,g__JAMOVQ01,2.116143984
14499,g__JAMOVV01,2.748611028
14500,g__JAMPCJ01,2.392694339
14501,g__JAMPGF01,2.730702575
14502,g__JAMPIX01,1.936970784
14503,g__JAMPXD01,2.692804571
14504,g__JAMPXJ01,3.483960688
14505,g__JAMPXM01,3.617178228
14506,g__JAMPXQ01,2.053593983
14507,g__JAMQHH01,1.584411308
14508,g__JAMQPK01,3.034404579
14509,g__JAMWBQ01,1.790817391
14510,g__JAMWCB01,2.138460592
14511,g__JAMWCF01,1.435077764
14512,g__JAMWCI01,1.636442466
14513,g__JAMWCK01,1.528715398
14514,g__JAMWCL01,1.650691894
14515,g__JAMWCN01,1.598817036
14516,g__JAMWCP01,1.455798144
14517,g__JAMWCT01,1.271408958
14518,g__JAMWCX01,1.704264724
14519,g__JAMWDC01,1.943597173
14520,g__JAMWDD01,1.782383122
14521,g__JAMWDE01,1.51096586
14522,g__JAMWDF01,1.634030493
14523,g__JAMWDI01,1.312576261
14524,g__JAMWZD01,3.155784757
14525,g__JAMWZF01,3.39009107
14526,g__JAMXCX01,1.90784843
14527,g__JAMXCY01,1.49980626
14528,g__JAMXCZ01,1.794619039
14529,g__JAMXEX01,4.308839646
14530,g__JAMXLF01,3.181845889
14531,g__JAMXLG01,2.976869891
14532,g__JAMXLI01,2.760294441
14533,g__JAMXLJ01,2.893355547
14534,g__JAMXLL01,3.05528029
14535,g__JAMXLO01,3.911238561
14536,g__JAMXSB01,4.658789235
14537,g__JAMZMI01,3.527256903
14538,g__JANBVJ01,2.114882401
14539,g__JANBVK01,2.070397766
14540,g__JANBVL01,1.525029847
14541,g__JANBVM01,1.863509568
14542,g__JANDLT01,3.067494748
14543,g__JANELJ01,3.431849146
14544,g__JANEMG01,2.896821611
14545,g__JANEWG01,5.101523889
14546,g__JANFFA01,3.327253689
14547,g__JANFMV01,4.271939219
14548,g__JANFXS01,2.916817448
14549,g__JANJTB01,2.884109654
14550,g__JANJTH01,3.453958427
14551,g__JANJTJ01,2.49529635
14552,g__JANJTM01,2.344066532
14553,g__JANJTV01,3.306168943
14554,g__JANJTY01,3.150141123
14555,g__JANJUB01,2.657825293
14556,g__JANJUH01,2.900246413
14557,g__JANJUO01,2.776556525
14558,g__JANJWP01,2.964875704
14559,g__JANKMV01,2.731527249
14560,g__JANKMX01,3.099089628
14561,g__JANLFJ01,2.552576526
14562,g__JANLFM01,2.296105737
14563,g__JANLFN01,2.898583943
14564,g__JANLFO01,2.398726329
14565,g__JANLFP01,2.451316721
14566,g__JANLFS01,2.970484942
14567,g__JANLFV01,2.025610714
14568,g__JANLFZ01,2.64817497
14569,g__JANLGA01,2.263835667
14570,g__JANLGW01,3.318721798
14571,g__JANLHA01,1.974168257
14572,g__JANLHG01,1.632673156
14573,g__JANLHH01,1.62471534
14574,g__JANLHL01,1.658005604
14575,g__JANLHP01,1.401201451
14576,g__JANLHZ01,3.310400841
14577,g__JANLIN01,1.938231992
14578,g__JANLIO01,1.357453757
14579,g__JANLIQ01,1.808528996
14580,g__JANLIR01,1.668225056
14581,g__JANQAO01,2.221513523
14582,g__JANQEA01,2.661451488
14583,g__JANQEB01,2.419831574
14584,g__JANQEE01,4.00746716
14585,g__JANQEH01,3.259204763
14586,g__JANQEJ01,3.977026145
14587,g__JANQEN01,3.545929741
14588,g__JANQEO01,3.984924101
14589,g__JANQEQ01,2.818342919
14590,g__JANQER01,2.88725107
14591,g__JANQES01,3.629014656
14592,g__JANQET01,4.509257385
14593,g__JANQEU01,3.656455069
14594,g__JANQEY01,3.099727117
14595,g__JANQEZ01,2.964838945
14596,g__JANQFB01,3.702740487
14597,g__JANQFC01,1.984833148
14598,g__JANQFE01,3.253061799
14599,g__JANQFH01,2.828038377
14600,g__JANQFK01,2.70680569
14601,g__JANQFL01,3.812476644
14602,g__JANQFM01,3.784091817
14603,g__JANQFP01,2.747813193
14604,g__JANQFQ01,3.114547061
14605,g__JANQFR01,2.929064646
14606,g__JANQFT01,3.381228984
14607,g__JANQFU01,2.42238744
14608,g__JANQFV01,2.699091161
14609,g__JANQFW01,2.568872735
14610,g__JANQFZ01,2.632519426
14611,g__JANQGB01,3.835951218
14612,g__JANQGF01,2.859789265
14613,g__JANQGG01,2.839033439
14614,g__JANQGH01,4.046832671
14615,g__JANQGL01,2.568218981
14616,g__JANQGO01,3.743993741
14617,g__JANQGQ01,3.393432161
14618,g__JANQGS01,2.305488641
14619,g__JANQGT01,2.251876629
14620,g__JANQGV01,3.383811245
14621,g__JANQHA01,2.994391479
14622,g__JANQHD01,2.140084404
14623,g__JANQHG01,3.242219019
14624,g__JANQHK01,2.539264024
14625,g__JANQHN01,3.347438894
14626,g__JANQHP01,2.212441634
14627,g__JANQHS01,3.142317418
14628,g__JANQHT01,3.109294675
14629,g__JANQHU01,2.433280876
14630,g__JANQHX01,4.681164562
14631,g__JANQHY01,2.459773462
14632,g__JANQID01,3.254892321
14633,g__JANQIE01,3.339029367
14634,g__JANQIN01,3.272584407
14635,g__JANQIO01,3.471207671
14636,g__JANQIR01,3.296131951
14637,g__JANQIS01,2.266284351
14638,g__JANQIU01,2.977269026
14639,g__JANQIV01,2.972041053
14640,g__JANQIW01,3.206543182
14641,g__JANQJA01,2.777356819
14642,g__JANQJB01,3.647110935
14643,g__JANQJC01,3.061507703
14644,g__JANQJF01,4.309546824
14645,g__JANQJG01,3.430833177
14646,g__JANQJO01,2.857183336
14647,g__JANQJS01,2.719312523
14648,g__JANQJU01,5.724188994
14649,g__JANQJV01,3.99165602
14650,g__JANQJW01,3.479764372
14651,g__JANQJX01,1.973462995
14652,g__JANQJY01,2.505187199
14653,g__JANQJZ01,2.482654712
14654,g__JANQKA01,3.759847845
14655,g__JANQKE01,3.023862198
14656,g__JANQKH01,3.623405129
14657,g__JANQKO01,3.682415349
14658,g__JANQKP01,2.684914677
14659,g__JANQKQ01,2.98939462
14660,g__JANQKW01,3.070879625
14661,g__JANQKX01,3.696099341
14662,g__JANQKZ01,3.051870572
14663,g__JANQLB01,2.848082446
14664,g__JANQLC01,2.20747889
14665,g__JANQLF01,3.84573213
14666,g__JANQLI01,2.719865155
14667,g__JANQLN01,2.892832255
14668,g__JANQLS01,4.395154365
14669,g__JANQLT01,3.698341095
14670,g__JANQLU01,4.364397876
14671,g__JANQLY01,3.000680601
14672,g__JANQMB01,2.958207779
14673,g__JANQMK01,3.08745047
14674,g__JANQMM01,1.983471825
14675,g__JANQMR01,2.810579239
14676,g__JANQMV01,2.017612402
14677,g__JANQMX01,3.662489998
14678,g__JANQMY01,3.935665527
14679,g__JANQMZ01,1.644892269
14680,g__JANQNA01,2.008963235
14681,g__JANQNC01,2.524336746
14682,g__JANQND01,2.070760232
14683,g__JANQNG01,2.437754468
14684,g__JANQNI01,2.173387943
14685,g__JANQNJ01,2.298673376
14686,g__JANQNK01,2.264843191
14687,g__JANQNL01,2.931898102
14688,g__JANQNQ01,1.676617787
14689,g__JANQNR01,2.242114013
14690,g__JANQNT01,2.840966055
14691,g__JANQNU01,3.628886269
14692,g__JANQNW01,3.210343903
14693,g__JANQNX01,2.621350636
14694,g__JANQOC01,3.434688837
14695,g__JANQOE01,3.299909437
14696,g__JANQOH01,3.493265583
14697,g__JANQOQ01,2.579588906
14698,g__JANQOT01,2.786221087
14699,g__JANQOZ01,3.933714612
14700,g__JANQPA01,5.048837925
14701,g__JANQPH01,2.193694478
14702,g__JANQPI01,2.626491242
14703,g__JANQPJ01,2.829871815
14704,g__JANQPM01,2.762028906
14705,g__JANQPO01,3.323258329
14706,g__JANQPP01,3.971239344
14707,g__JANQPQ01,3.889676817
14708,g__JANQPS01,5.088790355
14709,g__JANQPV01,3.943622281
14710,g__JANQPW01,3.74512131
14711,g__JANQPX01,5.218354178
14712,g__JANQQB01,4.049301174
14713,g__JANQQC01,3.052553276
14714,g__JANQQF01,6.145028864
14715,g__JANQQG01,2.444000324
14716,g__JANQQJ01,3.423575834
14717,g__JANQQL01,4.190619525
14718,g__JANQQN01,4.886846185
14719,g__JANQQO01,2.061058477
14720,g__JANQQR01,2.797118861
14721,g__JANQQS01,3.931382084
14722,g__JANQQT01,2.617371644
14723,g__JANQQW01,3.643719022
14724,g__JANQQZ01,2.436973778
14725,g__JANQRA01,3.064004951
14726,g__JANQRB01,4.122762442
14727,g__JANQRC01,3.441742801
14728,g__JANQRI01,2.626903362
14729,g__JANQRL01,3.047127089
14730,g__JANQRM01,4.175633836
14731,g__JANQRN01,3.071337457
14732,g__JANQRO01,3.294255565
14733,g__JANQRQ01,4.011316156
14734,g__JANQRR01,2.485005732
14735,g__JANQRS01,4.406979124
14736,g__JANQRT01,3.499576147
14737,g__JANQRV01,5.774897313
14738,g__JANQRX01,2.606196293
14739,g__JANQRZ01,2.762342082
14740,g__JANQSA01,3.461463122
14741,g__JANQSF01,3.634330913
14742,g__JANQSH01,3.299759652
14743,g__JANQSM01,2.179162875
14744,g__JANQSN01,2.924776327
14745,g__JANQSP01,2.428090753
14746,g__JANQSR01,1.932846841
14747,g__JANQSS01,3.571767423
14748,g__JANQSZ01,1.916707415
14749,g__JANQTF01,3.813651255
14750,g__JANQTJ01,1.977829192
14751,g__JANQUM01,2.82888599
14752,g__JANSWO01,3.271939023
14753,g__JANSWP01,4.220970047
14754,g__JANSWW01,3.539592279
14755,g__JANSWY01,4.058123592
14756,g__JANSXG01,2.981338368
14757,g__JANSXY01,3.202981678
14758,g__JANSXZ01,3.082109922
14759,g__JANSYA01,3.884323999
14760,g__JANSYC01,3.730666646
14761,g__JANSYL01,2.716806102
14762,g__JANSYP01,3.757597077
14763,g__JANSYS01,3.782012645
14764,g__JANTFG01,2.901978242
14765,g__JANTFJ01,2.698689038
14766,g__JANTFM01,2.863964731
14767,g__JANTFN01,2.585591762
14768,g__JANTFQ01,2.637811263
14769,g__JANTGD01,2.989398531
14770,g__JANTGE01,2.229545673
14771,g__JANTGF01,2.158698328
14772,g__JANTGJ01,2.872961299
14773,g__JANTGK01,1.803897749
14774,g__JANTGN01,3.246090178
14775,g__JANTGP01,2.236552923
14776,g__JANTGR01,3.438361131
14777,g__JANTGX01,2.563301168
14778,g__JANTHG01,2.550061463
14779,g__JANTHH01,2.997831749
14780,g__JANTHQ01,2.898251318
14781,g__JANWHF01,2.545112414
14782,g__JANWHL01,2.75244004
14783,g__JANWHQ01,2.938357103
14784,g__JANWHV01,3.048417508
14785,g__JANWHZ01,1.89633301
14786,g__JANWIA01,1.769647211
14787,g__JANWIC01,1.63006994
14788,g__JANWIG01,3.103715226
14789,g__JANWIN01,1.80289576
14790,g__JANWIO01,2.710624734
14791,g__JANWIQ01,1.555399629
14792,g__JANWIV01,1.369916336
14793,g__JANWIW01,2.053091077
14794,g__JANWIZ01,1.787217048
14795,g__JANWJD01,2.931786162
14796,g__JANWJE01,2.873537741
14797,g__JANWJM01,2.202477123
14798,g__JANWJO01,2.097876025
14799,g__JANWJV01,2.502900594
14800,g__JANWKA01,1.712049237
14801,g__JANWKD01,1.737750377
14802,g__JANWKQ01,3.323608337
14803,g__JANWKV01,1.679509288
14804,g__JANWKX01,1.979595641
14805,g__JANWLI01,2.666757992
14806,g__JANWLJ01,2.298505996
14807,g__JANWLL01,2.196647293
14808,g__JANWVB01,1.132769308
14809,g__JANWVD01,2.210783202
14810,g__JANWVE01,2.562854918
14811,g__JANWVL01,2.003962017
14812,g__JANWVO01,2.498440924
14813,g__JANWVS01,2.566183351
14814,g__JANWVU01,2.085913426
14815,g__JANWWC01,2.190282901
14816,g__JANWWI01,2.58073567
14817,g__JANWWM01,2.504797081
14818,g__JANWWQ01,2.27132436
14819,g__JANWWR01,2.610776475
14820,g__JANWWS01,2.661449428
14821,g__JANWWW01,2.295250334
14822,g__JANWWX01,1.95731552
14823,g__JANWXD01,2.436071143
14824,g__JANWXJ01,2.18957005
14825,g__JANWXQ01,2.109015442
14826,g__JANWXR01,2.045196196
14827,g__JANWXU01,2.61528928
14828,g__JANWXW01,3.558953204
14829,g__JANWXX01,4.010488382
14830,g__JANWYG01,2.746220674
14831,g__JANWYL01,2.558912507
14832,g__JANWYM01,2.91991623
14833,g__JANWYO01,2.72941488
14834,g__JANWYQ01,2.542209284
14835,g__JANWYS01,2.157980292
14836,g__JANWYT01,2.3351027
14837,g__JANWYU01,2.508621141
14838,g__JANWZA01,2.482702555
14839,g__JANWZD01,2.728532245
14840,g__JANWZE01,3.103816635
14841,g__JANWZH01,1.328368069
14842,g__JANWZI01,2.836007254
14843,g__JANWZL01,2.343818452
14844,g__JANWZO01,1.853969773
14845,g__JANWZQ01,2.328585593
14846,g__JANWZV01,1.914329468
14847,g__JANXAF01,2.203361548
14848,g__JANXAQ01,2.646504546
14849,g__JANXAZ01,2.674889278
14850,g__JANXBB01,2.241738882
14851,g__JANXBL01,1.577190495
14852,g__JANXBO01,1.813506418
14853,g__JANXBS01,2.316329642
14854,g__JANXCC01,2.28743682
14855,g__JANXCM01,1.688305459
14856,g__JANXDC01,2.209545792
14857,g__JANXDG01,1.51127856
14858,g__JANXDH01,1.915174832
14859,g__JANXDM01,1.749143969
14860,g__JANXDZ01,2.113879625
14861,g__JANXEA01,1.630338661
14862,g__JANXEB01,1.281952738
14863,g__JANXEG01,2.181783228
14864,g__JANXEP01,2.271835377
14865,g__JANXER01,2.003640507
14866,g__JANXEW01,2.149528002
14867,g__JANXFM01,2.240045449
14868,g__JANXLO01,2.534575152
14869,g__JANXLS01,3.483186623
14870,g__JANXLV01,5.123699331
14871,g__JANXMC01,5.134400973
14872,g__JANXMO01,2.998526419
14873,g__JANXMY01,2.888712784
14874,g__JANXPB01,3.210409675
14875,g__JANXPS01,2.578269202
14876,g__JANXQE01,3.27904731
14877,g__JANXQG01,3.100712602
14878,g__JANXQZ01,3.867733165
14879,g__JANXSD01,3.192901593
14880,g__JANXSF01,4.095157019
14881,g__JANXSG01,3.236209823
14882,g__JANXSH01,4.639081592
14883,g__JANXSS01,3.671753158
14884,g__JANXSV01,3.241690158
14885,g__JANXSX01,3.76588606
14886,g__JANXTF01,3.245265306
14887,g__JANXTY01,2.710041923
14888,g__JANXTZ01,3.921067388
14889,g__JANXUC01,3.145008648
14890,g__JANXUF01,4.10826945
14891,g__JANXUR01,2.778065012
14892,g__JANXVR01,2.487818833
14893,g__JANXVU01,2.450604617
14894,g__JANXVV01,3.150776766
14895,g__JANXVY01,2.877503212
14896,g__JANXWU01,2.462697515
14897,g__JANXWW01,3.181966597
14898,g__JANXXE01,3.231702704
14899,g__JANXXV01,3.878641624
14900,g__JANXXY01,2.44322414
14901,g__JANXYE01,2.802781038
14902,g__JANXYN01,2.649920031
14903,g__JANXYW01,2.581412983
14904,g__JANXYY01,2.897654974
14905,g__JANXZO01,2.813832074
14906,g__JANXZS01,3.044675335
14907,g__JANYAK01,2.179909516
14908,g__JANYBT01,2.663155854
14909,g__JANYBV01,3.01388482
14910,g__JANYCD01,2.559264601
14911,g__JANYCG01,3.869929559
14912,g__JANYCN01,2.725370502
14913,g__JANYCO01,3.021078514
14914,g__JANYDD01,3.129189637
14915,g__JANYDI01,3.287526424
14916,g__JANYDK01,5.019710184
14917,g__JANYDT01,3.573000006
14918,g__JANYEO01,2.09861195
14919,g__JANYFH01,3.266642708
14920,g__JANYFL01,2.907612713
14921,g__JANYGA01,2.794617987
14922,g__JANYGI01,5.571804463
14923,g__JANYGM01,2.957047348
14924,g__JANYGX01,2.59488455
14925,g__JANYHF01,3.377998041
14926,g__JANYHH01,3.67266403
14927,g__JANYHK01,4.750011246
14928,g__JANYHQ01,3.201427111
14929,g__JANYHY01,4.035949484
14930,g__JANYIG01,3.760743247
14931,g__JANYIP01,2.689195319
14932,g__JANYJA01,3.364431603
14933,g__JANYJF01,2.089452788
14934,g__JANYJH01,3.825981464
14935,g__JANYJJ01,3.362590481
14936,g__JANYJL01,3.317861394
14937,g__JANYJZ01,2.37058209
14938,g__JANYKC01,3.281074842
14939,g__JANYKD01,3.81050598
14940,g__JANYKE01,1.772380444
14941,g__JANYKG01,2.234222595
14942,g__JANYKT01,3.752908187
14943,g__JANYKV01,3.269491899
14944,g__JANYLB01,2.412963481
14945,g__JANYLD01,3.318131085
14946,g__JANYLN01,2.044332711
14947,g__JANZZA01,2.034011349
14948,g__JANZZE01,2.547722004
14949,g__JANZZG01,2.258239689
14950,g__JANZZL01,2.666475917
14951,g__JANZZP01,1.505284411
14952,g__JAOAAG01,2.507179097
14953,g__JAOAAK01,2.113383022
14954,g__JAOAAX01,1.803403044
14955,g__JAOAAY01,2.325055226
14956,g__JAOABC01,2.106451431
14957,g__JAOABP01,2.058990629
14958,g__JAOABV01,2.090190372
14959,g__JAOACF01,3.022057077
14960,g__JAOACQ01,1.715758074
14961,g__JAOACS01,2.458816205
14962,g__JAOACV01,2.146504954
14963,g__JAOACW01,2.136847629
14964,g__JAOACZ01,2.714759702
14965,g__JAOADC01,2.144651538
14966,g__JAOADG01,1.985483734
14967,g__JAOADN01,2.388940034
14968,g__JAOADS01,1.84019954
14969,g__JAOADT01,2.377842674
14970,g__JAOAEA01,2.736169881
14971,g__JAOAEN01,1.970941579
14972,g__JAOAEQ01,1.829511937
14973,g__JAOAFE01,2.323787461
14974,g__JAOAFT01,1.69588789
14975,g__JAOAFX01,2.212294621
14976,g__JAOAFZ01,1.654062605
14977,g__JAOAGA01,2.014133357
14978,g__JAOAGO01,2.29488745
14979,g__JAOAGQ01,2.631415051
14980,g__JAOAGR01,1.67643294
14981,g__JAOAGT01,2.520862165
14982,g__JAOAHC01,1.931104542
14983,g__JAOAHH01,2.340176277
14984,g__JAOAHJ01,1.911392776
14985,g__JAOAHN01,1.939881322
14986,g__JAOAHO01,2.263566423
14987,g__JAOAIM01,2.199225796
14988,g__JAOAIV01,2.228421541
14989,g__JAOAJC01,1.548788756
14990,g__JAOAJF01,1.770515905
14991,g__JAOAJL01,2.006052606
14992,g__JAOAKI01,1.808533601
14993,g__JAOAKM01,2.070141359
14994,g__JAOAPY01,3.705248415
14995,g__JAOAQX01,3.425795669
14996,g__JAOAQY01,3.701183074
14997,g__JAOARG01,3.987111279
14998,g__JAOARJ01,2.403415684
14999,g__JAOARK01,3.280362593
15000,g__JAOARL01,3.067496741
15001,g__JAOARN01,3.611209142
15002,g__JAOARQ01,4.715611241
15003,g__JAOARU01,1.634449516
15004,g__JAOARY01,3.673634842
15005,g__JAOASB01,3.791613899
15006,g__JAOASD01,4.051487675
15007,g__JAOASE01,1.95127176
15008,g__JAOBAU01,3.435487468
15009,g__JAOBWM01,3.047702046
15010,g__JAODBJ01,3.241595762
15011,g__JAODBM01,2.979606481
15012,g__JAODBN01,2.644422924
15013,g__JAODBQ01,3.262934929
15014,g__JAOEGB01,4.570064323
15015,g__JAOEIQ01,2.687497285
15016,g__JAOHMI01,2.91379123
15017,g__JAOIVE01,2.703944537
15018,g__JAOLAV01,2.156586819
15019,g__JAOPYK01,4.751561831
15020,g__JAOPZQ01,2.675247644
15021,g__JAOPZW01,2.966653179
15022,g__JAOPZY01,2.659491458
15023,g__JAOSJK01,3.385990617
15024,g__JAOSJL01,2.726800774
15025,g__JAOSJM01,2.854151336
15026,g__JAOSJO01,3.859713909
15027,g__JAOSJT01,3.463118437
15028,g__JAOSJX01,4.071284038
15029,g__JAOTSC01,2.661411357
15030,g__JAOTSI01,2.61676919
15031,g__JAOTST01,3.023410626
15032,g__JAOTUP01,2.623678551
15033,g__JAOTUR01,2.89026593
15034,g__JAOTVO01,2.217418466
15035,g__JAOTVV01,2.952046631
15036,g__JAOTWH01,2.465826962
15037,g__JAOTWJ01,2.682811694
15038,g__JAOTWM01,3.892885794
15039,g__JAOTYK01,2.911421809
15040,g__JAOTYS01,3.650861897
15041,g__JAOTYV01,3.57089218
15042,g__JAOTZA01,2.666722247
15043,g__JAOTZB01,3.242006626
15044,g__JAOUBX01,3.591621191
15045,g__JAOUDE01,2.439132903
15046,g__JAOUDF01,2.508129449
15047,g__JAOUEA01,2.345223942
15048,g__JAOUEE01,3.098057006
15049,g__JAOUEW01,2.653055333
15050,g__JAOUEZ01,2.045693862
15051,g__JAOUFA01,3.306227111
15052,g__JAOUFE01,2.695405386
15053,g__JAOUFL01,2.017429447
15054,g__JAOUFM01,2.221674956
15055,g__JAOUFN01,2.43959915
15056,g__JAOUFO01,2.53395519
15057,g__JAOUGE01,1.224487292
15058,g__JAOUGY01,3.259191063
15059,g__JAOUHN01,1.918786173
15060,g__JAOUHV01,3.222696305
15061,g__JAOUIH01,3.506307121
15062,g__JAOUJD01,2.840875729
15063,g__JAOUJM01,4.075235504
15064,g__JAOUKH01,2.740806484
15065,g__JAOUKJ01,3.585299536
15066,g__JAOUKN01,2.759831391
15067,g__JAOUKW01,3.349856915
15068,g__JAOULB01,2.859765779
15069,g__JAOULM01,1.951871962
15070,g__JAOULW01,2.60589154
15071,g__JAOUMB01,2.657790392
15072,g__JAOUME01,2.627954457
15073,g__JAOUMJ01,2.493082212
15074,g__JAOUMO01,3.182067576
15075,g__JAOUMU01,2.789976964
15076,g__JAOUMY01,3.977008135
15077,g__JAOUNA01,2.562464905
15078,g__JAOUNS01,3.697801092
15079,g__JAOUNW01,2.59092545
15080,g__JAOUOA01,2.991191902
15081,g__JAOUOC01,3.01080148
15082,g__JAOUOD01,3.0247221
15083,g__JAOUOM01,3.162560877
15084,g__JAOUOP01,4.461891542
15085,g__JAOUOS01,2.864379661
15086,g__JAOUOT01,2.833596698
15087,g__JAOUPE01,2.409977538
15088,g__JAOUPJ01,3.04784935
15089,g__JAOUPR01,3.142247066
15090,g__JAOUPS01,2.636078956
15091,g__JAOUPW01,2.878541582
15092,g__JAOUPZ01,2.637589371
15093,g__JAOWKX01,4.895602997
15094,g__JAOXRU01,3.409225011
15095,g__JAOXRX01,2.497737767
15096,g__JAOXRY01,3.058581132
15097,g__JAOXSC01,3.964725679
15098,g__JAOXSD01,3.496020708
15099,g__JAOZFG01,2.307428698
15100,g__JAOZFL01,2.414928647
15101,g__JAOZFT01,2.391790459
15102,g__JAOZFZ01,1.364293278
15103,g__JAOZGB01,1.482045731
15104,g__JAOZGC01,2.186608916
15105,g__JAOZGF01,2.175521114
15106,g__JAOZGP01,2.266053916
15107,g__JAOZGV01,2.106262399
15108,g__JAOZGX01,2.242099507
15109,g__JAOZHK01,2.871893062
15110,g__JAOZHU01,2.873728396
15111,g__JAOZKL01,1.904300672
15112,g__JAOZLU01,4.387061724
15113,g__JAOZMB01,2.649400862
15114,g__JAOZMN01,2.899256974
15115,g__JAOZMQ01,2.54184558
15116,g__JAOZMT01,2.578358545
15117,g__JAOZMU01,2.745663207
15118,g__JAOZMY01,2.384089726
15119,g__JAOZMZ01,1.381569011
15120,g__JAOZNA01,2.278371418
15121,g__JAOZOL01,2.516427505
15122,g__JAOZOW01,2.737126609
15123,g__JAOZPA01,2.719867031
15124,g__JAOZPD01,1.24661312
15125,g__JAOZPE01,2.360696304
15126,g__JAOZPF01,2.312895781
15127,g__JAOZPI01,1.852262106
15128,g__JAOZPL01,2.41942508
15129,g__JAOZPY01,2.877395958
15130,g__JAOZQC01,2.274527643
15131,g__JAOZQN01,3.643770156
15132,g__JAOZQW01,2.725301303
15133,g__JAOZRQ01,4.448578559
15134,g__JAOZSB01,3.27463269
15135,g__JAOZSG01,2.240156737
15136,g__JAOZSN01,2.943962506
15137,g__JAOZSR01,2.308686016
15138,g__JAOZTL01,3.043546261
15139,g__JAOZTV01,2.790752251
15140,g__JAOZVK01,3.319975003
15141,g__JAPCJH01,2.194143412
15142,g__JAPDIZ01,2.196949632
15143,g__JAPDJF01,2.062289003
15144,g__JAPDJP01,2.205913175
15145,g__JAPDJS01,2.293129796
15146,g__JAPDJV01,2.267094578
15147,g__JAPDKA01,1.662312497
15148,g__JAPDKD01,1.765326293
15149,g__JAPDKE01,2.198168368
15150,g__JAPDNP01,4.978284422
15151,g__JAPEKQ01,1.927536673
15152,g__JAPFGA01,3.604512716
15153,g__JAPFGP01,5.193715898
15154,g__JAPHQX01,2.877867592
15155,g__JAPHRJ01,2.88658534
15156,g__JAPHRK01,3.91734573
15157,g__JAPHRO01,3.696862931
15158,g__JAPHSA01,3.043292909
15159,g__JAPHSX01,3.177536736
15160,g__JAPHTL01,2.926430442
15161,g__JAPHTQ01,3.325648422
15162,g__JAPJRA01,3.558468579
15163,g__JAPKCZ01,2.715128646
15164,g__JAPKDA01,2.164131629
15165,g__JAPKEQ01,2.909888629
15166,g__JAPKEZ01,2.768090094
15167,g__JAPKGY01,2.319030609
15168,g__JAPKHB01,2.273303494
15169,g__JAPKXP01,1.774850885
15170,g__JAPKXQ01,2.37602882
15171,g__JAPKYM01,2.314742125
15172,g__JAPKYR01,2.71446504
15173,g__JAPKYS01,2.564198434
15174,g__JAPKYU01,2.932961403
15175,g__JAPKYZ01,3.680755575
15176,g__JAPKZH01,2.667467957
15177,g__JAPLCW01,2.124283488
15178,g__JAPLCX01,2.007635366
15179,g__JAPLCZ01,2.895413494
15180,g__JAPLDA01,2.54837912
15181,g__JAPLDB01,2.932466785
15182,g__JAPLDP01,2.607715569
15183,g__JAPLDU01,2.672026421
15184,g__JAPLFH01,2.846731476
15185,g__JAPLFI01,2.719929272
15186,g__JAPLFL01,3.412325242
15187,g__JAPLFM01,2.962740391
15188,g__JAPLFO01,2.887114821
15189,g__JAPLFT01,2.159336176
15190,g__JAPLGD01,2.206583666
15191,g__JAPLGE01,2.158989332
15192,g__JAPLGF01,2.43910456
15193,g__JAPLGZ01,4.922819169
15194,g__JAPLHB01,3.737832772
15195,g__JAPLHP01,3.120752477
15196,g__JAPLHV01,2.469781581
15197,g__JAPLHX01,2.474572218
15198,g__JAPLIR01,1.91698589
15199,g__JAPLIS01,1.826082717
15200,g__JAPLIX01,2.950557941
15201,g__JAPLJA01,2.710218854
15202,g__JAPLJL01,2.41843062
15203,g__JAPLJM01,2.389032018
15204,g__JAPLJO01,2.450742278
15205,g__JAPLJQ01,2.860559696
15206,g__JAPLJS01,2.885132998
15207,g__JAPLJU01,2.271155312
15208,g__JAPLJV01,2.665274827
15209,g__JAPLKB01,3.408280273
15210,g__JAPLKF01,2.490081272
15211,g__JAPLKG01,2.031741277
15212,g__JAPLKK01,2.801810038
15213,g__JAPLKN01,1.81467347
15214,g__JAPLKR01,2.619241574
15215,g__JAPLKX01,3.043044222
15216,g__JAPLKZ01,1.773777928
15217,g__JAPLLA01,2.068557859
15218,g__JAPLLL01,1.897500036
15219,g__JAPLLM01,1.920880475
15220,g__JAPLLP01,1.898330898
15221,g__JAPLLQ01,1.470145826
15222,g__JAPLLR01,1.91990339
15223,g__JAPLLU01,1.723672534
15224,g__JAPLLW01,1.659535658
15225,g__JAPLMF01,1.725694804
15226,g__JAPLMI01,1.593578015
15227,g__JAPLML01,2.361017913
15228,g__JAPLMM01,1.781051845
15229,g__JAPLMO01,2.358475548
15230,g__JAPLMQ01,2.808190065
15231,g__JAPLMV01,2.21534393
15232,g__JAPLMW01,1.848927626
15233,g__JAPLNA01,2.827741597
15234,g__JAPLNB01,2.815210207
15235,g__JAPLNJ01,6.305150059
15236,g__JAPLNP01,3.228453664
15237,g__JAPLOD01,3.792622251
15238,g__JAPLOP01,2.578377741
15239,g__JAPLPE01,3.320866773
15240,g__JAPLSM01,2.579257426
15241,g__JAPLSN01,2.861103721
15242,g__JAPLSO01,2.524211978
15243,g__JAPLSP01,3.080835589
15244,g__JAPLSQ01,2.207126669
15245,g__JAPLSR01,2.240647418
15246,g__JAPLSS01,3.360995594
15247,g__JAPLST01,2.461768289
15248,g__JAPLUA01,2.691230427
15249,g__JAPLUR01,2.91579918
15250,g__JAPLUS01,2.22417027
15251,g__JAPLUY01,1.561077514
15252,g__JAPLVB01,1.735997073
15253,g__JAPLVF01,1.254746235
15254,g__JAPLVH01,1.349228595
15255,g__JAPLVJ01,1.608099049
15256,g__JAPLVK01,1.873729328
15257,g__JAPLVL01,2.075655333
15258,g__JAPLVM01,1.704737895
15259,g__JAPLVO01,1.855418851
15260,g__JAPLVR01,1.778744473
15261,g__JAPLVS01,2.275452394
15262,g__JAPLVT01,2.05272811
15263,g__JAPLVX01,1.663720543
15264,g__JAPLWD01,1.804797147
15265,g__JAPLWK01,1.492506439
15266,g__JAPLWL01,1.357151442
15267,g__JAPLWM01,1.528129478
15268,g__JAPLWQ01,1.615639091
15269,g__JAPLWU01,2.101875284
15270,g__JAPLWW01,1.889835016
15271,g__JAPLWY01,2.473333069
15272,g__JAPLWZ01,2.490067188
15273,g__JAPLXB01,2.15016916
15274,g__JAPLXC01,1.456908763
15275,g__JAPLXD01,1.49081894
15276,g__JAPLXF01,1.541625179
15277,g__JAPLXH01,1.758274833
15278,g__JAPLXK01,1.584982234
15279,g__JAPLXL01,1.488285217
15280,g__JAPLYA01,1.887688301
15281,g__JAPLYB01,1.859385648
15282,g__JAPLYC01,1.919181867
15283,g__JAPLYF01,1.658948649
15284,g__JAPLYJ01,1.479959725
15285,g__JAPLYT01,2.385998112
15286,g__JAPLYW01,1.424528761
15287,g__JAPLYY01,1.548794169
15288,g__JAPLZH01,2.067099404
15289,g__JAPLZN01,1.720470456
15290,g__JAPLZO01,1.630972315
15291,g__JAPLZS01,2.114153021
15292,g__JAPLZT01,1.303693818
15293,g__JAPLZW01,1.465886528
15294,g__JAPNUJ01,2.657561792
15295,g__JAPNUR01,2.486166331
15296,g__JAPNVD01,2.436307975
15297,g__JAPOKJ01,3.724794755
15298,g__JAPOLP01,4.068745949
15299,g__JAPONP01,2.481909386
15300,g__JAPOPJ01,2.827583269
15301,g__JAPOQD01,3.257015807
15302,g__JAPOQI01,1.904614659
15303,g__JAPORI01,2.145968602
15304,g__JAPORK01,2.9698332
15305,g__JAPORY01,3.106435339
15306,g__JAPOTF01,3.087698994
15307,g__JAPOUP01,3.328712584
15308,g__JAPOUT01,2.624682039
15309,g__JAPOVA01,2.425416138
15310,g__JAPOVO01,2.496912296
15311,g__JAPOVR01,2.897394638
15312,g__JAPOWB01,1.865462892
15313,g__JAPOXK01,2.37179183
15314,g__JAPOZF01,3.121238809
15315,g__JAPPFW01,3.426528985
15316,g__JAPPHA01,3.898655436
15317,g__JAPPHY01,2.196882856
15318,g__JAPPIL01,2.44643457
15319,g__JAPPJI01,1.871863222
15320,g__JAPPKS01,3.30860313
15321,g__JAPPLB01,3.358666355
15322,g__JAPPLG01,2.371832167
15323,g__JAPPNA01,2.970029872
15324,g__JAPPNK01,2.765101186
15325,g__JAPPOJ01,2.847160149
15326,g__JAPPOO01,2.302049785
15327,g__JAPPOR01,5.792346752
15328,g__JAPPOU01,2.947739699
15329,g__JAPPPA01,3.045921555
15330,g__JAPPPQ01,2.259183095
15331,g__JAPPQG01,2.073740516
15332,g__JAPPQH01,1.795641624
15333,g__JAPSGG01,2.333175343
15334,g__JAPSGM01,2.114743655
15335,g__JAPSGP01,2.718247383
15336,g__JAPSJW01,2.559286837
15337,g__JAPTWQ01,4.168966761
15338,g__JAPUDQ01,1.720565393
15339,g__JAPUDS01,1.885974313
15340,g__JAPUEB01,3.267704388
15341,g__JAPUEK01,3.808124094
15342,g__JAPUFB01,2.142387809
15343,g__JAPUFC01,3.094112198
15344,g__JAPUFN01,2.913665105
15345,g__JAPUGB01,2.485558926
15346,g__JAPUHH01,2.48673957
15347,g__JAPUHK01,2.756822515
15348,g__JAPUHN01,3.200561918
15349,g__JAPUHZ01,3.326287788
15350,g__JAPUIC01,2.297288995
15351,g__JAPUIH01,2.827033184
15352,g__JAPUIM01,2.58288866
15353,g__JAPUIN01,2.296583204
15354,g__JAPUIP01,3.971827474
15355,g__JAPUIR01,2.223400576
15356,g__JAPUIV01,2.33555684
15357,g__JAPUJA01,2.714188603
15358,g__JAPUJL01,2.43411583
15359,g__JAPUJS01,3.102230449
15360,g__JAPUJT01,3.344235801
15361,g__JAPUJU01,2.285039839
15362,g__JAPUKG01,2.597094206
15363,g__JAPUKJ01,2.396526431
15364,g__JAPUKM01,2.233251678
15365,g__JAPUKU01,2.773820937
15366,g__JAPUKZ01,3.727562154
15367,g__JAPULC01,3.311974684
15368,g__JAPULF01,2.497544522
15369,g__JAPULJ01,3.911716787
15370,g__JAPULM01,4.001014264
15371,g__JAPULR01,2.43679373
15372,g__JAPUME01,1.975536894
15373,g__JAPWJZ01,3.377404097
15374,g__JAPWUV01,1.998295016
15375,g__JAPWUW01,2.227267796
15376,g__JAPWUY01,2.705251298
15377,g__JAPYPO01,3.17455432
15378,g__JAPYRI01,3.072789792
15379,g__JAPYRS01,2.756754869
15380,g__JAPYTK01,4.915426746
15381,g__JAPYTU01,1.535331943
15382,g__JAPYTY01,2.782858951
15383,g__JAPYUI01,3.327584342
15384,g__JAPYVG01,2.663922695
15385,g__JAPYWM01,1.665692476
15386,g__JAPYWX01,1.874886737
15387,g__JAPZRU01,2.684820477
15388,g__JAQBPA01,2.756421873
15389,g__JAQBPE01,4.259955217
15390,g__JAQBPP01,2.344681902
15391,g__JAQBPX01,3.124350349
15392,g__JAQBQB01,3.24243073
15393,g__JAQBQD01,3.447037022
15394,g__JAQBQH01,4.72285773
15395,g__JAQBQP01,2.197427299
15396,g__JAQBQQ01,2.232033861
15397,g__JAQBQW01,2.317570509
15398,g__JAQBQZ01,2.444726307
15399,g__JAQBRD01,2.652098867
15400,g__JAQBRH01,2.050573116
15401,g__JAQBRT01,2.091227499
15402,g__JAQBRV01,1.771339894
15403,g__JAQBTH01,2.429556308
15404,g__JAQBTR01,1.88844345
15405,g__JAQBTY01,3.719903463
15406,g__JAQBTZ01,1.626146131
15407,g__JAQBVJ01,4.582365119
15408,g__JAQBVK01,2.433132611
15409,g__JAQBVR01,1.968000197
15410,g__JAQBVZ01,2.401473176
15411,g__JAQBWB01,1.490310072
15412,g__JAQBWJ01,2.361237389
15413,g__JAQBXG01,2.025502103
15414,g__JAQBXN01,4.946591747
15415,g__JAQBXX01,2.151088327
15416,g__JAQBYD01,2.7033779
15417,g__JAQBYK01,1.892089557
15418,g__JAQBYL01,3.634124339
15419,g__JAQBZS01,4.135528146
15420,g__JAQBZT01,2.523472772
15421,g__JAQBZY01,2.590895491
15422,g__JAQCBG01,1.929258859
15423,g__JAQCBR01,2.773499206
15424,g__JAQCEJ01,3.50781003
15425,g__JAQCGA01,2.691453414
15426,g__JAQCHP01,3.386635487
15427,g__JAQCKO01,1.943575868
15428,g__JAQCKY01,3.402236826
15429,g__JAQGGX01,2.718795383
15430,g__JAQGGZ01,2.27559051
15431,g__JAQGHD01,1.838628303
15432,g__JAQGHR01,3.59252318
15433,g__JAQGJA01,2.17359292
15434,g__JAQGJU01,3.782047406
15435,g__JAQGKB01,3.052452857
15436,g__JAQGLK01,2.70898589
15437,g__JAQGLW01,3.669123228
15438,g__JAQGMF01,2.98265182
15439,g__JAQGMJ01,3.769978013
15440,g__JAQGMO01,4.19293962
15441,g__JAQGMR01,3.766135885
15442,g__JAQGMV01,4.002195862
15443,g__JAQGOH01,2.25214611
15444,g__JAQGOT01,2.991518284
15445,g__JAQGOV01,4.59417452
15446,g__JAQGOX01,3.954127954
15447,g__JAQGOY01,3.102559819
15448,g__JAQIBY01,2.511999613
15449,g__JAQICB01,1.836372225
15450,g__JAQICJ01,2.959691467
15451,g__JAQICO01,2.88909289
15452,g__JAQICP01,2.920390826
15453,g__JAQICX01,2.076626088
15454,g__JAQIDA01,2.437338582
15455,g__JAQMSD01,3.297119841
15456,g__JAQNCO01,1.665940991
15457,g__JAQRMX01,2.513854989
15458,g__JAQSDB01,3.409284847
15459,g__JAQSVC01,3.448886294
15460,g__JAQSWC01,2.51363195
15461,g__JAQSWM01,3.433676867
15462,g__JAQSWO01,2.525938137
15463,g__JAQSWP01,3.144485315
15464,g__JAQSXL01,2.644616636
15465,g__JAQSXR01,3.258239212
15466,g__JAQSYP01,4.362748839
15467,g__JAQSYQ01,2.892794404
15468,g__JAQTLJ01,1.965537323
15469,g__JAQTLZ01,2.465829647
15470,g__JAQTMA01,3.239186198
15471,g__JAQTMD01,1.909157025
15472,g__JAQTMH01,1.597968009
15473,g__JAQTMQ01,1.768659763
15474,g__JAQTMY01,1.852581381
15475,g__JAQTNA01,3.635723237
15476,g__JAQTNB01,1.569652769
15477,g__JAQTNC01,2.046245798
15478,g__JAQTNF01,3.854622016
15479,g__JAQTNH01,1.98790667
15480,g__JAQTNM01,1.647597971
15481,g__JAQTNP01,1.579609005
15482,g__JAQTNW01,2.46672935
15483,g__JAQTOB01,1.36536124
15484,g__JAQTOI01,1.876067137
15485,g__JAQTOJ01,2.47595621
15486,g__JAQTOM01,2.152887555
15487,g__JAQTOZ01,2.368666505
15488,g__JAQTPI01,1.67805404
15489,g__JAQTPJ01,1.520585036
15490,g__JAQTPK01,2.563936149
15491,g__JAQTPW01,1.760576574
15492,g__JAQTPY01,1.590231506
15493,g__JAQTQH01,2.198995077
15494,g__JAQTRE01,3.075215783
15495,g__JAQTRG01,1.666210258
15496,g__JAQTRI01,3.092257141
15497,g__JAQTRN01,2.396406676
15498,g__JAQTRP01,1.974042202
15499,g__JAQTRS01,1.70497378
15500,g__JAQTRT01,2.565533127
15501,g__JAQTRU01,1.457553378
15502,g__JAQTSA01,1.671302801
15503,g__JAQTSC01,1.475079479
15504,g__JAQTSF01,1.831306945
15505,g__JAQTSP01,2.468213732
15506,g__JAQTSV01,1.795951192
15507,g__JAQTTB01,1.504328876
15508,g__JAQTTC01,1.560083755
15509,g__JAQTTP01,2.004439967
15510,g__JAQTTT01,1.79539103
15511,g__JAQTUD01,1.623107839
15512,g__JAQTUX01,1.678013038
15513,g__JAQTUY01,2.035502376
15514,g__JAQTUZ01,1.761706447
15515,g__JAQTVP01,2.495144511
15516,g__JAQTWB01,2.820771332
15517,g__JAQTXJ01,2.457513443
15518,g__JAQTYB01,2.364438174
15519,g__JAQTYU01,3.215891263
15520,g__JAQTYZ01,1.649586641
15521,g__JAQTZP01,1.669152801
15522,g__JAQTZX01,1.780668722
15523,g__JAQTZZ01,3.276658971
15524,g__JAQUAA01,1.524818435
15525,g__JAQUAE01,2.367440604
15526,g__JAQUAF01,3.308869996
15527,g__JAQUAH01,1.679937637
15528,g__JAQUBU01,2.603914104
15529,g__JAQUCI01,2.190317889
15530,g__JAQUCZ01,4.285105471
15531,g__JAQUDN01,4.41639416
15532,g__JAQUGH01,2.443543842
15533,g__JAQUHL01,2.301297688
15534,g__JAQUJQ01,2.320392949
15535,g__JAQUKH01,2.495027154
15536,g__JAQUKT01,1.92188232
15537,g__JAQUKY01,2.000365857
15538,g__JAQULA01,2.048684847
15539,g__JAQULD01,1.911606021
15540,g__JAQULF01,1.581600131
15541,g__JAQULM01,1.848825005
15542,g__JAQULV01,2.258720844
15543,g__JAQULY01,2.839697193
15544,g__JAQUMB01,1.627378131
15545,g__JAQUMH01,1.68353229
15546,g__JAQUMP01,2.912232273
15547,g__JAQUMX01,1.715584589
15548,g__JAQUNB01,1.841436467
15549,g__JAQUNI01,1.282961423
15550,g__JAQUNK01,1.495457096
15551,g__JAQUNP01,1.596689863
15552,g__JAQUNQ01,1.45042019
15553,g__JAQUNU01,1.18914603
15554,g__JAQUNY01,1.523980123
15555,g__JAQUOA01,2.248272342
15556,g__JAQUOB01,1.608182274
15557,g__JAQUOT01,1.507995274
15558,g__JAQUPA01,1.617482074
15559,g__JAQUPB01,2.165952062
15560,g__JAQUPC01,2.524308329
15561,g__JAQUPF01,1.585290533
15562,g__JAQUPP01,1.435631093
15563,g__JAQUPQ01,2.964175501
15564,g__JAQUQA01,1.60999166
15565,g__JAQUQI01,1.751274904
15566,g__JAQUQK01,2.797396183
15567,g__JAQUQM01,2.343179212
15568,g__JAQUQN01,1.598470939
15569,g__JAQUQO01,1.445736711
15570,g__JAQUQS01,2.011988343
15571,g__JAQUQV01,1.962196805
15572,g__JAQURJ01,2.395064922
15573,g__JAQURK01,1.430259917
15574,g__JAQURL01,2.260545588
15575,g__JAQURN01,1.810876378
15576,g__JAQURW01,1.8831881
15577,g__JAQURX01,2.000446557
15578,g__JAQUSD01,1.74654377
15579,g__JAQUSE01,1.793556952
15580,g__JAQUSN01,1.544736617
15581,g__JAQUSX01,2.32168722
15582,g__JAQUTK01,1.996981785
15583,g__JAQUTO01,1.998070252
15584,g__JAQUTY01,2.694778719
15585,g__JAQUUA01,2.492533524
15586,g__JAQUUF01,2.535402475
15587,g__JAQUUG01,1.846607293
15588,g__JAQUUH01,2.059465162
15589,g__JAQUUM01,2.373027052
15590,g__JAQUUX01,3.625012864
15591,g__JAQUVJ01,1.701562569
15592,g__JAQUVS01,1.925215803
15593,g__JAQUVW01,2.58858634
15594,g__JAQUWL01,2.613331176
15595,g__JAQUWX01,2.529168057
15596,g__JAQUWY01,1.693300479
15597,g__JAQUYG01,1.445853245
15598,g__JAQUYL01,2.522491194
15599,g__JAQUYS01,1.76803069
15600,g__JAQUYX01,2.032085496
15601,g__JAQUYY01,2.150404182
15602,g__JAQUZL01,3.17610629
15603,g__JAQVAO01,1.385908076
15604,g__JAQVAZ01,2.04925993
15605,g__JAQVBK01,2.838748358
15606,g__JAQVBP01,2.794939005
15607,g__JAQVCB01,2.688768928
15608,g__JAQVCM01,3.137679357
15609,g__JAQVCR01,2.368972002
15610,g__JAQVCS01,2.959746823
15611,g__JAQVDA01,1.493877916
15612,g__JAQVDB01,2.440609368
15613,g__JAQVDI01,1.152254372
15614,g__JAQVDW01,6.613064281
15615,g__JAQVEB01,2.025810478
15616,g__JAQVEM01,1.583558762
15617,g__JAQVET01,1.303659599
15618,g__JAQVEX01,2.102653249
15619,g__JAQVFF01,0.873315261
15620,g__JAQVFW01,1.548355544
15621,g__JAQVGB01,1.433040191
15622,g__JAQVGG01,2.397450682
15623,g__JAQVGI01,1.710886186
15624,g__JAQVGR01,1.920565514
15625,g__JAQVHD01,1.486899731
15626,g__JAQVHJ01,2.269007444
15627,g__JAQVHL01,2.738436161
15628,g__JAQVHQ01,3.803126987
15629,g__JAQVHS01,2.346677325
15630,g__JAQVIJ01,2.830754549
15631,g__JAQVJI01,3.521340248
15632,g__JAQVKF01,2.87697648
15633,g__JAQVLK01,2.120616774
15634,g__JAQVLT01,1.863838717
15635,g__JAQVMQ01,2.021477864
15636,g__JAQVMT01,2.37671469
15637,g__JAQVMU01,2.111112094
15638,g__JAQVOJ01,2.408029808
15639,g__JAQVOS01,2.294963601
15640,g__JAQVOV01,1.789403513
15641,g__JAQVPA01,1.823472875
15642,g__JAQVPN01,2.469957411
15643,g__JAQVPP01,1.621938441
15644,g__JAQVQN01,1.712805297
15645,g__JAQVRG01,2.645943342
15646,g__JAQVSH01,1.818159548
15647,g__JAQVSJ01,1.369249794
15648,g__JAQVSN01,1.747790361
15649,g__JAQVSP01,2.625689539
15650,g__JAQVSV01,2.191990229
15651,g__JAQVUB01,2.244652126
15652,g__JAQVVF01,1.314125505
15653,g__JAQVVM01,2.716849504
15654,g__JAQVWN01,2.319142066
15655,g__JAQVWQ01,2.457065037
15656,g__JAQVXM01,1.239605665
15657,g__JAQVXR01,2.688850091
15658,g__JAQVYB01,2.171875823
15659,g__JAQVYD01,1.903193056
15660,g__JAQVYV01,2.05722182
15661,g__JAQWAC01,1.866630347
15662,g__JAQWAN01,2.047935337
15663,g__JAQWAS01,1.468595858
15664,g__JAQWBS01,2.864891322
15665,g__JAQWCH01,1.875177391
15666,g__JAQWCN01,2.621083189
15667,g__JAQWFD01,3.475155144
15668,g__JAQWNM01,2.236885886
15669,g__JAQWNP01,2.514683514
15670,g__JAQWQB01,3.326038649
15671,g__JAQWRV01,2.951780613
15672,g__JAQWSC01,2.06653384
15673,g__JAQWUY01,2.39360204
15674,g__JAQXDR01,3.388118414
15675,g__JAQXDW01,5.135333155
15676,g__JAQXGO01,2.444360792
15677,g__JAQXIO01,2.160227523
15678,g__JAQXVU01,3.292803133
15679,g__JAQXZB01,3.051712943
15680,g__JAQXZK01,2.979580473
15681,g__JAQYDG01,2.280961875
15682,g__JAQYVK01,3.679911584
15683,g__JAQYVL01,2.714836437
15684,g__JAQYVV01,2.85898654
15685,g__JAQYVY01,3.165273469
15686,g__JAQYVZ01,2.764564224
15687,g__JAQZBT01,1.579294776
15688,g__JAQZDA01,2.579550885
15689,g__JARACJ01,5.002982721
15690,g__JARACK01,2.877812018
15691,g__JARBAU01,3.014105115
15692,g__JARBTN01,3.036426531
15693,g__JARBTQ01,2.836700512
15694,g__JARBTR01,3.495478807
15695,g__JARBTT01,3.541179156
15696,g__JARBTU01,2.307464249
15697,g__JARBUG01,4.359354874
15698,g__JARCMB01,3.011696278
15699,g__JARCMD01,3.292153326
15700,g__JARDZI01,3.080696442
15701,g__JARDZP01,2.463180831
15702,g__JARDZU01,2.854266704
15703,g__JAREAF01,2.983769038
15704,g__JARFPS01,1.885370079
15705,g__JARFPW01,2.482562688
15706,g__JARFQC01,3.467382213
15707,g__JARFQH01,2.924104794
15708,g__JARFQV01,3.028473717
15709,g__JARFQW01,3.143665945
15710,g__JARFRB01,3.014644119
15711,g__JARFTX01,3.188139041
15712,g__JARFUG01,2.927355901
15713,g__JARFUL01,2.243750425
15714,g__JARGEN01,3.027583641
15715,g__JARGFK01,3.568141408
15716,g__JARGFS01,2.69198966
15717,g__JARGFU01,4.062694582
15718,g__JARGFV01,2.334979271
15719,g__JARGFW01,3.604143121
15720,g__JARGGI01,1.531902753
15721,g__JARGNX01,2.93020256
15722,g__JARGOG01,3.717351893
15723,g__JARGOJ01,5.511529154
15724,g__JARGOK01,2.487294451
15725,g__JARGOL01,3.348013713
15726,g__JARGPD01,3.603191401
15727,g__JARGPN01,3.259378555
15728,g__JARHUG01,4.63290645
15729,g__JARICQ01,2.180173659
15730,g__JARIDA01,2.308075987
15731,g__JARIGV01,2.093562896
15732,g__JARIGY01,2.133201787
15733,g__JARIHA01,2.365800953
15734,g__JARIHC01,2.011675818
15735,g__JARIHD01,2.810078741
15736,g__JARIHJ01,1.750153475
15737,g__JARIHL01,1.888899002
15738,g__JARIHM01,2.461028769
15739,g__JARJEH01,4.036433383
15740,g__JARJMX02,2.421251767
15741,g__JARKNX01,2.605311672
15742,g__JARKOQ01,3.034415777
15743,g__JARKPB01,2.769544779
15744,g__JARKPK01,2.529213799
15745,g__JARKQH01,2.627019572
15746,g__JARKSS01,2.238625339
15747,g__JARLFX01,2.203601258
15748,g__JARLGT01,2.513521573
15749,g__JARLGU01,2.418350862
15750,g__JARLHE01,3.57946218
15751,g__JARLHF01,2.393039954
15752,g__JARLHI01,5.001996812
15753,g__JARLHJ01,2.138598735
15754,g__JARLHS01,2.035141939
15755,g__JARLHX01,4.263262263
15756,g__JARLIA01,1.368745729
15757,g__JARLIO01,3.746693155
15758,g__JARLUB01,2.173491828
15759,g__JAROCA01,3.91672016
15760,g__JARQTN01,2.761792704
15761,g__JARRAF01,5.165568839
15762,g__JARRBX01,2.167196577
15763,g__JARRCM01,2.142465509
15764,g__JARRCS01,2.574400239
15765,g__JARSSO01,2.88097948
15766,g__JARUKX01,3.506354393
15767,g__JARUKZ01,2.722982196
15768,g__JARULA01,1.910064275
15769,g__JARVGK01,2.527562424
15770,g__JARVJX01,2.307935605
15771,g__JARXAD01,2.662485138
15772,g__JARXAH01,3.564764768
15773,g__JARXKL01,2.226765407
15774,g__JARXWG01,3.012090363
15775,g__JARYLJ01,2.267643967
15776,g__JARYLX01,1.708927112
15777,g__JARYLZ01,2.329876339
15778,g__JARYMC01,2.163880061
15779,g__JARYMI01,2.294307471
15780,g__JARYMM01,2.96361648
15781,g__JARYMO01,2.31857358
15782,g__JARYMT01,1.131642622
15783,g__JASBRR01,2.353984303
15784,g__JASBRS01,2.372656569
15785,g__JASBRU01,2.466412228
15786,g__JASBSO01,3.000020805
15787,g__JASBSR01,2.857013397
15788,g__JASBSV01,3.204308137
15789,g__JASBTF01,2.176391075
15790,g__JASBTO01,3.2342799
15791,g__JASBTX01,3.166198756
15792,g__JASBTZ01,3.302991722
15793,g__JASBUC01,3.058840409
15794,g__JASBUG01,3.026148956
15795,g__JASBUK01,2.766495314
15796,g__JASBUM01,2.737690776
15797,g__JASBUN01,2.890913511
15798,g__JASBUW01,2.90891636
15799,g__JASBVN01,2.305473958
15800,g__JASBVW01,1.924069011
15801,g__JASBYJ01,2.710342899
15802,g__JASBYZ01,2.703766565
15803,g__JASBZA01,1.980597141
15804,g__JASBZD01,2.220671733
15805,g__JASBZE01,2.904197784
15806,g__JASCQG01,3.441229098
15807,g__JASCXY01,2.689041012
15808,g__JASEER01,2.311063485
15809,g__JASEET01,2.334263294
15810,g__JASEEU01,2.315492282
15811,g__JASEEV01,2.224319331
15812,g__JASEEW01,2.181214294
15813,g__JASEEX01,2.213140262
15814,g__JASEFH01,2.52814465
15815,g__JASEFT01,1.972265199
15816,g__JASEFU01,2.24985696
15817,g__JASEGA01,2.001224879
15818,g__JASEGC01,2.059632715
15819,g__JASEGJ01,2.140307219
15820,g__JASEGN01,1.902607244
15821,g__JASEGQ01,1.618333563
15822,g__JASEGR01,2.608703905
15823,g__JASEGS01,2.258836373
15824,g__JASEGV01,2.550748102
15825,g__JASEGW01,1.608253877
15826,g__JASEGY01,3.12783754
15827,g__JASEHD01,2.628901928
15828,g__JASEHE01,2.002732934
15829,g__JASEHL01,1.405794011
15830,g__JASEHX01,1.833945904
15831,g__JASEHZ01,1.566770223
15832,g__JASEIE01,3.424817833
15833,g__JASEIG01,1.605050924
15834,g__JASEIO01,1.929661165
15835,g__JASEIR01,2.195609836
15836,g__JASEJA01,2.219446981
15837,g__JASEJC01,2.077409613
15838,g__JASEJN01,2.272900283
15839,g__JASEJQ01,2.54082783
15840,g__JASEJS01,1.356006958
15841,g__JASFBJ01,2.832345334
15842,g__JASGCE01,2.875247714
15843,g__JASGCH01,2.077660823
15844,g__JASGCK01,3.150623038
15845,g__JASGCL01,2.066666763
15846,g__JASGCN01,1.858301341
15847,g__JASGCP01,2.255421279
15848,g__JASGCR01,2.305322558
15849,g__JASGCS01,2.258134227
15850,g__JASGCU01,2.119077884
15851,g__JASGLU01,2.106879632
15852,g__JASGMB01,2.704580738
15853,g__JASGMR01,2.572619911
15854,g__JASGMV01,2.909503804
15855,g__JASGTU01,2.722986616
15856,g__JASHON01,2.897664761
15857,g__JASHPB01,3.691374605
15858,g__JASHPR01,3.978459099
15859,g__JASHSH01,2.50189211
15860,g__JASHUC01,2.552672679
15861,g__JASHVB01,4.542150477
15862,g__JASHZA01,2.450582841
15863,g__JASJAR01,2.93629562
15864,g__JASJAX01,3.013755595
15865,g__JASJAY01,3.062614808
15866,g__JASJAZ01,3.397549725
15867,g__JASJBE01,3.37131066
15868,g__JASJBI01,3.453348933
15869,g__JASJBO01,3.378237705
15870,g__JASJBU01,2.862712552
15871,g__JASJBY01,3.044634455
15872,g__JASJCA01,3.386474219
15873,g__JASJCB01,5.166805068
15874,g__JASJCC01,3.49936228
15875,g__JASJCL01,3.65309988
15876,g__JASJCN01,3.42022497
15877,g__JASJCP01,3.620580286
15878,g__JASJCT01,4.08614202
15879,g__JASJCY01,4.120853716
15880,g__JASJDA01,4.349444067
15881,g__JASJDC01,3.390625012
15882,g__JASJDJ01,3.844877065
15883,g__JASJDM01,3.96968124
15884,g__JASJDU01,2.212124989
15885,g__JASJEC01,3.492981766
15886,g__JASJEE01,3.563080037
15887,g__JASJEX01,2.467412376
15888,g__JASJXV01,3.186338679
15889,g__JASJYE01,2.492873264
15890,g__JASKKH01,2.217532257
15891,g__JASKKI01,2.758365738
15892,g__JASKKU01,1.613875066
15893,g__JASLAT01,2.273880195
15894,g__JASLAX01,3.46551497
15895,g__JASLBX01,2.699584716
15896,g__JASLCK01,3.854771856
15897,g__JASLCR01,2.530895816
15898,g__JASLDG01,1.968611933
15899,g__JASLDQ01,3.593005383
15900,g__JASLDZ01,2.606325773
15901,g__JASLFJ01,2.351871898
15902,g__JASLFM01,4.034129539
15903,g__JASLFS01,3.754189812
15904,g__JASLFZ01,1.804599913
15905,g__JASLIL01,3.549372511
15906,g__JASLIR01,4.05965426
15907,g__JASLLV01,2.373745282
15908,g__JASLLZ01,2.830513306
15909,g__JASLMH01,3.598111619
15910,g__JASLMQ01,3.105591489
15911,g__JASLMY01,3.999557869
15912,g__JASLPR01,1.891180968
15913,g__JASLPY01,2.908212845
15914,g__JASLQE01,2.533154288
15915,g__JASLQF01,2.595546878
15916,g__JASLQO01,3.381620873
15917,g__JASLSL01,2.790552529
15918,g__JASLWR01,2.773407682
15919,g__JASLXI01,2.199984451
15920,g__JASLXW01,3.077883249
15921,g__JASLZO01,2.25141672
15922,g__JASLZV01,1.819249718
15923,g__JASMAB01,1.914831229
15924,g__JASMAO01,2.301055537
15925,g__JASMDC01,3.017613034
15926,g__JASMHC01,4.121191818
15927,g__JASMHE01,3.185551089
15928,g__JASMJM01,3.170377304
15929,g__JASMKV01,3.098712637
15930,g__JASMLP01,3.111368443
15931,g__JASMLU01,2.300933332
15932,g__JASMLW01,4.38266636
15933,g__JASSZH01,3.46117474
15934,g__JASUSC01,2.147397248
15935,g__JASUSP01,2.284038182
15936,g__JASUSV01,2.462386475
15937,g__JASUTA01,2.930546114
15938,g__JASUTC01,2.336801299
15939,g__JASUTE01,2.334876142
15940,g__JAUASV01,2.688150654
15941,g__JAUASW01,4.350117253
15942,g__JAUCGB01,4.037145757
15943,g__JAUCGD01,3.539095379
15944,g__JAUCGE01,3.32204593
15945,g__JAUCGF01,4.023300953
15946,g__JAUCGG01,3.729521143
15947,g__JAUCGI01,3.598822093
15948,g__JAUCQB01,2.9275684
15949,g__JAUCSC01,1.860209544
15950,g__JAUHHC01,4.702029002
15951,g__JAUHJS01,4.166138617
15952,g__JAUHQD01,3.672262601
15953,g__JAUHVL01,3.698575087
15954,g__JAUHWK01,3.375756268
15955,g__JAUHWL01,3.177646172
15956,g__JAUHWN01,4.200368451
15957,g__JAUHWS01,2.305693835
15958,g__JAUHWW01,2.159594789
15959,g__JAUHXA01,4.348529372
15960,g__JAUHXH01,3.816294381
15961,g__JAUHXQ01,2.073350392
15962,g__JAUHXR01,5.220231183
15963,g__JAUHXS01,2.789909903
15964,g__JAUHXT01,2.826374886
15965,g__JAUHXU01,3.031095491
15966,g__JAUHYH01,3.171246757
15967,g__JAUHYI01,2.768930459
15968,g__JAUHYX01,3.106058971
15969,g__JAUHYY01,2.349171162
15970,g__JAUHZC01,2.50643604
15971,g__JAUHZG01,2.801820094
15972,g__JAUHZO01,3.512449995
15973,g__JAUHZY01,2.655561863
15974,g__JAUIAB01,2.484937469
15975,g__JAUIAD01,3.002063006
15976,g__JAUIAI01,3.131632082
15977,g__JAUIAS01,3.730903267
15978,g__JAUIAT01,2.368156711
15979,g__JAUIBE01,2.945428522
15980,g__JAUIBF01,2.555276576
15981,g__JAUIBG01,2.375747203
15982,g__JAUIBK01,3.12511793
15983,g__JAUIBQ01,2.412296285
15984,g__JAUIBR01,4.595048768
15985,g__JAUIBT01,3.665431491
15986,g__JAUICD01,2.838545382
15987,g__JAUICE01,2.521577287
15988,g__JAUICH01,3.477113098
15989,g__JAUICM01,3.243996314
15990,g__JAUICN01,2.756507012
15991,g__JAUICO01,3.272205977
15992,g__JAUICQ01,2.266026558
15993,g__JAUICS01,2.844763863
15994,g__JAUICV01,2.268476627
15995,g__JAUIDW01,2.955553665
15996,g__JAUIDY01,3.384236746
15997,g__JAUIEC01,3.284271948
15998,g__JAUIEE01,3.32036811
15999,g__JAUIEF01,2.614453351
16000,g__JAUIEL01,3.395079998
16001,g__JAUIEQ01,1.705117614
16002,g__JAUIES01,3.234879853
16003,g__JAUIET01,3.610584998
16004,g__JAUIEU01,2.493750871
16005,g__JAUIEV01,2.328861856
16006,g__JAUIEX01,2.344389422
16007,g__JAUIFA01,2.801260907
16008,g__JAUIFD01,2.567783384
16009,g__JAUIFI01,1.596706094
16010,g__JAUIFJ01,2.923908137
16011,g__JAUIFR01,3.062130139
16012,g__JAUIGD01,3.433070794
16013,g__JAUIGE01,4.589687609
16014,g__JAUIHN01,1.702878846
16015,g__JAUIHQ01,2.279697234
16016,g__JAUIHS01,3.250689402
16017,g__JAUIHT01,3.514822723
16018,g__JAUIHU01,3.016423468
16019,g__JAUIIJ01,3.682267832
16020,g__JAUIIK01,3.52926647
16021,g__JAUIIO01,3.049045915
16022,g__JAUIIS01,3.775355314
16023,g__JAUIIY01,2.091319432
16024,g__JAUIJC01,3.389378376
16025,g__JAUIJE01,4.606080831
16026,g__JAUIJJ01,2.760253141
16027,g__JAUIJL01,4.504892095
16028,g__JAUIJR01,4.048341521
16029,g__JAUIJX01,2.319697501
16030,g__JAUIKA01,1.897478679
16031,g__JAUIKB01,4.601461903
16032,g__JAUIKH01,1.818245576
16033,g__JAUIKI01,2.164854115
16034,g__JAUIKJ01,1.799123039
16035,g__JAUIKM01,3.258149239
16036,g__JAUIKQ01,2.49236629
16037,g__JAUIKZ01,3.210538355
16038,g__JAUILA01,3.783013487
16039,g__JAUILH01,3.823506355
16040,g__JAUILN01,4.617034778
16041,g__JAUILP01,3.136635215
16042,g__JAUIMD01,2.402151706
16043,g__JAUIME01,3.19332371
16044,g__JAUIMG01,2.615243015
16045,g__JAUIMJ01,3.393276344
16046,g__JAUJEA01,4.256866915
16047,g__JAUJMQ01,2.225812644
16048,g__JAUJMS01,2.387120862
16049,g__JAUJMY01,2.095596504
16050,g__JAUJNC01,3.89178647
16051,g__JAUJNF01,2.13371861
16052,g__JAUJNH01,2.487940935
16053,g__JAUJNI01,2.721296594
16054,g__JAUJNJ01,4.2043065
16055,g__JAUJNU01,2.46696158
16056,g__JAUJNX01,2.972213295
16057,g__JAUJNY01,2.201518747
16058,g__JAUJOE01,2.917206858
16059,g__JAUJOK01,3.486444321
16060,g__JAUJOM01,3.361840438
16061,g__JAUJON01,3.481323876
16062,g__JAUJOR01,3.381296969
16063,g__JAUJOW01,2.480022669
16064,g__JAUJOZ01,3.792147012
16065,g__JAUJPG01,3.571809208
16066,g__JAUMWO01,2.755626615
16067,g__JAUMWV01,2.667629501
16068,g__JAUMWX01,2.549753678
16069,g__JAUMWZ01,2.209520121
16070,g__JAUMXB01,2.956226731
16071,g__JAUMXH01,3.93140935
16072,g__JAUMXJ01,3.367375689
16073,g__JAUMXS01,2.296971236
16074,g__JAUMXX01,2.156315089
16075,g__JAUMXZ01,2.032253327
16076,g__JAUMYJ01,2.082870099
16077,g__JAUMYL01,3.172406757
16078,g__JAUMYT01,4.249224735
16079,g__JAUNAB01,3.011226461
16080,g__JAUNAF01,3.376545763
16081,g__JAUNAV01,2.334746546
16082,g__JAUNBC01,2.512030242
16083,g__JAUNBG01,2.708322615
16084,g__JAUNBL01,1.769934667
16085,g__JAUNBN01,2.193684725
16086,g__JAUNBV01,2.540746961
16087,g__JAUNBY01,2.871173828
16088,g__JAUNDF01,3.20964545
16089,g__JAUNEA01,2.544917825
16090,g__JAUNED01,2.960301445
16091,g__JAUNHO01,2.85310408
16092,g__JAUNIP01,2.521619469
16093,g__JAUNJZ01,2.887968131
16094,g__JAUNKE01,3.644907244
16095,g__JAUNLE01,2.669554138
16096,g__JAUNLJ01,3.746415171
16097,g__JAUNLK01,3.370693852
16098,g__JAUNLX01,2.397413901
16099,g__JAUNMU01,2.557217119
16100,g__JAUNQF01,1.952164104
16101,g__JAUNQW01,3.075834226
16102,g__JAUNRT01,2.688418154
16103,g__JAUNSN01,1.996569772
16104,g__JAUNSP01,1.847597519
16105,g__JAUNSQ01,2.780000507
16106,g__JAUNSR01,2.632194503
16107,g__JAUNST01,1.445314937
16108,g__JAUNTE01,2.774192289
16109,g__JAUNTR01,3.242202668
16110,g__JAUNUI01,3.922436444
16111,g__JAUNUK01,3.048038677
16112,g__JAUNUQ01,3.012010099
16113,g__JAUNUZ01,2.480725642
16114,g__JAUNVC01,2.540816937
16115,g__JAUNVD01,2.790912835
16116,g__JAUNVH01,2.557967438
16117,g__JAUNVJ01,2.642642656
16118,g__JAUNVQ01,2.738710695
16119,g__JAUNVS01,2.113383094
16120,g__JAUNVW01,2.574174202
16121,g__JAUPKJ01,2.772100198
16122,g__JAUPKQ01,2.651943843
16123,g__JAUPKT01,2.723266171
16124,g__JAUPKU01,2.896848694
16125,g__JAUPLZ01,2.650504496
16126,g__JAUPTX01,1.933438854
16127,g__JAUPTZ01,2.349494106
16128,g__JAUPUJ01,1.65210141
16129,g__JAUPUN01,1.449707878
16130,g__JAUPVF01,1.698975427
16131,g__JAUPVJ01,1.744278083
16132,g__JAUPVL01,1.784590939
16133,g__JAUPVN01,1.886569737
16134,g__JAUPVO01,2.037377695
16135,g__JAUPVS01,2.347187591
16136,g__JAUPVU01,1.263312812
16137,g__JAUPWD01,2.059339379
16138,g__JAUQOX01,2.262355206
16139,g__JAUQPE01,1.916853789
16140,g__JAUQPO01,2.193602528
16141,g__JAUQPW01,3.531874573
16142,g__JAUQQG01,2.694252459
16143,g__JAUQQI01,2.228211989
16144,g__JAUQQM01,1.264470422
16145,g__JAUQWR01,3.148969674
16146,g__JAUQWW01,3.133590991
16147,g__JAUQXG01,2.972204182
16148,g__JAUQZZ01,2.372587268
16149,g__JAURDE01,2.99813097
16150,g__JAUREX01,2.467541581
16151,g__JAURFX01,2.097522593
16152,g__JAURLT01,2.355245822
16153,g__JAURMN01,2.34262444
16154,g__JAURND01,2.04532254
16155,g__JAURNZ01,2.076229814
16156,g__JAURVT01,2.988050526
16157,g__JAURWE01,4.105347916
16158,g__JAURWL01,2.459522003
16159,g__JAURZS01,2.938794316
16160,g__JAUSCH01,2.136612191
16161,g__JAUSCU01,1.825207112
16162,g__JAUSEB01,2.483540108
16163,g__JAUSEN01,1.706619121
16164,g__JAUSEW01,1.20053795
16165,g__JAUSFD01,1.951198765
16166,g__JAUSFE01,2.636703107
16167,g__JAUSFM01,2.134765471
16168,g__JAUSFV01,1.756692165
16169,g__JAUSGE01,1.706559261
16170,g__JAUSGG01,2.647124609
16171,g__JAUSGH01,1.682852552
16172,g__JAUSGO01,1.753967883
16173,g__JAUSGV01,2.107860192
16174,g__JAUSHB01,1.494235068
16175,g__JAUSHC01,1.674185222
16176,g__JAUSHJ01,2.383102714
16177,g__JAUSHK01,1.596502085
16178,g__JAUSHL01,1.782125569
16179,g__JAUSIC01,1.852671589
16180,g__JAUSIF01,2.653849239
16181,g__JAUSIH01,2.604709237
16182,g__JAUSII01,2.534480383
16183,g__JAUSIJ01,1.323951649
16184,g__JAUSIK01,1.945049164
16185,g__JAUSIQ01,1.473229878
16186,g__JAUSIS01,1.693245293
16187,g__JAUSIT01,1.869384691
16188,g__JAUSIY01,1.317144567
16189,g__JAUSJJ01,2.357414814
16190,g__JAUSJK01,1.571001361
16191,g__JAUSJM01,1.617076046
16192,g__JAUSJT01,1.684268329
16193,g__JAUSJU01,1.62331934
16194,g__JAUSJZ01,1.613939208
16195,g__JAUSKB01,1.625566186
16196,g__JAUSKC01,1.650117067
16197,g__JAUSKE01,2.090471978
16198,g__JAUSKF01,1.717994533
16199,g__JAUSKG01,1.455696415
16200,g__JAUSKH01,1.863088115
16201,g__JAUSKK01,2.170955028
16202,g__JAUSKT01,1.449450029
16203,g__JAUSKU01,2.601437385
16204,g__JAUSKZ01,1.525053204
16205,g__JAUSLA01,1.693990857
16206,g__JAUSNA01,1.529031559
16207,g__JAUSNC01,1.378685245
16208,g__JAUSOY01,3.336567424
16209,g__JAUSPI01,2.951329918
16210,g__JAUSPO01,2.752491015
16211,g__JAUTXP01,2.719536372
16212,g__JAUUDM01,2.205176861
16213,g__JAUUSJ01,4.025964378
16214,g__JAUUWJ01,1.778772357
16215,g__JAUUXD01,2.128103459
16216,g__JAUUYB01,1.647736427
16217,g__JAUUYH01,2.427300029
16218,g__JAUUYJ01,2.579470697
16219,g__JAUUYL01,2.607980094
16220,g__JAUUZA01,1.842926513
16221,g__JAUUZB01,3.77577869
16222,g__JAUUZQ01,2.386546327
16223,g__JAUUZT01,2.195500875
16224,g__JAUUZY01,2.105511529
16225,g__JAUVAN01,3.592606598
16226,g__JAUVAU01,2.860262136
16227,g__JAUVAV01,2.028068392
16228,g__JAUVAX01,2.851352489
16229,g__JAUVBB01,4.069657495
16230,g__JAUVBS01,2.376169502
16231,g__JAUVBU01,1.581668588
16232,g__JAUVCJ01,2.380551768
16233,g__JAUVCU01,2.696259535
16234,g__JAUVDT01,3.535970777
16235,g__JAUVDZ01,2.025792782
16236,g__JAUVFY01,2.111303392
16237,g__JAUVGS01,2.371318494
16238,g__JAUVGT01,3.023729161
16239,g__JAUVHP01,2.035727795
16240,g__JAUVHV01,1.686242293
16241,g__JAUVHW01,3.063496001
16242,g__JAUVIB01,2.219217084
16243,g__JAUVIJ01,2.061723747
16244,g__JAUVIW01,1.999385407
16245,g__JAUVJK01,1.528917616
16246,g__JAUVJM01,1.398744501
16247,g__JAUVJO01,2.680545015
16248,g__JAUVJU01,2.198959726
16249,g__JAUVJV01,2.349864445
16250,g__JAUVKA01,2.102629975
16251,g__JAUVKB01,2.215984323
16252,g__JAUVKC01,1.612075534
16253,g__JAUVKT01,2.316589773
16254,g__JAUVKU01,1.305119964
16255,g__JAUVMS01,3.049259791
16256,g__JAUVNZ01,2.395167143
16257,g__JAUVPB01,2.795313491
16258,g__JAUVPO01,2.09131942
16259,g__JAUVPY01,2.571284765
16260,g__JAUVPZ01,1.902964494
16261,g__JAUVQD01,2.399140037
16262,g__JAUVQL01,2.122262946
16263,g__JAUVQN01,1.763484175
16264,g__JAUVQU01,2.922748201
16265,g__JAUVQV01,1.728571468
16266,g__JAUVQW01,2.276264202
16267,g__JAUVRN01,2.270894704
16268,g__JAUVRU01,2.55108171
16269,g__JAUVRX01,2.622693963
16270,g__JAUVSA01,1.969997391
16271,g__JAUVSX01,2.432095586
16272,g__JAUVTV01,2.253021481
16273,g__JAUVUV01,2.043444712
16274,g__JAUVVB01,2.071819588
16275,g__JAUVVL01,2.704809702
16276,g__JAUVVP01,1.571191241
16277,g__JAUVVQ01,1.474467399
16278,g__JAUVVS01,1.84810687
16279,g__JAUVVT01,1.479970324
16280,g__JAUVWK01,2.8184949
16281,g__JAUVWM01,2.176230905
16282,g__JAUVWO01,2.291025854
16283,g__JAUVWW01,1.549825847
16284,g__JAUVXE01,2.407395955
16285,g__JAUVXJ01,2.824431855
16286,g__JAUVXM01,2.470248755
16287,g__JAUVXN01,2.382714098
16288,g__JAUVXS01,2.269278615
16289,g__JAUVXY01,1.847480179
16290,g__JAUVYC01,2.572919693
16291,g__JAUVYF01,2.270652634
16292,g__JAUVYG01,2.41549575
16293,g__JAUVYQ01,2.025971974
16294,g__JAUVYV01,1.858137127
16295,g__JAUVZA01,2.358235148
16296,g__JAUVZD01,2.322196886
16297,g__JAUVZE01,1.988580682
16298,g__JAUVZF01,2.161430971
16299,g__JAUVZL01,2.457247018
16300,g__JAUVZV01,2.263893493
16301,g__JAUVZX01,2.19166306
16302,g__JAUWAD01,2.882594624
16303,g__JAUWAE01,3.217878762
16304,g__JAUWAR01,1.83899006
16305,g__JAUWAU01,2.879950523
16306,g__JAUWAW01,1.613395472
16307,g__JAUWAY01,1.909742938
16308,g__JAUWBF01,2.599130151
16309,g__JAUWBL01,1.982140317
16310,g__JAUWCL01,2.126001665
16311,g__JAUWCW01,2.256011819
16312,g__JAUWDF01,2.030069661
16313,g__JAUWEX01,2.018934439
16314,g__JAUWFX01,2.467124652
16315,g__JAUWGC01,2.091707143
16316,g__JAUWGG01,2.083992261
16317,g__JAUWGL01,1.784571783
16318,g__JAUWGW01,1.819611066
16319,g__JAUWGZ01,2.238715155
16320,g__JAUWHN01,1.262303179
16321,g__JAUWHS01,1.897489503
16322,g__JAUWHT01,2.481149249
16323,g__JAUWHU01,2.607723463
16324,g__JAUWHW01,2.331022383
16325,g__JAUWHZ01,1.870864241
16326,g__JAUWIE01,2.017114541
16327,g__JAUWIG01,2.094637935
16328,g__JAUWIL01,2.216898178
16329,g__JAUWIN01,2.143449059
16330,g__JAUWIS01,1.954694141
16331,g__JAUWIU01,1.237763467
16332,g__JAUWIX01,2.195254928
16333,g__JAUWJC01,2.340454055
16334,g__JAUWJD01,2.516171468
16335,g__JAUWKC01,1.592230259
16336,g__JAUWKK01,2.175043499
16337,g__JAUWLF01,3.017629601
16338,g__JAUWLS01,0.7884568
16339,g__JAUWMI01,2.459194326
16340,g__JAUWMJ01,2.561584885
16341,g__JAUWMR01,3.291987588
16342,g__JAUWMV01,2.069944838
16343,g__JAUWNJ01,2.298007153
16344,g__JAUWNL01,1.765662982
16345,g__JAUWNP01,3.424725571
16346,g__JAUWNS01,2.235975646
16347,g__JAUWNT01,2.051868632
16348,g__JAUWNZ01,2.587589866
16349,g__JAUWOP01,2.428012451
16350,g__JAUWOX01,1.329192787
16351,g__JAUWPB01,1.710260312
16352,g__JAUWPF01,2.061726018
16353,g__JAUWPO01,2.265908644
16354,g__JAUWPV01,2.309010749
16355,g__JAUWPZ01,1.997092406
16356,g__JAUWQI01,2.39584805
16357,g__JAUWQU01,2.495968248
16358,g__JAUWRB01,2.735005246
16359,g__JAUWRC01,1.683885438
16360,g__JAUWSR01,2.462586232
16361,g__JAUWTD01,1.896486097
16362,g__JAUWTJ01,3.412964283
16363,g__JAUWTM01,3.150192564
16364,g__JAUWVG01,2.341748892
16365,g__JAUWWG01,2.308064262
16366,g__JAUWWH01,1.879275933
16367,g__JAUWWO01,1.607717343
16368,g__JAUWWU01,1.77463299
16369,g__JAUWWY01,1.650800062
16370,g__JAUWXC01,2.033655359
16371,g__JAUWXD01,1.784277243
16372,g__JAUWXH01,2.082709975
16373,g__JAUWXI01,1.677377449
16374,g__JAUWXJ01,2.410853925
16375,g__JAUWXM01,1.791589484
16376,g__JAUWXU01,1.727274208
16377,g__JAUWXV01,2.094423984
16378,g__JAUWXW01,2.39025397
16379,g__JAUWXZ01,1.769132392
16380,g__JAUWYA01,1.606032057
16381,g__JAUWYE01,2.42578269
16382,g__JAUWYH01,1.803418199
16383,g__JAUWYK01,2.552590613
16384,g__JAUWYM01,2.009549356
16385,g__JAUWYU01,2.123604339
16386,g__JAUWYX01,2.464760429
16387,g__JAUWZB01,2.057773322
16388,g__JAUWZD01,3.510541266
16389,g__JAUWZG01,2.054958689
16390,g__JAUWZH01,2.065677159
16391,g__JAUWZL01,1.838477573
16392,g__JAUWZS01,1.885052705
16393,g__JAUWZW01,1.913766529
16394,g__JAUWZY01,2.130858214
16395,g__JAUXAD01,1.804193535
16396,g__JAUXAE01,2.092994468
16397,g__JAUXAJ01,3.60120219
16398,g__JAUXAK01,1.693418218
16399,g__JAUXAL01,2.31749641
16400,g__JAUXAN01,2.28540457
16401,g__JAUXAO01,1.588137537
16402,g__JAUXAP01,2.000679385
16403,g__JAUXAV01,2.152471126
16404,g__JAUXAW01,1.060492542
16405,g__JAUXBD01,2.165382927
16406,g__JAUXBK01,2.50669923
16407,g__JAUXBQ01,1.909615993
16408,g__JAUXBS01,1.72688028
16409,g__JAUXBV01,2.708948935
16410,g__JAUXCD01,2.506945389
16411,g__JAUXCH01,3.521120306
16412,g__JAUXCJ01,2.559535635
16413,g__JAUXCK01,2.410415779
16414,g__JAUXDD01,2.649317105
16415,g__JAUXDF01,3.002526866
16416,g__JAUXEM01,2.996363633
16417,g__JAUXEW01,2.550296009
16418,g__JAUXFE01,1.657254595
16419,g__JAUXFF01,2.306801961
16420,g__JAUXFG01,2.726082285
16421,g__JAUXFJ01,1.819139866
16422,g__JAUXFK01,2.613162137
16423,g__JAUXFM01,2.271351773
16424,g__JAUXGA01,2.109312913
16425,g__JAUXGB01,1.656882337
16426,g__JAUXGF01,2.313649453
16427,g__JAUXGL01,3.29777105
16428,g__JAUXGM01,2.174355795
16429,g__JAUXGQ01,2.456144164
16430,g__JAUXHA01,3.302202269
16431,g__JAUXHF01,2.281470661
16432,g__JAUXHI01,2.021541957
16433,g__JAUXHQ01,2.62703421
16434,g__JAUXIB01,2.149833287
16435,g__JAUXIO01,2.383622597
16436,g__JAUXIP01,2.639782046
16437,g__JAUXIQ01,2.395817135
16438,g__JAUXIU01,1.958776766
16439,g__JAUXIZ01,1.605655834
16440,g__JAUXJB01,2.278306335
16441,g__JAUXJX01,2.499857368
16442,g__JAUXKD01,1.713768155
16443,g__JAUXKG01,2.854114179
16444,g__JAUXLW01,2.295131777
16445,g__JAUXNL01,3.469998662
16446,g__JAUXNU01,2.747538392
16447,g__JAUXOF01,2.24335345
16448,g__JAUXSJ01,2.369425065
16449,g__JAUXSK01,1.480453985
16450,g__JAUXSL01,2.050475493
16451,g__JAUXTS01,1.757462247
16452,g__JAUXUB01,1.829412685
16453,g__JAUXUR01,2.463433847
16454,g__JAUXWC01,4.268675575
16455,g__JAUXWO01,2.867597049
16456,g__JAUXXK01,2.480217514
16457,g__JAUXXX01,2.507392368
16458,g__JAUXYI01,2.438047118
16459,g__JAUXYJ01,4.852192136
16460,g__JAUXZG01,2.349696041
16461,g__JAUYAR01,2.528481825
16462,g__JAUYBE01,1.528662691
16463,g__JAUYCD01,2.52062785
16464,g__JAUYCU01,1.391935095
16465,g__JAUYCX01,2.167732602
16466,g__JAUYCY01,2.16959575
16467,g__JAUYDB01,1.840315596
16468,g__JAUYDJ01,2.311730371
16469,g__JAUYDO01,2.174132664
16470,g__JAUYDP01,2.582441596
16471,g__JAUYDU01,2.41828759
16472,g__JAUYEC01,1.712311242
16473,g__JAUYED01,1.816584329
16474,g__JAUYEE01,2.955613002
16475,g__JAUYEF01,3.190277448
16476,g__JAUYEG01,2.572261621
16477,g__JAUYFS01,1.645877289
16478,g__JAUYFZ01,2.268909597
16479,g__JAUYGA01,2.491646822
16480,g__JAUYGU01,2.274078094
16481,g__JAUYGZ01,2.14374384
16482,g__JAUYHA01,2.827278731
16483,g__JAUYHE01,1.925473961
16484,g__JAUYHP01,1.589587123
16485,g__JAUYHV01,2.401527634
16486,g__JAUYIB01,2.1762216
16487,g__JAUYID01,1.939731131
16488,g__JAUYIO01,1.65196814
16489,g__JAUYIT01,1.731879624
16490,g__JAUYIV01,2.427152928
16491,g__JAUYIW01,1.734620159
16492,g__JAUYIX01,1.722027572
16493,g__JAUYIZ01,3.55012284
16494,g__JAUYJB01,2.984655559
16495,g__JAUYJF01,1.690964518
16496,g__JAUYJR01,1.709792637
16497,g__JAUYJS01,1.336669561
16498,g__JAUYJT01,2.355498151
16499,g__JAUYJU01,1.865652734
16500,g__JAUYJX01,1.653635106
16501,g__JAUYKA01,1.193074366
16502,g__JAUYKD01,1.409908655
16503,g__JAUYKE01,1.583820267
16504,g__JAUYKG01,1.621035813
16505,g__JAUYKH01,1.388394323
16506,g__JAUYKI01,1.291044508
16507,g__JAUYKM01,1.387059422
16508,g__JAUYKR01,1.995562172
16509,g__JAUYKW01,1.720251249
16510,g__JAUYKX01,1.920521413
16511,g__JAUYKZ01,2.03479406
16512,g__JAUYLJ01,1.750053362
16513,g__JAUYLN01,1.632032133
16514,g__JAUYLU01,1.152972911
16515,g__JAUYLV01,1.511075987
16516,g__JAUYLZ01,1.66863632
16517,g__JAUYMC01,2.50374824
16518,g__JAUYME01,1.834110082
16519,g__JAUYMF01,2.26826548
16520,g__JAUYMI01,1.682170139
16521,g__JAUYMM01,1.409450339
16522,g__JAUYMQ01,2.893170668
16523,g__JAUYMS01,2.251191749
16524,g__JAUYPE01,1.788211685
16525,g__JAUYPG01,1.524320157
16526,g__JAUYPI01,1.643005496
16527,g__JAUYPJ01,2.080058403
16528,g__JAUYPR01,1.282699088
16529,g__JAUYPS01,1.429599462
16530,g__JAUYPT01,1.910191145
16531,g__JAUYPW01,1.716875965
16532,g__JAUYQE01,1.909660811
16533,g__JAUYQG01,2.579516488
16534,g__JAUYQP01,3.179120859
16535,g__JAUYQR01,3.161469177
16536,g__JAUYSE01,2.326504442
16537,g__JAUYSP01,2.59131202
16538,g__JAUYVH01,3.635961418
16539,g__JAUYVI01,4.203324315
16540,g__JAUZGC01,3.185357659
16541,g__JAUZOB01,1.70700159
16542,g__JAUZOH01,1.846422502
16543,g__JAUZOW01,2.170599406
16544,g__JAUZOY01,2.190476373
16545,g__JAUZPB01,3.325283788
16546,g__JAUZPC01,2.484375269
16547,g__JAUZPI01,3.822617369
16548,g__JAUZPL01,5.161503381
16549,g__JAUZPM01,2.352701411
16550,g__JAUZPN01,2.019601108
16551,g__JAUZPR01,3.175929234
16552,g__JAUZPX01,2.556230441
16553,g__JAUZPY01,2.180527769
16554,g__JAUZQZ01,2.598758962
16555,g__JAUZRG01,3.030039989
16556,g__JAUZRK01,2.129183959
16557,g__JAUZRS01,2.607309097
16558,g__JAUZRV01,3.347458974
16559,g__JAUZRW01,3.36474493
16560,g__JAVBXY01,3.425914372
16561,g__JAVDCA01,4.118343745
16562,g__JAVDDU01,2.915213015
16563,g__JAVEDB01,2.555670322
16564,g__JAVEDG01,2.729146949
16565,g__JAVEDQ01,2.606497442
16566,g__JAVEDU01,3.585087259
16567,g__JAVEEB01,2.588709478
16568,g__JAVEEJ01,2.352316859
16569,g__JAVHLK01,3.65384583
16570,g__JAVHLO01,2.764040086
16571,g__JAVHLY01,2.001203746
16572,g__JAVHLZ01,2.149337651
16573,g__JAVHMA01,2.091269184
16574,g__JAVHYF01,3.364744706
16575,g__JAVHYG01,2.007073932
16576,g__JAZXM01,3.145281809
16577,g__JAlOQK01,1.740336674
16578,g__JB111,2.560166873
16579,g__JC017,3.724025351
16580,g__JCM-19050,6.418840902
16581,g__JCM-19058,5.553016817
16582,g__JCVI-SCAAA005,3.00724925
16583,g__JG1575,3.406212896
16584,g__JGM124,4.455381223
16585,g__JJ008,3.018208651
16586,g__JL08,3.826770669
16587,g__JN-9,3.280476204
16588,g__JOPF074,3.220737578
16589,g__JOPF099,2.411267351
16590,g__JOPF133,4.013670114
16591,g__JOPF233,1.776005915
16592,g__JS7-9,4.555186228
16593,g__JSC-12,3.709762365
16594,g__JWKY01,1.896781834
16595,g__Janibacter,2.864418582
16596,g__Janibacter_A,2.266519533
16597,g__Jannaschia,3.297521408
16598,g__Janthinobacterium,6.81265522
16599,g__Jatrophihabitans,2.875004395
16600,g__Jatrophihabitans_A,3.25433169
16601,g__JdFR-07,1.928732326
16602,g__JdFR-19,2.006007758
16603,g__JdFR-22,2.484006013
16604,g__JdFR-37,2.504542911
16605,g__JdFR-41,2.612598836
16606,g__JdFR-42,2.598746843
16607,g__JdFR-43,2.204370121
16608,g__JdFR-45,1.958123767
16609,g__JdFR-47,2.086364253
16610,g__JdFR-54,2.105614828
16611,g__JdFR-56,2.343196766
16612,g__JdFR-76,2.515899176
16613,g__JdFR-78,2.237816592
16614,g__JdFR-80,2.236624697
16615,g__JdFR-81,2.197821979
16616,g__JdFR-85,2.453768158
16617,g__JdFR-86,2.370872441
16618,g__JdFR-88,2.129555946
16619,g__JdFR-95,2.246348839
16620,g__JdFR-97,2.962430936
16621,g__Jejubacter,5.472987493
16622,g__Jejuia,2.894538362
16623,g__Jeongeupia,4.08433991
16624,g__Jeotgalibaca,3.463695534
16625,g__Jeotgalibacillus,4.743640675
16626,g__Jeotgalicoccus,3.720131282
16627,g__Jeotgalicoccus_A,2.845625491
16628,g__Jettenia,3.260840374
16629,g__Jezberella,3.400488145
16630,g__Jhaorihella,3.274465938
16631,g__Jiangella,3.9324484
16632,g__Jidaibacter,2.318666046
16633,g__Jiella,3.915862146
16634,g__Jingweiarchaeum,1.600884214
16635,g__Jiulongibacter,3.940815049
16636,g__Johnevansia,1.68081446
16637,g__Johnsonella,2.831920838
16638,g__Jonesia,3.161719417
16639,g__Jongsikchunia,3.475542463
16640,g__Jonquetella,2.556320213
16641,g__Joostella,3.185554365
16642,g__Jordarchaeum,3.007511027
16643,g__Jutongia,3.356371604
16644,g__K23-9,4.424786508
16645,g__KA00134,2.616580064
16646,g__KA00274,2.435401456
16647,g__KACC-23026,4.430657229
16648,g__KAN-5,3.101276841
16649,g__KBS-83,2.949240286
16650,g__KBS-96,3.491203357
16651,g__KBS50,3.606822712
16652,g__KH17,2.696741339
16653,g__KK5,5.452213832
16654,g__KLAP105,2.377198442
16655,g__KLAP129,1.531507137
16656,g__KLAP162,2.791488192
16657,g__KLAP211,2.067902476
16658,g__KLAP22,3.521466815
16659,g__KM106-2,4.089734919
16660,g__KMM-3653,3.906389413
16661,g__KSS12,2.853322991
16662,g__KZCA124,3.438784602
16663,g__Kaelpia,1.609198216
16664,g__Kaiparowitsia,4.320867461
16665,g__Kaistella,3.624317159
16666,g__Kaistia,3.759595197
16667,g__Kallipyga,2.178225708
16668,g__Kallotenue,2.347364639
16669,g__Kalu-18,2.595824722
16670,g__Kamptonema,4.271475996
16671,g__Kandleria,2.858317779
16672,g__Kangiella,3.639521467
16673,g__Kangsaoukella,3.340198718
16674,g__Kapaibacterium,2.740313245
16675,g__Kappaea,1.517083738
16676,g__Kariarchaeum,2.549945935
16677,g__Kastovskya,3.326536523
16678,g__KatS3mg084,1.866775648
16679,g__KatS3mg085,1.572869743
16680,g__KatS3mg098,1.752948359
16681,g__Kaustia,3.443879419
16682,g__Kazan-3B-28,1.467005172
16683,g__Keratinibaculum,2.457743429
16684,g__Kerstersia,3.8717858
16685,g__Ketobacter,4.277555775
16686,g__Ketogulonicigenium,3.863244081
16687,g__Khoudiadiopia,2.654232598
16688,g__Kibdelosporangium,6.518148764
16689,g__Kiloniella,4.387025528
16690,g__Kineobactrum,3.514013795
16691,g__Kineococcus,3.090621898
16692,g__Kineosphaera,3.356784576
16693,g__Kineosporia,4.584361594
16694,g__Kineothrix,3.125894367
16695,g__Kinetoplastibacterium,1.983150888
16696,g__Kingella,3.409783646
16697,g__Kingella_A,4.056307642
16698,g__Kingella_B,3.9314741
16699,g__Kingella_C,3.006587575
16700,g__Kinneretia,4.706931415
16701,g__Kiritimatiella,1.722842616
16702,g__Kistimonas,4.104226142
16703,g__Kitasatospora,5.498762551
16704,g__Klebsiella,5.647411319
16705,g__Klenkia,3.218805214
16706,g__Klugiella,3.306971369
16707,g__Kluyvera,4.993818108
16708,g__Kmv02,2.153127507
16709,g__Kmv04,2.698270272
16710,g__Kmv16,2.372069315
16711,g__Kmv21,3.924172429
16712,g__Kmv29,2.038995358
16713,g__Kmv30,2.156023715
16714,g__Kmv31,1.912496395
16715,g__Kmv33,2.563394924
16716,g__Kmv34,2.192043466
16717,g__Kmv37,2.564748143
16718,g__Kmv38,2.081867196
16719,g__Kmv39,3.060428097
16720,g__Kmv42,2.626303034
16721,g__Knoellia,3.093415049
16722,g__Kocuria,3.022045397
16723,g__Koinonema,3.825832049
16724,g__Koleobacter,2.723444506
16725,g__Komagataeibacter,3.486644536
16726,g__Komarekiella,4.541667227
16727,g__Korarchaeum,2.078613365
16728,g__Kordia,4.094602229
16729,g__Kordiimonas,4.091060555
16730,g__Koribacter,3.690868352
16731,g__Kosakonia,5.197621341
16732,g__Kosmotoga,2.720055853
16733,g__Kosmotoga_B,2.365214401
16734,g__Kouleothrix,3.610530634
16735,g__Kozakia,3.454428258
16736,g__Kribbella,4.851057578
16737,g__Kribbia,3.036360967
16738,g__Kriegella,3.439787931
16739,g__Kroppenstedtia,3.150132495
16740,g__Kroppenstedtia_A,3.369496438
16741,g__Krumholzibacterium,2.487181156
16742,g__Kryptonium,2.098652758
16743,g__Ktedonobacter,6.561492752
16744,g__Ktedonosporobacter,6.151112716
16745,g__Kuenenia,3.044881867
16746,g__Kurthia,4.629976096
16747,g__Kushneria,3.37931933
16748,g__Kutchimonas,2.676629904
16749,g__Kutzneria,5.283934827
16750,g__Kyrpidia,2.581389619
16751,g__Kytococcus,2.749351801
16752,g__L1I39,3.85002144
16753,g__L227-5C,3.575665865
16754,g__L227-S17,3.596292303
16755,g__LB-PLM-3,3.795954084
16756,g__LB3-1,2.936141147
16757,g__LC-2,3.559323898
16758,g__LC-3,4.059333285
16759,g__LC2-1,3.018219262
16760,g__LC3-1,2.141384765
16761,g__LC5-1,2.363761394
16762,g__LC5-5,2.019973672
16763,g__LCBW01,1.63643464
16764,g__LCIL01,1.850542493
16765,g__LCKU01,1.683881179
16766,g__LCOC01,1.679162096
16767,g__LCPA01,1.221705171
16768,g__LD21,2.336554792
16769,g__LDC-1,3.62208567
16770,g__LDYB01,2.35719944
16771,g__LEGE-06147,3.725433044
16772,g__LEGE-07092,3.90619378
16773,g__LEGE-11386,4.083805564
16774,g__LFER01,3.045464089
16775,g__LFW-46,2.196645485
16776,g__LGRD01,3.402656299
16777,g__LGRT01,3.176387433
16778,g__LH-M37,2.990463434
16779,g__LJUQ01,2.65676051
16780,g__LKUD01,2.527093606
16781,g__LL51,2.314463323
16782,g__LLD-282,2.466949527
16783,g__LM3-B42,3.491182558
16784,g__LMDS01,3.500963022
16785,g__LMEP-10873,2.452786692
16786,g__LMEP-6097,2.532263496
16787,g__LMSL01,3.193845832
16788,g__LMUX01,4.28576046
16789,g__LMUY01,4.294557654
16790,g__LNEJ01,2.996516887
16791,g__LNNU-3342,3.774707383
16792,g__LNZQ01,2.820607517
16793,g__LPB0142,4.120033397
16794,g__LS-NOB,2.585073865
16795,g__LSCE01,3.350617485
16796,g__LSNR01,1.445998677
16797,g__LSUCC0057,2.954134116
16798,g__LVZB01,4.4471868
16799,g__LW23,3.698627576
16800,g__LW40-45,2.975643495
16801,g__LW60-42,3.98776822
16802,g__LZORAL124-50-18,2.953095411
16803,g__LZORAL124-64-63,3.100874147
16804,g__Labedaea,4.738321052
16805,g__Labedella,2.985158701
16806,g__Labilibaculum,3.259905656
16807,g__Labilithrix,4.983311618
16808,g__Labrys,4.918143748
16809,g__Laceyella,4.160135748
16810,g__Lachnoanaerobaculum,3.131498232
16811,g__Lachnobacterium,2.903456792
16812,g__Lachnoclostridium,3.913603766
16813,g__Lachnoclostridium_A,4.414097745
16814,g__Lachnoclostridium_B,3.552864158
16815,g__Lachnospira,3.220585216
16816,g__Lachnotalea,3.683734581
16817,g__Lacibacter,3.079085089
16818,g__Lacimicrobium,3.950418187
16819,g__Lacinutrix,3.070573824
16820,g__Lacipirellula,3.483307298
16821,g__Lacisediminihabitans,3.162083849
16822,g__Lacisediminimonas,3.492057992
16823,g__Lacrimispora,4.52944851
16824,g__Lacticaseibacillus,3.728353032
16825,g__Lacticigenium,3.09533623
16826,g__Lactiplantibacillus,4.159635253
16827,g__Lactobacillus,3.255483914
16828,g__Lactococcus,4.104478308
16829,g__Lactococcus_A,3.837495883
16830,g__Lactonifactor,4.997935823
16831,g__Lactovum,2.666574368
16832,g__Lacunisphaera,2.733763188
16833,g__Laedolimicola,3.803928337
16834,g__Lamprobacter,3.149460995
16835,g__Lamprocystis,4.544358703
16836,g__Lampropedia,3.491715971
16837,g__Lancefieldella,2.77601671
16838,g__Lapidilactobacillus,3.121908179
16839,g__Lapillicoccus,2.971576647
16840,g__Laribacter,3.052163608
16841,g__Larkinella,4.302089633
16842,g__Larsenimonas,3.675977166
16843,g__Laterigemmans,3.387954098
16844,g__Latescibacter,1.935956428
16845,g__Latilactobacillus,3.621753822
16846,g__Lautropia,2.877717485
16847,g__Lawsonella,2.506776544
16848,g__Lawsonibacter,3.185299057
16849,g__Lawsonibacter_A,3.697107151
16850,g__Leadbettera,2.386422374
16851,g__Leadbetterella,3.748869821
16852,g__Leaf443,3.225777668
16853,g__Lebetimonas,2.363647112
16854,g__Leclercia,5.476018998
16855,g__Leclercia_A,5.030822284
16856,g__Lederbergia,4.144389493
16857,g__Lederbergia_A,4.510770499
16858,g__Lederbergia_B,4.372441091
16859,g__Leeia,4.547061303
16860,g__Leekyejoonella,3.930390213
16861,g__Leeuwenhoekiella,3.275882969
16862,g__Legionella,3.275200431
16863,g__Legionella_A,2.827836969
16864,g__Legionella_B,3.090936473
16865,g__Legionella_C,3.28592342
16866,g__Legionella_D,2.71660453
16867,g__Leifsonia,3.30835179
16868,g__Leifsonia_A,3.224870305
16869,g__Leisingera,4.42993667
16870,g__Lelliottia,5.018676174
16871,g__Leminorella,4.511864351
16872,g__Lenti-01,1.824068633
16873,g__Lenti-02,1.95744822
16874,g__Lentibacillus,3.786782765
16875,g__Lentibacillus_A,3.823473029
16876,g__Lentibacillus_B,3.645567325
16877,g__Lentibacillus_C,4.099590762
16878,g__Lentibacter,3.339760883
16879,g__Lentihominibacter,3.143583539
16880,g__Lentilactobacillus,3.626989508
16881,g__Lentilitoribacter,4.202331223
16882,g__Lentimicrobium,2.83718279
16883,g__Lentimonas,2.974134982
16884,g__Lentiprolixibacter,2.680889454
16885,g__Lentisphaera,4.121016628
16886,g__Lentzea,5.405291387
16887,g__Lepagella,2.505588124
16888,g__Leptobacterium,3.825513893
16889,g__Leptodesmis,3.697499993
16890,g__Leptofilum,4.330389621
16891,g__Leptogranulimonas,2.716353732
16892,g__Leptolinea,3.10259809
16893,g__Leptolyngbya,4.303236946
16894,g__Leptolyngbya_A,4.455890836
16895,g__Leptonema,3.581770192
16896,g__Leptospira,3.660349231
16897,g__Leptospira_A,3.68040561
16898,g__Leptospira_B,3.76286672
16899,g__Leptospirillum,2.668883559
16900,g__Leptospirillum_A,3.558447257
16901,g__Leptothermofonsia,3.66665282
16902,g__Leptothoe,4.097790505
16903,g__Leptothrix,3.669028502
16904,g__Leptotrichia,2.764177055
16905,g__Leptotrichia_A,2.360904129
16906,g__Leptovillus,3.867515544
16907,g__Lernaella,3.031308248
16908,g__Leucobacter,3.444040276
16909,g__Leucobacter_A,3.692844954
16910,g__Leuconostoc,3.83950934
16911,g__Leuconostoc_B,3.754309732
16912,g__Leucothrix,3.451274112
16913,g__Levilactobacillus,4.37894358
16914,g__Levilinea,3.036626969
16915,g__Lewinella,4.279612243
16916,g__LiPW-15,1.999666656
16917,g__LiPW-41,1.78089924
16918,g__Liberibacter,2.360357127
16919,g__Liberimonas,2.374046896
16920,g__Lichenicoccus,3.286477935
16921,g__Lichenicola,3.027869191
16922,g__Lichenihabitans,4.137554063
16923,g__Lientehia,3.396414192
16924,g__Ligaoa,3.003370062
16925,g__Lightella,1.299867878
16926,g__Ligilactobacillus,3.58892756
16927,g__Lignipirellula,4.791462742
16928,g__Lihuaxuella,3.832338549
16929,g__Limadaptatus,2.214857027
16930,g__Limenecus,2.785134185
16931,g__Limibacillus,3.318938516
16932,g__Limicola,2.856201548
16933,g__Limihabitans,2.863940536
16934,g__Limihaloglobus,2.412838083
16935,g__Limimaricola,3.276864687
16936,g__Limimonas,2.562108811
16937,g__Limimorpha,2.590204126
16938,g__Limiplasma,2.680891048
16939,g__Limisalsivibrio,2.864105706
16940,g__Limisoma,2.370092734
16941,g__Limisphaera,2.150907188
16942,g__Limivicinus,3.020866177
16943,g__Limivivens,3.687517173
16944,g__Limnobacter,3.476747044
16945,g__Limnobaculum,4.13677327
16946,g__Limnochorda,2.335649502
16947,g__Limnocylindrus,2.050023324
16948,g__Limnofasciculus,3.993575378
16949,g__Limnoglobus,3.873538713
16950,g__Limnohabitans,3.018599449
16951,g__Limnohabitans_A,3.395631233
16952,g__Limnoraphis,3.903857514
16953,g__Limnospira,4.297741652
16954,g__Limnothrix,3.625330269
16955,g__Limnovirga,3.501598402
16956,g__Limobrevibacterium,3.605046932
16957,g__Limoniibacter,3.943872152
16958,g__Limosilactobacillus,3.888785389
16959,g__Limousia,2.875355655
16960,g__Lipingzhangella,4.056491039
16961,g__Liquorilactobacillus,3.06590343
16962,g__Lishizhenia,3.565552957
16963,g__Listeria,3.606080495
16964,g__Listeria_A,3.693969289
16965,g__Litchfieldella,3.901721274
16966,g__Litchfieldia,4.858470284
16967,g__Lithacetigena,2.137103859
16968,g__Litoreibacter,3.668232302
16969,g__Litoribacter,4.047186259
16970,g__Litoribacterium,3.617282243
16971,g__Litoribrevibacter,4.706151133
16972,g__Litorihabitans,2.774398571
16973,g__Litorilinea,3.057862238
16974,g__Litorilituus,4.481433053
16975,g__Litorimicrobium,3.797728875
16976,g__Litorimonas,3.268136487
16977,g__Litorirhabdus,3.856287394
16978,g__Litorivicinus,3.574469737
16979,g__Litorivita,3.732349725
16980,g__Litorivivens,3.691803573
16981,g__Loigolactobacillus,3.577800461
16982,g__Loki-b32,3.14710751
16983,g__Lokiarchaeum,4.07834738
16984,g__Loktanella,3.603653583
16985,g__Lolliginicoccus,3.10187803
16986,g__Lonepinella,3.165624162
16987,g__Longibacter,3.048543963
16988,g__Longibaculum,3.430239485
16989,g__Longicatena,3.208936889
16990,g__Longilinea,2.706929058
16991,g__Longimicrobium,3.131229444
16992,g__Longimonas,2.646314938
16993,g__Longimycelium,4.380564175
16994,g__Longirhabdus,3.470025513
16995,g__Longispora,5.055996805
16996,g__Lonsdalea,4.834381449
16997,g__Loosdrechtia,2.778949696
16998,g__Lottiidibacillus,4.222566562
16999,g__Lucifera,3.641995675
17000,g__Lujinxingia,3.453337255
17001,g__Luminiphilus,2.714458137
17002,g__Lunatimonas,3.62529713
17003,g__Luoshenia,2.726953052
17004,g__Lusitaniella,3.540430206
17005,g__Lustribacter,3.744592335
17006,g__Luteibacter,3.326543896
17007,g__Luteibaculum,3.155442314
17008,g__Luteimicrobium,2.829660077
17009,g__Luteimonas,2.629013129
17010,g__Luteimonas_B,2.363309506
17011,g__Luteimonas_C,2.913275922
17012,g__Luteimonas_D,2.681087186
17013,g__Luteimonas_E,2.984911544
17014,g__Luteipulveratus,3.552384363
17015,g__Luteirhabdus,3.370105702
17016,g__Luteitalea,2.851011623
17017,g__Luteithermobacter,3.280036831
17018,g__Luteococcus,3.04526041
17019,g__Luteolibacter,3.004496736
17020,g__Lutibacillus,2.78991455
17021,g__Lutibacter,2.484061906
17022,g__Lutibaculum,3.324977116
17023,g__Lutimaribacter,3.411607618
17024,g__Lutimonas,2.672695379
17025,g__Lutispora,2.877033436
17026,g__Luxibacter,3.76386936
17027,g__Lyngbya,3.499520163
17028,g__Lysinibacillus,5.915383558
17029,g__Lysinibacillus_B,6.080245056
17030,g__Lysinibacter,4.026646036
17031,g__Lysobacter,3.317497756
17032,g__Lysobacter_A,2.805871366
17033,g__Lysobacter_B,2.669853224
17034,g__Lysobacter_C,2.551529771
17035,g__Lysobacter_D,3.040182036
17036,g__Lysobacter_E,3.265246274
17037,g__Lysobacter_F,2.565161102
17038,g__Lysobacter_G,2.518990046
17039,g__Lysobacter_H,2.900802907
17040,g__M0027,2.824622261
17041,g__M0029,2.272274058
17042,g__M0040,2.981196645
17043,g__M0103,2.837850312
17044,g__M0108,3.485161682
17045,g__M0112,2.599029713
17046,g__M0603,3.501944682
17047,g__M1-B18,4.840406705
17048,g__M10-OD1-1,1.055978921
17049,g__M10-OD1-4,1.641570672
17050,g__M1803,4.686292908
17051,g__M1805,3.277416396
17052,g__M1806,3.59762039
17053,g__M2005,2.488575217
17054,g__M2408,3.137761169
17055,g__M2410,3.053882614
17056,g__M269,4.816001089
17057,g__M3,2.604464825
17058,g__M3-22,2.495897993
17059,g__M3003,4.781284731
17060,g__M3007,3.77815131
17061,g__M30B19,4.15712208
17062,g__M30B25,1.877751663
17063,g__M30B28,2.266055297
17064,g__M30B41,3.233630437
17065,g__M30B43,2.819277983
17066,g__M30B51,5.040568516
17067,g__M30B53,2.985858241
17068,g__M30B66,3.078082464
17069,g__M30B67,2.116559063
17070,g__M30B72,2.666463067
17071,g__M30B73,2.466852636
17072,g__M30B80,3.248808857
17073,g__M30B81,1.938101367
17074,g__M50B103,2.120178618
17075,g__M50B91,1.926859525
17076,g__M50B92,1.541153268
17077,g__M50B96,2.542303919
17078,g__M55A3,1.663148435
17079,g__M55B111,2.393743054
17080,g__M55B112,2.280647932
17081,g__M55B113,1.242179185
17082,g__M55B116,2.14819588
17083,g__M55B118,2.252774581
17084,g__M55B120,1.927229448
17085,g__M55B121,2.588097019
17086,g__M55B122,1.753917325
17087,g__M55B126,1.412249015
17088,g__M55B127,2.297365889
17089,g__M55B129,2.385041478
17090,g__M55B132,2.507762995
17091,g__M55B135,1.98250957
17092,g__M55B143,1.469891136
17093,g__M55B144,2.330108105
17094,g__M55B149,2.752118661
17095,g__M55B152,1.720838285
17096,g__M55B153,2.268479622
17097,g__M55B154,2.921087801
17098,g__M55B157,2.544278285
17099,g__M55B165,2.090926848
17100,g__M55B167,2.370930797
17101,g__M55B170,1.863351308
17102,g__M55B174,1.177617425
17103,g__M55B175,2.692420319
17104,g__M55B177,2.093669955
17105,g__M55B182,2.702899761
17106,g__M5B4,2.590077789
17107,g__M9B1D,2.275500749
17108,g__MA-ANB-1,3.142376682
17109,g__MAAG01,2.849005818
17110,g__MAAR01,2.809011923
17111,g__MAAV01,2.242228199
17112,g__MADRE1,3.031804445
17113,g__MADRE2,4.40201774
17114,g__MADRE3,3.516905444
17115,g__MAG-120531,2.817946856
17116,g__MAG-120802,2.555517821
17117,g__MAG-121220-bin8,1.705875001
17118,g__MB-PLM-1,3.528097864
17119,g__MB-PLM-2,3.213744794
17120,g__MB1-2,2.587313535
17121,g__MB11C04,2.382846979
17122,g__MB2-83,2.275651824
17123,g__MC1,2.631933566
17124,g__MCBC01,2.573750529
17125,g__MD308,3.492624897
17126,g__MED-G09,2.040918591
17127,g__MED-G10,1.885269097
17128,g__MED-G105,2.905898757
17129,g__MED-G107,1.348362169
17130,g__MED-G116,2.440262513
17131,g__MED-G13,1.540408515
17132,g__MED-G138,5.176675141
17133,g__MED-G14,1.484998404
17134,g__MED-G16,1.62004298
17135,g__MED-G17,1.934858504
17136,g__MED-G20,1.869966244
17137,g__MED-G21,2.293593056
17138,g__MED-G40,1.580914272
17139,g__MED-G52,2.500338515
17140,g__MED-G78,1.897728099
17141,g__MED-G82,1.959872927
17142,g__MED-G85,1.700979803
17143,g__MED660,3.110545286
17144,g__MED722,1.645792691
17145,g__MED727,1.571524334
17146,g__MEDG-81,1.918751438
17147,g__MES10,3.5256634
17148,g__MES13,3.199647023
17149,g__MESE01,4.055016913
17150,g__METF01,2.563894202
17151,g__MEUV01,1.474995932
17152,g__MEVN01,1.174960941
17153,g__MEX13ELK6-19,2.391359706
17154,g__MEYI01,1.524222867
17155,g__MFAQ01,2.030964016
17156,g__MFBF01,1.521291872
17157,g__MFBN01,1.384007365
17158,g__MFBO01,1.571152289
17159,g__MFBS3-17,3.850979336
17160,g__MFDM01,1.219857262
17161,g__MFGM01,1.928634338
17162,g__MFGW01,3.463738747
17163,g__MFHE01,1.38293479
17164,g__MFJZ01,1.216281934
17165,g__MFKM01,1.298867197
17166,g__MFNH01,1.476263324
17167,g__MFQB01,1.834970744
17168,g__MFSY01,1.815027488
17169,g__MFTL01,1.488928228
17170,g__MFUC01,1.941224978
17171,g__MFUP01,1.524385021
17172,g__MFWN01,2.220762832
17173,g__MFZZ01,1.682755333
17174,g__MGBC100174,2.961619466
17175,g__MGBC100798,2.250019293
17176,g__MGBC101980,2.397208974
17177,g__MGBC102946,2.306813056
17178,g__MGBC105563,1.71422252
17179,g__MGBC107952,2.342545212
17180,g__MGBC108787,1.962152711
17181,g__MGBC111451,3.037865687
17182,g__MGBC113645,2.886037154
17183,g__MGBC114079,2.657514017
17184,g__MGBC114844,2.893455004
17185,g__MGBC116941,2.744909017
17186,g__MGBC118957,2.751158237
17187,g__MGBC119817,1.999911663
17188,g__MGBC120314,3.894647272
17189,g__MGBC120929,2.275885593
17190,g__MGBC122484,2.528376015
17191,g__MGBC124762,2.117209028
17192,g__MGBC131033,3.261023446
17193,g__MGBC133411,2.670215364
17194,g__MGBC136627,3.005550188
17195,g__MGBC139354,1.794538493
17196,g__MGBC140009,2.76866834
17197,g__MGBC140090,2.227922685
17198,g__MGBC143601,1.972406636
17199,g__MGBC143606,3.179990593
17200,g__MGBC157735,1.961724015
17201,g__MGBC161649,2.875667054
17202,g__MGBC162267,1.872536564
17203,g__MGBC162581,2.014376982
17204,g__MGBC162888,2.149876812
17205,g__MGBC163016,2.541453346
17206,g__MGBC163490,2.753407091
17207,g__MGBC164599,3.019341647
17208,g__MGBC165282,2.664240212
17209,g__MGDU01,1.542121023
17210,g__MGIIa-I,2.123225612
17211,g__MGIIa-K1,3.127592365
17212,g__MGIIa-K2,2.434423689
17213,g__MGIIa-L1,2.846506327
17214,g__MGIIa-L2,2.822506799
17215,g__MGIIa-L3,2.568555119
17216,g__MGIIa-L4,3.09298983
17217,g__MGIIb-N1,2.172880883
17218,g__MGIIb-N2,2.560239182
17219,g__MGIIb-O1,2.576236164
17220,g__MGIIb-O2,2.459195718
17221,g__MGIIb-O3,2.185868616
17222,g__MGIIb-O5,2.217130337
17223,g__MGIIb-P,2.533946784
17224,g__MGIIb-Q1,2.542673401
17225,g__MGJZ01,1.451596637
17226,g__MGML01,2.804506526
17227,g__MGNI01,3.255478535
17228,g__MGOM01,2.95387828
17229,g__MGR-bin208,2.753250534
17230,g__MGR-bin340,2.69568513
17231,g__MH13,3.224329949
17232,g__MHEA01,3.013624262
17233,g__MHLB01,1.748099764
17234,g__MHLP01,2.035890914
17235,g__MHMH01,1.481553481
17236,g__MHYJ01,2.214578997
17237,g__MIBK01,2.948362304
17238,g__MIBM01,3.534360094
17239,g__MIT-9215,2.556200245
17240,g__MKRK01,2.653351002
17241,g__ML8-F1,3.703652533
17242,g__MLS-D,2.380398252
17243,g__MM1,3.119389839
17244,g__MM2,2.866654381
17245,g__MMGLQ5-1,3.574602406
17246,g__MMGLT7,2.878318317
17247,g__MNVX01,1.55637689
17248,g__MO66,3.06109646
17249,g__MONJU,2.68071791
17250,g__MP5-2226,3.491496504
17251,g__MP8T-1,3.202691465
17252,g__MPNL01,2.700115299
17253,g__MPNO01,3.378099463
17254,g__MPNP01,3.083572452
17255,g__MR-S7,4.38897111
17256,g__MS008,3.322803036
17257,g__MS024-2A,2.139755176
17258,g__MS499-59,2.366822605
17259,g__MS6,3.062531614
17260,g__MS8,3.095637825
17261,g__MSJ-26,3.735365574
17262,g__MSPOR6,3.232730772
17263,g__MT110,3.799983695
17264,g__MT45,3.369840438
17265,g__MTP4,3.167754717
17266,g__MUGG01,4.252747666
17267,g__MVCS01,1.563425841
17268,g__MVCY01,1.749968511
17269,g__MVQI01,2.59724624
17270,g__MVQL01,2.81319134
17271,g__MVRC01,2.709137568
17272,g__MVRE01,2.59298441
17273,g__MVRN01,2.431705347
17274,g__MVRV01,3.123120924
17275,g__MVYY01,1.503774802
17276,g__MVZB01,2.244358357
17277,g__MVZH01,2.032713676
17278,g__MVZN01,2.669681184
17279,g__MW101C3,2.843260778
17280,g__MWAK01,1.311122021
17281,g__MWAR01,3.29738569
17282,g__MWBF01,2.610091668
17283,g__MWBJ01,1.587027399
17284,g__MWBO01,1.422219159
17285,g__MWBV01,1.580277285
17286,g__MWBX01,1.527076262
17287,g__MWCF01,1.920383066
17288,g__MWCH01,0.9169552
17289,g__MWCJ01,1.9895479
17290,g__MWCK01,1.985665034
17291,g__MWCM01,1.836105326
17292,g__MWCO01,4.130356426
17293,g__MWCQ01,2.403150758
17294,g__MWCR01,1.806678654
17295,g__MWCT01,1.98334524
17296,g__MWCU01,2.662955158
17297,g__MWCZ01,2.250595725
17298,g__MWDC01,1.026436428
17299,g__MWDD01,3.022132601
17300,g__MWDF01,2.316575747
17301,g__MWDO01,2.727256952
17302,g__MWDR01,2.8794879
17303,g__MWDT01,2.465822311
17304,g__MWDV01,2.387573363
17305,g__MWEH01,1.917309909
17306,g__MWEI01,2.632124034
17307,g__MWEM01,2.47601708
17308,g__MWEV01,2.824632073
17309,g__MWFE01,2.235503893
17310,g__MWFF01,2.855881737
17311,g__MWH-TA3,2.660879032
17312,g__MYW30-H2,4.135435648
17313,g__MYXO,2.557544569
17314,g__MYbin3,2.845631114
17315,g__Macellibacteroides,2.872276025
17316,g__Macondimonas,2.402076163
17317,g__Macrococcus,4.793380456
17318,g__Macrococcus_B,3.900474886
17319,g__Macromonas,2.795129639
17320,g__Mageeibacillus,2.341375784
17321,g__Magnetaquicoccus,3.242930059
17322,g__Magnetobacterium,2.91825416
17323,g__Magnetococcus,3.52866976
17324,g__Magnetocorallium,3.824276996
17325,g__Magnetofaba,3.364936473
17326,g__Magnetominusculus,2.712252809
17327,g__Magnetomorum,3.600304993
17328,g__Magnetospira,3.215780787
17329,g__Magnetospirillum,3.650711208
17330,g__Magnetovibrio,3.597625886
17331,g__Mahella,1.951642819
17332,g__Mailhella,3.139897461
17333,g__Maioricimonas,3.956400542
17334,g__Makaraimicrobium,1.537761494
17335,g__Malaciobacter,3.043053559
17336,g__Malaciobacter_A,3.335742739
17337,g__Malacoplasma,2.193492667
17338,g__Malacoplasma_A,2.22868658
17339,g__Maledivibacter,4.087229872
17340,g__Maliibacterium,2.808579963
17341,g__Malikia,4.205386751
17342,g__Maliponia,3.929319253
17343,g__Malonomonas,3.157031047
17344,g__Mameliella,4.455297568
17345,g__Mammaliicoccus,3.772582146
17346,g__Mancarchaeum,1.695936842
17347,g__Manganitrophus,3.228550787
17348,g__Mangrovactinospora,3.496408561
17349,g__Mangrovibacillus,4.62033363
17350,g__Mangrovibacter,4.709945909
17351,g__Mangrovibacterium,3.346185337
17352,g__Mangrovicella,3.549486084
17353,g__Mangrovicoccus,4.908049482
17354,g__Mangrovimonas,3.018891818
17355,g__Mangrovimonas_A,3.324921156
17356,g__Mangrovitalea,3.766036117
17357,g__Mangrovivirga,3.930430024
17358,g__Mannheimia,3.293982749
17359,g__Margalitia,5.410885146
17360,g__Maribacillus,4.551231656
17361,g__Maribacter,3.321077628
17362,g__Maribacter_A,3.141064156
17363,g__Maribacter_B,2.828985157
17364,g__Maribacter_C,3.22964304
17365,g__Maricaulis,3.32082704
17366,g__Marichromatium,2.906935173
17367,g__Maricicauda_A,2.553677557
17368,g__Maridesulfovibrio,3.433097262
17369,g__Marihabitans,2.602386283
17370,g__Mariluticola,3.142653984
17371,g__Marimonas,3.506978875
17372,g__Marimonas_A,3.464757278
17373,g__Marinacidobacterium,2.647930914
17374,g__Marinactinospora,4.020625056
17375,g__Marinagarivorans,3.487261539
17376,g__Marinarcus,4.076918845
17377,g__MarineAlpha4-Bin1,3.112576136
17378,g__MarineAlpha5-Bin12,1.86956742
17379,g__MarineAlpha5-Bin3,1.709917597
17380,g__MarineAlpha5-Bin7,1.888732281
17381,g__MarineAlpha9-Bin2,1.971424957
17382,g__Marinibacterium,4.346709702
17383,g__Marinibactrum,3.947058157
17384,g__Mariniblastus,3.420859929
17385,g__Marinicauda,3.009214473
17386,g__Marinicella,3.143760345
17387,g__Marinifaba,4.4999776
17388,g__Marinifilum,3.685248643
17389,g__Mariniflexile,2.787915839
17390,g__Marinilabilia,2.4468845
17391,g__Marinilactibacillus,3.414621095
17392,g__Marinimicrobium,3.17877067
17393,g__Marinimicrobium_A,3.113902311
17394,g__Marininema,3.958177866
17395,g__Mariniphaga,2.673652381
17396,g__Mariniplasma,2.547734334
17397,g__Mariniradius,3.913478742
17398,g__Marinirhabdus,3.251773024
17399,g__Marinisoma,1.730483527
17400,g__Marinisporobacter,3.285663985
17401,g__Marinitenerispora,3.81056732
17402,g__Marinithermofilum,3.866610223
17403,g__Marinithermus,2.234249929
17404,g__Marinitoga,2.429068482
17405,g__Marinobacter,3.928014401
17406,g__Marinobacter_A,4.278106948
17407,g__Marinobacterium,4.079500134
17408,g__Marinobacterium_A,4.879072419
17409,g__Marinobacterium_B,5.256146728
17410,g__Marinobacterium_C,4.698831015
17411,g__Marinobacterium_D,4.637301366
17412,g__Marinobacterium_E,3.73354962
17413,g__Marinococcus,3.865747073
17414,g__Marinomonas,4.226341542
17415,g__Marinoscillum,3.955967411
17416,g__Marinospirillum,3.267153128
17417,g__Marinovum,4.195225874
17418,g__Mariprofundus,3.043925554
17419,g__Marisediminicola,2.850749691
17420,g__Marisimplicoccus,1.658752301
17421,g__Marispirochaeta,3.478600705
17422,g__Maritalea,4.202748194
17423,g__Marithrix,2.434719633
17424,g__Maritimibacter,3.764641673
17425,g__Marivariicella,1.91709429
17426,g__Marivibrio,3.227918443
17427,g__Marivirga,3.380378998
17428,g__Marivita,3.853464259
17429,g__Marivivens,4.127065552
17430,g__Marixanthomonas,3.004042426
17431,g__Marmoricola,3.142410003
17432,g__Marmoricola_A,2.884184427
17433,g__Marortus,3.934741754
17434,g__Marseille-P2935,3.48931985
17435,g__Marseille-P3160,2.425275433
17436,g__Marseille-P3662,3.892469897
17437,g__Martelella,4.205446811
17438,g__Marvinbryantia,3.151587382
17439,g__Massilibacillus,4.019847856
17440,g__Massilibacterium,4.071799593
17441,g__Massilibacteroides,2.666470169
17442,g__Massilicoli,3.25145573
17443,g__Massiliimalia,3.355550383
17444,g__Massilioclostridium,2.908266276
17445,g__Massilistercora,3.464584143
17446,g__Mastigocladopsis,3.887367287
17447,g__Mastigocoleus,4.779042597
17448,g__Mawsoniella,2.341753421
17449,g__Mcinerneyibacterium,2.408034903
17450,g__Mechercharimyces,3.475023787
17451,g__MedAcidi-G1,2.38054193
17452,g__MedAcidi-G2B,2.230134863
17453,g__MedAcidi-G3,2.572371179
17454,g__MedPE-SWsnd-G2,2.869016228
17455,g__Mediannikoviicoccus,2.427065125
17456,g__Mediterraneibacter,3.506012878
17457,g__Mediterraneibacter_A,3.14798161
17458,g__Megaera,2.07762229
17459,g__Megalodesulfovibrio,2.874285512
17460,g__Megamonas,3.09322145
17461,g__Megasphaera,3.566558785
17462,g__Megasphaera_A,3.014596841
17463,g__Megasphaera_C,2.351041644
17464,g__Meinhardsimonia,2.664046038
17465,g__Meiothermus,2.821210275
17466,g__Melaminivora,2.924605831
17467,g__Melaminivora_A,3.575687318
17468,g__Melghiribacillus,3.92763245
17469,g__Melghirimyces,3.270365179
17470,g__Melioribacter,2.107912803
17471,g__Melissococcus,2.35197426
17472,g__Melittangium,5.163576602
17473,g__Membranihabitans,3.069773879
17474,g__Merdenecus,2.482202209
17475,g__Merdibacter,3.217576318
17476,g__Merdicola,1.799829113
17477,g__Merdimmobilis,3.726580231
17478,g__Merdimonas,3.642817613
17479,g__Merdimorpha,2.422674108
17480,g__Merdiplasma,3.513197643
17481,g__Merdivicinus,2.890936747
17482,g__Merdivivens,2.418061481
17483,g__Merdousia,2.185000984
17484,g__Mergibacter,2.800626012
17485,g__Meridianibacter,2.200665072
17486,g__Meridianimaribacter,2.904312963
17487,g__Meridianimarinicoccus,3.471889153
17488,g__Merismopedia,3.87148609
17489,g__Mesenet,2.635053533
17490,g__Mesoaciditoga,2.255850156
17491,g__Mesobacillus,5.788213494
17492,g__Mesobacillus_A,5.313304236
17493,g__Mesobacterium,4.281467618
17494,g__Mesocricetibacter,3.230448783
17495,g__Mesoflavibacter,2.431733165
17496,g__Mesomycoplasma,2.453504599
17497,g__Mesomycoplasma_A,2.389601223
17498,g__Mesonia,2.979043408
17499,g__Mesonia_A,2.853245651
17500,g__Mesoplasma,2.796876926
17501,g__Mesorhizobium,4.738583651
17502,g__Mesorhizobium_A,3.899583361
17503,g__Mesorhizobium_B,3.548285874
17504,g__Mesorhizobium_D,4.08275265
17505,g__Mesorhizobium_F,4.314808341
17506,g__Mesorhizobium_G,3.706676622
17507,g__Mesorhizobium_H,4.000503993
17508,g__Mesorhizobium_I,4.019609911
17509,g__Mesosutterella,3.547359996
17510,g__Mesotoga,2.427194942
17511,g__Metabacillus,5.281989506
17512,g__Metabacillus_B,5.683256548
17513,g__Metabacillus_C,5.36608861
17514,g__Metabacillus_D,5.28767104
17515,g__Metalachnospira,3.942937754
17516,g__Metallibacterium,2.449100147
17517,g__Metallococcus,3.039847932
17518,g__Metallosphaera,2.687235423
17519,g__Metalysinibacillus,4.160848778
17520,g__Metamycoplasma,2.438052437
17521,g__Metaruminococcus,2.60149719
17522,g__Metaruminococcus_A,2.510248467
17523,g__Metasolibacillus,5.317706586
17524,g__Methanarcanum,3.130705459
17525,g__Methanimicrococcus,2.965736779
17526,g__Methanobacterium,2.794021527
17527,g__Methanobacterium_A,2.528360448
17528,g__Methanobacterium_B,2.845147743
17529,g__Methanobacterium_C,2.576841914
17530,g__Methanobacterium_D,2.803365946
17531,g__Methanobacterium_E,2.801257348
17532,g__Methanobacterium_F,2.418598681
17533,g__Methanobrevibacter,3.104709925
17534,g__Methanobrevibacter_A,3.042926463
17535,g__Methanobrevibacter_B,2.304006464
17536,g__Methanobrevibacter_C,2.166440336
17537,g__Methanobrevibacter_D,2.378255323
17538,g__Methanobrevibacter_E,2.317829624
17539,g__Methanocalculus,2.56611615
17540,g__Methanocaldococcus,2.420617884
17541,g__Methanocaldococcus_A,2.070202011
17542,g__Methanocella,2.800137995
17543,g__Methanocella_A,3.252172296
17544,g__Methanococcoides,2.851815202
17545,g__Methanococcus,3.356985829
17546,g__Methanocomedens,2.491315375
17547,g__Methanocorpusculum,2.928073561
17548,g__Methanocrinis,2.419315633
17549,g__Methanoculleus,2.689237289
17550,g__Methanoculleus_A,2.98009502
17551,g__Methanodesulfokores,2.35761508
17552,g__Methanofastidiosum,2.360768302
17553,g__Methanofervidicoccus,2.001166628
17554,g__Methanofollis,2.754583985
17555,g__Methanogaster,2.406141281
17556,g__Methanogenium,3.0151954
17557,g__Methanogranum,2.56109069
17558,g__Methanohalarchaeum,2.642580921
17559,g__Methanohalobium,2.594186839
17560,g__Methanohalophilus,2.502990253
17561,g__Methanolacinia,3.135493167
17562,g__Methanolinea_A,2.481506928
17563,g__Methanolinea_B,2.749475583
17564,g__Methanoliparum,2.252015344
17565,g__Methanolliviera,2.278869398
17566,g__Methanolobus,2.978684726
17567,g__Methanomarinus,2.791628269
17568,g__Methanomassiliicoccus,2.804360155
17569,g__Methanomassiliicoccus_A,2.671411075
17570,g__Methanomethylicus,1.919425137
17571,g__Methanomethylophilus,2.681119697
17572,g__Methanomethylovorans,2.63886132
17573,g__Methanomicrobium,2.966419458
17574,g__Methanonatronarchaeum,2.22328272
17575,g__Methanoperedens,2.800547653
17576,g__Methanoperedens_A,2.531721233
17577,g__Methanoplanus,3.380254894
17578,g__Methanoplasma,2.233509515
17579,g__Methanopyrus,2.341233858
17580,g__Methanoregula,3.01496922
17581,g__Methanosalsum,2.264861118
17582,g__Methanosarcina,3.193491231
17583,g__Methanosphaera,2.418014664
17584,g__Methanosphaerula,2.692495674
17585,g__Methanospirare,2.2676383
17586,g__Methanospirillum,3.211268085
17587,g__Methanosuratincola,1.934621443
17588,g__Methanothermobacter,2.362115848
17589,g__Methanothermobacter_A,2.255662712
17590,g__Methanothermococcus,2.8304159
17591,g__Methanothermococcus_A,2.526104715
17592,g__Methanothermus,1.843564215
17593,g__Methanothrix,2.576015172
17594,g__Methanothrix_B,2.267745925
17595,g__Methanotorris,2.881994927
17596,g__Methanoxibalbensis,2.355630958
17597,g__Methermicoccus,2.117481911
17598,g__Methylacidimicrobium,2.231715086
17599,g__Methylacidiphilum,2.243823051
17600,g__Methylacidithermus,2.425258157
17601,g__Methylibium,3.146868929
17602,g__Methylicorpusculum,4.444153015
17603,g__Methylobacillus,3.637455865
17604,g__Methylobacter,5.748917216
17605,g__Methylobacter_A,4.310206921
17606,g__Methylobacter_B,3.744144062
17607,g__Methylobacter_C,3.1697091
17608,g__Methylobacterium,4.08640906
17609,g__Methylobrevis,3.56987611
17610,g__Methylobrevis_A,3.219481667
17611,g__Methylocaldum,4.048241797
17612,g__Methyloceanibacter,2.687852797
17613,g__Methylocella,3.123318731
17614,g__Methylococcus,2.983932069
17615,g__Methylocystis,3.290096318
17616,g__Methyloferula,3.342143881
17617,g__Methylogaea,3.696266937
17618,g__Methyloglobulus,3.294245112
17619,g__Methylohalobius,2.574946577
17620,g__Methylohalomonas,2.793316214
17621,g__Methyloligella,2.799523733
17622,g__Methylomagnum,4.003567369
17623,g__Methylomarinum,3.73088939
17624,g__Methylomicrobium,3.847889145
17625,g__Methylomirabilis,2.438891676
17626,g__Methylomonas,4.322868789
17627,g__Methylomusa,3.417644465
17628,g__Methylonatrum,2.672452043
17629,g__Methylophaga,3.254854993
17630,g__Methylophilus,3.592844324
17631,g__Methylophosphatis,3.187743546
17632,g__Methylopila,3.099345493
17633,g__Methyloprofundus,3.168994139
17634,g__Methylopumilus,2.110209033
17635,g__Methylopumilus_A,2.596628926
17636,g__Methyloradius,3.113078944
17637,g__Methylosarcina,3.995897729
17638,g__Methylosinus,3.37190761
17639,g__Methylospira,3.431138012
17640,g__Methylotenera,3.144923589
17641,g__Methylotenera_A,2.763640041
17642,g__Methyloterricola,3.279008882
17643,g__Methylotetracoccus,2.760137254
17644,g__Methylotuvimicrobium,3.798208362
17645,g__Methyloversatilis,3.500679764
17646,g__Methylovirgula,2.480009428
17647,g__Methylovorus,4.147506186
17648,g__Methylovulum,3.714365945
17649,g__Methylumidiphilus,4.129684296
17650,g__Mf105b01,3.577039266
17651,g__Micavibrio,3.079957736
17652,g__Micavibrio_A,2.942435684
17653,g__Micavibrio_B,2.813439481
17654,g__Micavibrio_C,3.066697086
17655,g__Micrarchaeum,1.763267058
17656,g__Micrarchaeum_A,1.933766266
17657,g__Microaerobacter,3.33509666
17658,g__Microbacter,1.918207702
17659,g__Microbacterium,3.080299931
17660,g__Microbacterium_A,3.408543174
17661,g__Microbispora,4.692536854
17662,g__Microbispora_A,4.533245819
17663,g__Microbulbifer,3.834540065
17664,g__Microcella,2.440326367
17665,g__Micrococcus,2.558274946
17666,g__Microcoleus,4.22203524
17667,g__Microcystis,3.787441952
17668,g__Microgenomatus_A,1.455836862
17669,g__Microgenomatus_B,1.526372461
17670,g__Microlunatus,3.39833846
17671,g__Microlunatus_A,3.733422412
17672,g__Microlunatus_B,4.193479925
17673,g__Microlunatus_C,2.966792294
17674,g__Micromonospora,3.922902764
17675,g__Micromonospora_E,3.868231704
17676,g__Micromonospora_G,4.572735952
17677,g__Micromonospora_H,4.457538725
17678,g__Micromonospora_I,3.175867367
17679,g__Micropelagos,2.447747611
17680,g__Micropruina,2.888027467
17681,g__Microsaccharimonas,2.221521111
17682,g__Microscilla,5.746374369
17683,g__Microseira,5.145947105
17684,g__Microterricola,4.032727956
17685,g__Microtetraspora,5.345537711
17686,g__Microthrix,3.26808548
17687,g__Microvenator,4.447214631
17688,g__Microvirga,4.474947375
17689,g__Microvirgula,4.226379886
17690,g__Midichloria,2.238760185
17691,g__Mikella,1.787818282
17692,g__Millisia,3.497538466
17693,g__Miltoncostaea,2.330495499
17694,g__Minicystis,7.249149813
17695,g__Miniimonas,2.237731856
17696,g__Miniphocaeibacter,2.876478093
17697,g__Minwuia,3.414966324
17698,g__Mitsuaria,4.850731251
17699,g__Mitsuokella,3.266205267
17700,g__Mixta,5.114880625
17701,g__Mizugakiibacter,2.39462515
17702,g__MnB-11,3.669297349
17703,g__MnTg02,2.945455363
17704,g__MnTg04,2.679513062
17705,g__Mnemosynella,2.167857113
17706,g__Moanabacter,2.446499219
17707,g__Mobilicoccus,2.911106671
17708,g__Mobilisporobacter,3.726438369
17709,g__Mobilitalea,3.404718069
17710,g__Mobiluncus,2.837609923
17711,g__Modestobacter,3.211440268
17712,g__Modicisalibacter,3.518976049
17713,g__Moduliflexus,4.30232966
17714,g__Moellerella,4.095257356
17715,g__Mogibacterium,3.215021757
17716,g__Mogibacterium_A,3.912982611
17717,g__Moheibacter,2.885052465
17718,g__Mojavia,4.674065953
17719,g__Monaibacterium,3.857544462
17720,g__Monashia,3.145855099
17721,g__Mongoliibacter,3.611599924
17722,g__Mongoliimonas,3.344511576
17723,g__Mongoliitalea,3.846185808
17724,g__Monoglobus,2.414177642
17725,g__Moorella,2.539315117
17726,g__Moorena,4.436121797
17727,g__Mor1,3.391816103
17728,g__Moranella,2.021923829
17729,g__Moraxella,3.713219496
17730,g__Moraxella_A,3.800510205
17731,g__Moraxella_C,2.861752675
17732,g__Morganella,4.688056726
17733,g__Moritella,4.655058691
17734,g__Moryella,3.228028852
17735,g__Motilibacter,2.526130382
17736,g__Motilibacter_A,2.994304395
17737,g__Motilimonas,5.143514395
17738,g__Motiliproteus,4.410579966
17739,g__Mt11,2.629812388
17740,g__Mucilaginibacter,3.923385678
17741,g__Mucilaginibacter_A,2.834100711
17742,g__Mucinivorans,2.374792213
17743,g__Mucisphaera,1.670040722
17744,g__Mucispirillum,2.92777231
17745,g__Muiribacterium,2.892793879
17746,g__Multiplicimicrobium,2.131561657
17747,g__Multivorans,2.887425035
17748,g__Mumia,3.236151836
17749,g__Murdochiella,2.194600397
17750,g__Muribacter,4.285406401
17751,g__Muribaculum,2.393690335
17752,g__Muricauda_A,2.834290333
17753,g__Muricomes,4.403472361
17754,g__Muricoprocola,3.854424282
17755,g__Muriicola,2.802091391
17756,g__Muriiphilus,3.242166807
17757,g__Murimonas,4.434082093
17758,g__Murinocardiopsis,4.383851966
17759,g__Musicola,4.788191974
17760,g__Mxb001,2.517017336
17761,g__Myceligenerans,2.867897406
17762,g__Mycetocola,4.004466916
17763,g__Mycetocola_A,3.405216581
17764,g__Mycetocola_B,3.168319009
17765,g__Mycetohabitans,2.73476724
17766,g__Mycoavidus,2.518928516
17767,g__Mycobacterium,3.940225382
17768,g__Mycoplana,4.68337076
17769,g__Mycoplasma,2.572036046
17770,g__Mycoplasma_H,2.308615961
17771,g__Mycoplasma_J,2.398439945
17772,g__Mycoplasma_K,2.859014783
17773,g__Mycoplasma_L,2.275126199
17774,g__Mycoplasma_M,2.215346797
17775,g__Mycoplasma_N,2.931388236
17776,g__Mycoplasma_O,2.120800757
17777,g__Mycoplasmoides,2.293175643
17778,g__Mycoplasmopsis,2.797438498
17779,g__Mycoplasmopsis_A,2.681894541
17780,g__Mycoplasmopsis_B,2.681121197
17781,g__Mycosynbacter,1.983737316
17782,g__Myxacorys,3.790971465
17783,g__Myxococcus,5.313532595
17784,g__Myxosarcina,4.293948377
17785,g__N074bin45,2.587195253
17786,g__N074bin48,2.09184343
17787,g__N075bin58,3.2701964
17788,g__N075bin62,2.693867991
17789,g__NAK19,2.591279262
17790,g__NAK82,2.496663912
17791,g__NAT127,3.183843934
17792,g__NBLH01,2.928524274
17793,g__NBLI01,2.30137765
17794,g__NBLK01,1.766428157
17795,g__NBLS01,1.860427319
17796,g__NBML01,4.064327426
17797,g__NBRC-107566,3.570147487
17798,g__NBRC-107688,5.301743512
17799,g__NC2004,3.306824544
17800,g__NCED01,2.690173059
17801,g__NCEH01,3.779300307
17802,g__NEAU-GS5,5.356678919
17803,g__NHYM01,2.029054844
17804,g__NHYN01,2.32691709
17805,g__NIC37A-2,3.461306551
17806,g__NICIL-2,2.150005589
17807,g__NIES-3974,3.264369753
17808,g__NIES-981,2.766177595
17809,g__NIOZ-UU106,2.291207157
17810,g__NIOZ-UU13,2.57235118
17811,g__NIOZ-UU35,3.094827691
17812,g__NK3A76,3.411093715
17813,g__NK4A136,3.074084552
17814,g__NK4A144,2.73352518
17815,g__NM3,2.326289125
17816,g__NMUJ01,1.606157641
17817,g__NORP110,2.929261455
17818,g__NORP139,3.231990838
17819,g__NORP154,2.843297066
17820,g__NORP165,2.14120202
17821,g__NORP181,3.923965614
17822,g__NORP215,2.549000791
17823,g__NORP233,4.90280197
17824,g__NORP240,3.096474735
17825,g__NORP241,4.883596908
17826,g__NORP243,2.836878017
17827,g__NORP259,3.309973604
17828,g__NORP267,3.184637064
17829,g__NORP286,2.222991661
17830,g__NORP293,2.084492317
17831,g__NORP294,2.986821928
17832,g__NORP309,3.180622368
17833,g__NORP312,2.452481214
17834,g__NORP316,1.931534564
17835,g__NORP324,4.880834703
17836,g__NORP342,2.277617455
17837,g__NORP36,3.503768054
17838,g__NP-4,2.573440901
17839,g__NP-7,2.553966837
17840,g__NP1466,1.489772686
17841,g__NP936,3.041268336
17842,g__NPL-UPA2,1.798689972
17843,g__NS-11,2.430035132
17844,g__NS-12,2.250142738
17845,g__NS-4,2.742567085
17846,g__NS-7,2.538172357
17847,g__NSF051,4.815977323
17848,g__NVQY01,3.338958491
17849,g__NVTR01,3.009843964
17850,g__NZ13-RE01,1.581314727
17851,g__NZBF01,1.489166002
17852,g__NZNC01,3.434063328
17853,g__NZQO01,3.077498642
17854,g__NZWG01,1.996446221
17855,g__Naasia,2.67316121
17856,g__Nafulsella,3.5865166
17857,g__Naiadarchaeum,1.894383175
17858,g__Naka2016,2.166705096
17859,g__Nakamurella,3.470703387
17860,g__Nanchangia,2.34359792
17861,g__Nannocystis,5.364985554
17862,g__Nanoanaerosalina,1.873215478
17863,g__Nanobdella,1.563377017
17864,g__Nanoclepta,1.432238665
17865,g__Nanogingivalis,2.134164309
17866,g__Nanohalalkaliarchaeum,2.188548029
17867,g__Nanohalobium,2.524734981
17868,g__Nanopelagicus,2.41762443
17869,g__Nanoperiomorbus,1.638039002
17870,g__Nanopusillus,1.376281405
17871,g__Nanosalina,2.138258816
17872,g__Nanosalinarum,1.939214739
17873,g__Nanosynbacter,2.066993589
17874,g__Nanosyncoccus,1.640578137
17875,g__NaphS2,3.779413026
17876,g__Nardonella,0.992741964
17877,g__Natranaerobius,2.819497213
17878,g__Natranaerobius_A,2.871990929
17879,g__Natranaerofaba,2.886771741
17880,g__Natranaerovirga,3.241473244
17881,g__Natrarchaeobaculum,3.006044292
17882,g__Natrarchaeobius,3.339183289
17883,g__Natrialba,3.494146903
17884,g__Natribacillus,3.117695419
17885,g__Natribaculum,3.475773574
17886,g__Natrinema,3.52896398
17887,g__Natroniella,2.570231523
17888,g__Natronincola,3.420970879
17889,g__Natronincola_A,3.348672274
17890,g__Natronoarchaeum,3.135349401
17891,g__Natronobacillus,3.241008432
17892,g__Natronobacterium,3.398094738
17893,g__Natronobeatus,3.395213002
17894,g__Natronobiforma,2.828466953
17895,g__Natronocalculus,3.599724032
17896,g__Natronocella,3.366379481
17897,g__Natronococcus,3.551610889
17898,g__Natronoflexus,2.370301898
17899,g__Natronoglycomyces,3.558808102
17900,g__Natronogracilivirga,2.738289888
17901,g__Natronolimnobius,3.406518668
17902,g__Natronolimnohabitans,3.66049188
17903,g__Natronomonas,2.724093782
17904,g__Natrononativus,3.125460364
17905,g__Natronoplasma,2.511128632
17906,g__Natronorubrum,3.501182474
17907,g__Natronospira,2.75086885
17908,g__Natronospirillum,3.649684565
17909,g__Natronosporangium,3.176185194
17910,g__Naumannella,2.892798229
17911,g__Nautilia,2.83146564
17912,g__Ndongobacter,2.316897486
17913,g__Nealson33H,1.535611344
17914,g__Necropsobacter,3.532472986
17915,g__Negativibacillus,3.806259316
17916,g__Negativicoccus,2.122379903
17917,g__Neiella,4.069947794
17918,g__Neisseria,3.885153581
17919,g__Neoactinobaculum,2.306698371
17920,g__Neoanaerotignum,3.901237592
17921,g__Neoanaerotignum_A,3.177165235
17922,g__Neoasaia,3.13188712
17923,g__Neobacillus,5.879865946
17924,g__Neobacillus_A,5.705962587
17925,g__Neobittarella,3.407478855
17926,g__Neochlamydia,2.901298393
17927,g__Neochristensenella,2.429514683
17928,g__Neoclostridium,2.291763034
17929,g__Neoehrlichia,2.156789208
17930,g__Neofamilia,2.509533714
17931,g__Neokomagataea,3.222556368
17932,g__Neolewinella,3.469683852
17933,g__Neomegalonema,3.235808865
17934,g__Neomicrococcus,3.204776605
17935,g__Neorhizobium,4.780583635
17936,g__Neorickettsia,2.446141712
17937,g__Neoroseomonas,3.432073371
17938,g__Neoruminococcus,2.851407037
17939,g__Neosynechococcus,3.581766749
17940,g__Neotabrizicola,3.546098796
17941,g__Neptunicella,4.036191444
17942,g__Neptuniibacter,4.312451024
17943,g__Neptunitalea,2.760792022
17944,g__Neptunochlamydia,2.188974932
17945,g__Neptunomonas,4.205764098
17946,g__Nereida,3.431777024
17947,g__Nesciobacter,1.724383709
17948,g__Nesterenkonia,3.111404348
17949,g__Nevskia,3.343382081
17950,g__Niabella,3.701339485
17951,g__Niallia,5.465989656
17952,g__Niastella,4.502973875
17953,g__Nibribacter,4.858309682
17954,g__Nibricoccus,2.094894855
17955,g__Nicoletella,3.158452559
17956,g__Nicoliella,3.600664335
17957,g__Nioella,3.645206585
17958,g__Nisaea,3.73897628
17959,g__Nitratidesulfovibrio,3.304474016
17960,g__Nitratifractor,2.469059115
17961,g__Nitratireductor,3.817348349
17962,g__Nitratireductor_A,3.514683324
17963,g__Nitratireductor_C,3.886287899
17964,g__Nitratireductor_D,3.733330097
17965,g__Nitratiruptor,2.496952833
17966,g__Nitricoxidireducens,2.882223108
17967,g__Nitricoxidivorans,2.745428904
17968,g__Nitriliruptor,3.568093371
17969,g__Nitrincola,3.822911512
17970,g__Nitritalea,4.864841521
17971,g__Nitrobacter,3.38048807
17972,g__Nitrobium,2.879446837
17973,g__Nitrococcus,2.970420357
17974,g__Nitrogeniibacter,3.82238955
17975,g__Nitrohelix,2.813799198
17976,g__Nitrolancea,2.735319002
17977,g__Nitromaritima,2.456183926
17978,g__Nitronauta,2.880746533
17979,g__Nitrosacidococcus,2.169498598
17980,g__Nitrosarchaeum,2.339002042
17981,g__Nitrosarchaeum_A,2.488784313
17982,g__Nitrosocaldus,2.176451058
17983,g__Nitrosococcus,3.038449784
17984,g__Nitrosocosmicus,3.04495074
17985,g__Nitrosoglobus,2.281569522
17986,g__Nitrosomonas,3.33122803
17987,g__Nitrosopelagicus,1.965384095
17988,g__Nitrosophilus,2.349499576
17989,g__Nitrosophilus_A,2.22537842
17990,g__Nitrosopolaris,3.302108346
17991,g__Nitrosopumilus,2.379202019
17992,g__Nitrososphaera,2.454781263
17993,g__Nitrosospira,2.729963802
17994,g__Nitrosotalea,2.467949584
17995,g__Nitrosotenuis,2.527751229
17996,g__Nitrosothermus,2.26959821
17997,g__Nitrospina,2.63769969
17998,g__Nitrospira_A,3.430903985
17999,g__Nitrospira_C,3.009636688
18000,g__Nitrospira_D,3.234049861
18001,g__Nitrospira_G,3.300160459
18002,g__Nitrospirillum,4.528911061
18003,g__Nitrosymbiomonas,2.577535734
18004,g__Nitrotoga,2.820478897
18005,g__Niveibacterium,3.534461616
18006,g__Niveispirillum,4.576099419
18007,g__Njordarchaeum,2.802241818
18008,g__Njordarchaeum_A,2.18665928
18009,g__Nocardia,5.142817847
18010,g__Nocardioides,3.34817724
18011,g__Nocardioides_A,2.573785096
18012,g__Nocardioides_B,3.144864625
18013,g__Nocardioides_C,2.931209541
18014,g__Nocardiopsis,4.251265706
18015,g__Nocardiopsis_A,4.2529285
18016,g__Nocardiopsis_B,3.823111873
18017,g__Nocardiopsis_C,3.977203085
18018,g__Nocardiopsis_D,3.987415436
18019,g__Noda2021,2.567067824
18020,g__Nodosilinea,3.869785101
18021,g__Nodularia,3.564976352
18022,g__Nonlabens,3.05373541
18023,g__Nonomuraea,6.17354723
18024,g__Nordella,4.415165144
18025,g__Norongarragalina,1.901112097
18026,g__Nosocomiicoccus,3.094393516
18027,g__Nostoc,4.891859492
18028,g__Nostoc_B,4.480919339
18029,g__Notoacmeibacter,3.2824948
18030,g__Novacetimonas,3.250523139
18031,g__Novibacillus,3.018939743
18032,g__Noviherbaspirillum,4.25996598
18033,g__Noviherbaspirillum_A,4.754027335
18034,g__Novimethylophilus,3.662080357
18035,g__Novipirellula,4.508745806
18036,g__Novispirillum,4.660141835
18037,g__Novisyntrophococcus,3.014402685
18038,g__Novosphingobium,3.556053893
18039,g__Novosphingopyxis,2.921218801
18040,g__Nriv7,2.653787646
18041,g__Nucleicultrix,2.592056929
18042,g__Numidum,2.997794484
18043,g__Nyctobacter,2.377626006
18044,g__O2-01-FULL-39-8,1.519585083
18045,g__O2-01-FULL-48-27b,1.668209379
18046,g__O2-02-FULL-42-17,1.626568268
18047,g__O2-02-FULL-42-9,1.652045907
18048,g__O2-02-FULL-48-8,1.609938916
18049,g__O2-02-FULL-57-9,2.346722225
18050,g__O2-12-FULL-27-8,1.591244445
18051,g__O2-12-FULL-42-9,1.9685097
18052,g__O2-12-FULL-43-9,2.476027381
18053,g__O2-12-FULL-44-13,1.530146178
18054,g__O2-12-FULL-45-9,1.599325217
18055,g__O2-12-FULL-45-9-A,1.809338319
18056,g__O2-12-FULL-49-9,1.855907657
18057,g__O2-12-FULL-51-8,1.457096936
18058,g__O2-12-FULL-59-9,2.079018306
18059,g__O2-FULL-52-10,1.858560776
18060,g__OACT-916,3.426013896
18061,g__OAS926,3.719637888
18062,g__OCS116,3.993544052
18063,g__OEQK01,4.497939684
18064,g__OESV01,5.131339575
18065,g__OFTM100,3.622663225
18066,g__OFTM12,2.288527257
18067,g__OFTM128,3.066515398
18068,g__OFTM174,3.177990679
18069,g__OFTM209,3.663707334
18070,g__OFTM220,3.595596138
18071,g__OFTM221,3.322281962
18072,g__OFTM247,3.752650753
18073,g__OFTM250,3.24788523
18074,g__OFTM258,3.178069676
18075,g__OFTM281,3.396056251
18076,g__OFTM285,3.328766698
18077,g__OFTM291,2.71306772
18078,g__OFTM303,3.634463895
18079,g__OFTM321,3.198404609
18080,g__OFTM34,3.265385704
18081,g__OFTM347,2.596592066
18082,g__OFTM348,5.580471114
18083,g__OFTM371,3.096709904
18084,g__OFTM373,2.602979082
18085,g__OFTM382,2.614637904
18086,g__OFTM391,2.913195332
18087,g__OFTM43,3.413399076
18088,g__OFTM49,3.253909489
18089,g__OFTM57,3.033876146
18090,g__OFTM59,1.936494559
18091,g__OFTM74,2.423250774
18092,g__OFTM77,3.898545054
18093,g__OHK22,3.839754654
18094,g__OHK40,3.616143391
18095,g__OLB10,2.591863526
18096,g__OLB11,3.069952659
18097,g__OLB16,2.730349193
18098,g__OLB17,3.053228775
18099,g__OLB19,2.19970975
18100,g__OLB20,2.588849656
18101,g__OLB21,1.808129502
18102,g__OLB22,2.008698617
18103,g__OLB23,1.740635211
18104,g__OLB4,2.132573881
18105,g__OLB5,2.744531752
18106,g__OLB6,2.448354935
18107,g__OLB7,3.016551258
18108,g__OLB9,3.321440425
18109,g__OLZORAL124-38-8,2.055091181
18110,g__OM05-12,2.751929242
18111,g__OMHY01,2.817742561
18112,g__OMII01,3.137466796
18113,g__OMIS01,2.5559603
18114,g__OMIW01,2.598501316
18115,g__OMJI01,2.240721743
18116,g__OMJO01,2.006134472
18117,g__OMJR01,2.227676961
18118,g__OMOG01,5.26058909
18119,g__OMPR01,4.87738315
18120,g__OMSK01,2.09581703
18121,g__OPU3-GD-OMZ,2.343752297
18122,g__OSU-TB39,1.849314589
18123,g__OWC5,2.69599176
18124,g__OXYB2-FULL-32-7,1.57565578
18125,g__OXYB2-FULL-41-6,1.562891659
18126,g__OXYB2-FULL-48-7,2.016520219
18127,g__OXYB2-FULL-48-7-A,1.885142787
18128,g__OXYB2-FULL-49-7,3.082396255
18129,g__OXYD1-FULL-39-9,1.601854385
18130,g__Obscuribacter,4.188297136
18131,g__Obscuribacterium,2.100316255
18132,g__Occallatibacter,2.802889342
18133,g__Occidentia,2.012206752
18134,g__Occultella,3.459332398
18135,g__Oceanibacillus_A,3.673818248
18136,g__Oceanibacterium,3.508730893
18137,g__Oceanibaculum,3.285506085
18138,g__Oceanicaulis,2.961104337
18139,g__Oceanicella,2.923711232
18140,g__Oceanicoccus,3.899395523
18141,g__Oceanicola,3.266482818
18142,g__Oceanidesulfovibrio,3.244917041
18143,g__Oceaniferula,2.946162635
18144,g__Oceaniglobus,3.456048985
18145,g__Oceanihabitans,2.987855646
18146,g__Oceanimonas,4.686887911
18147,g__Oceanipulchritudo,2.310605914
18148,g__Oceanirhabdus,4.160050441
18149,g__Oceanisphaera,4.27108558
18150,g__Oceanispirochaeta,3.650578344
18151,g__Oceanitalea,2.424097963
18152,g__Oceanithermus,2.251627124
18153,g__Oceanivirga,1.939946464
18154,g__Oceanobacillus,4.367659966
18155,g__Oceanobacter,4.213140212
18156,g__Oceanococcus,3.241485804
18157,g__Oceanomicrobium,3.357553195
18158,g__Oceanospirillum,4.22626931
18159,g__Oceanotoga,2.654067917
18160,g__Ochrobactrum,4.723358611
18161,g__Ochrobactrum_A,4.521753672
18162,g__Ochrobactrum_B,4.157208587
18163,g__Ochrobactrum_C,4.346421358
18164,g__Ochrovirga,2.390445343
18165,g__Octadecabacter,3.99792325
18166,g__Oculatella,4.206339535
18167,g__Odinarchaeum,2.044248203
18168,g__Odoribacter,2.806697915
18169,g__Odyssella,3.395411326
18170,g__Oecophyllibacter,2.421660161
18171,g__Oenococcus,2.597829576
18172,g__Oerskovia,3.301154191
18173,g__Of7-15,5.610959886
18174,g__Oharaeibacter,3.175593533
18175,g__Ohtaekwangia,4.132038021
18176,g__Oikeobacillus,4.53330081
18177,g__Okeania,4.985358387
18178,g__Okibacterium,3.237501496
18179,g__Olegusella,2.789566253
18180,g__Oleiagrimonas,2.610446699
18181,g__Oleibacter,3.937329721
18182,g__Oleidesulfovibrio,3.601399317
18183,g__Oleiliquidispirillum,3.986322975
18184,g__Oleimmundimicrobium,2.153766056
18185,g__Oleiphilus,5.0937399
18186,g__Oleisolibacter,3.609325308
18187,g__Oleispira,3.855938784
18188,g__Oligella,2.962361979
18189,g__Oligoflexus,4.320228616
18190,g__Oligosphaera,1.838584948
18191,g__Oliverpabstia,3.721990301
18192,g__Olivibacter,4.012615814
18193,g__Olleya,2.804402424
18194,g__Olsenella,2.537437613
18195,g__Olsenella_D,2.389388435
18196,g__Olsenella_F,2.633701077
18197,g__Olsenella_G,2.766310808
18198,g__Olsenella_H,2.713833671
18199,g__Olsenella_I,2.733113316
18200,g__OmCyn01,2.524272423
18201,g__Omnitrophus,1.934051299
18202,g__Omnitrophus_A,2.466484126
18203,g__Onishia,3.503910316
18204,g__Onthenecus,2.802808785
18205,g__Onthocola_A,3.900543974
18206,g__Onthocola_B,1.988854291
18207,g__Onthomonas,2.962252338
18208,g__Onthomorpha,2.071790566
18209,g__Onthoplasma,2.279179527
18210,g__Onthousia,2.266913444
18211,g__Onthovicinus,2.132776622
18212,g__Onthovivens,2.04613856
18213,g__Opacimonas,3.401709151
18214,g__Opi-474,2.54062564
18215,g__Opimibacter,3.162653894
18216,g__Opitutus,2.490401868
18217,g__Orbus,3.292933578
18218,g__Orenia,3.1341912
18219,g__Oribacterium,4.022974625
18220,g__Oricola,3.879981104
18221,g__Orientia,2.709706236
18222,g__Ornithinibacillus_A,3.852141643
18223,g__Ornithinibacter,2.7739569
18224,g__Ornithinicoccus,3.355627519
18225,g__Ornithinicoccus_A,2.655599637
18226,g__Ornithinimicrobium,2.74083795
18227,g__Ornithinimicrobium_A,3.37064439
18228,g__Ornithobacterium,2.699262501
18229,g__Ornithoclostridium,2.39966708
18230,g__Ornithomonoglobus,2.783519291
18231,g__Ornithomonoglobus_A,3.157391942
18232,g__Ornithospirochaeta,2.960134282
18233,g__Orrella,4.361055102
18234,g__Oryzicola,4.027453387
18235,g__Oryzihumus,3.604999492
18236,g__Oryzisolibacter,3.547534575
18237,g__Oryzomicrobium,3.765251324
18238,g__Oryzomonas,3.211431351
18239,g__Oscillatoria,3.925708081
18240,g__Oscillibacter,3.452966698
18241,g__Oscillochloris,3.183423396
18242,g__Ostreibacterium,2.615392145
18243,g__Otariodibacter,2.611271778
18244,g__Otoolea,4.632883333
18245,g__Ottowia,3.096807168
18246,g__Owenweeksia,3.287403261
18247,g__Oxalicibacterium,3.592321895
18248,g__Oxalobacter,2.775432421
18249,g__Oxobacter,3.817271244
18250,g__Oxydemutator,1.911873439
18251,g__Ozemobacter,3.431602807
18252,g__P52-10,4.214686327
18253,g__PALG01,3.387011632
18254,g__PALSA-1003,2.764764811
18255,g__PALSA-1004,3.539105102
18256,g__PALSA-1005,3.791462405
18257,g__PALSA-1006,3.153350493
18258,g__PALSA-1081,4.785034641
18259,g__PALSA-1104,4.730719312
18260,g__PALSA-1152,4.490501911
18261,g__PALSA-1153,3.954991527
18262,g__PALSA-1176,3.162206287
18263,g__PALSA-1178,2.49187845
18264,g__PALSA-1180,2.883729172
18265,g__PALSA-1196,3.027824893
18266,g__PALSA-129,3.803316591
18267,g__PALSA-1295,3.124781813
18268,g__PALSA-1296,3.086763719
18269,g__PALSA-1316,2.784347768
18270,g__PALSA-1332,1.191584372
18271,g__PALSA-1335,2.320678982
18272,g__PALSA-1336,2.101583351
18273,g__PALSA-1337,2.473513956
18274,g__PALSA-1353,2.698238715
18275,g__PALSA-1355,3.491326748
18276,g__PALSA-1396,3.812674898
18277,g__PALSA-1440,4.093759064
18278,g__PALSA-1444,2.229935998
18279,g__PALSA-188,3.410688506
18280,g__PALSA-243,5.722718016
18281,g__PALSA-270,3.23394619
18282,g__PALSA-278,3.106129548
18283,g__PALSA-350,2.67220179
18284,g__PALSA-457,2.770509064
18285,g__PALSA-505,4.576002762
18286,g__PALSA-555,2.568884021
18287,g__PALSA-600,2.486419212
18288,g__PALSA-607,3.245903482
18289,g__PALSA-610,3.219832132
18290,g__PALSA-612,2.348959098
18291,g__PALSA-647,2.585633066
18292,g__PALSA-660,2.24916259
18293,g__PALSA-688,3.615115071
18294,g__PALSA-693,3.016618327
18295,g__PALSA-743,2.872215167
18296,g__PALSA-747,2.908442285
18297,g__PALSA-894,3.882660392
18298,g__PALSA-911,3.561321739
18299,g__PALSA-926,2.582891802
18300,g__PALSA-967,3.49817652
18301,g__PALSA-968,2.935221021
18302,g__PB-SRB1,3.590921565
18303,g__PBB1,3.087261076
18304,g__PC08-66,3.437150005
18305,g__PCC-10605,3.10477704
18306,g__PCC-6303,4.289251658
18307,g__PCC-6304,3.980059663
18308,g__PCC-6312,3.039012796
18309,g__PCC-6406,3.517005693
18310,g__PCC-6802,3.837809188
18311,g__PCC-7336,3.773127011
18312,g__PCC-7367,3.211942708
18313,g__PCC-7407,3.677538236
18314,g__PCC-7502,3.015749842
18315,g__PCC-9228,3.415533733
18316,g__PCC9605,3.967048901
18317,g__PCPOR2b,3.498553846
18318,g__PCRC01,3.062902348
18319,g__PCWY01,2.145143405
18320,g__PCXY01,2.109810128
18321,g__PCYB01,1.82011847
18322,g__PD-1,5.202853632
18323,g__PDOX01,1.89025897
18324,g__PETJ01,1.462771686
18325,g__PEUE01,1.115631445
18326,g__PEVX01,1.8693213
18327,g__PEXW01,1.414347461
18328,g__PEYC01,1.899246783
18329,g__PEYH01,1.648716689
18330,g__PEYW01,1.041071447
18331,g__PEZG01,1.094197507
18332,g__PEZQ01,1.952162298
18333,g__PFCU01,1.440987059
18334,g__PFCY01,2.026367666
18335,g__PFDC01,1.925883622
18336,g__PFDW01,1.316135299
18337,g__PFEE01,1.062938334
18338,g__PFEM01,0.75429977
18339,g__PFJX01,3.339605822
18340,g__PFL25,2.794504409
18341,g__PFL42,2.55862856
18342,g__PFMI01,1.710401576
18343,g__PGCK01,3.932378829
18344,g__PGEI01,3.48764703
18345,g__PGXB01,2.732076969
18346,g__PGXY01,4.89525752
18347,g__PGYE01,1.585198855
18348,g__PGYQ01,1.469012843
18349,g__PGYR01,2.728810378
18350,g__PGYT01,3.079627405
18351,g__PGYU01,2.737475039
18352,g__PGYV01,2.226947048
18353,g__PGZD01,3.311565687
18354,g__PGZG01,2.979780257
18355,g__PH2015,3.571875553
18356,g__PH28-bin88,3.565859833
18357,g__PHAA01,2.47444715
18358,g__PHAD01,2.614217847
18359,g__PHAE01,2.759551211
18360,g__PHAN01,1.991071436
18361,g__PHBD01,3.337450096
18362,g__PHBI01,4.160200957
18363,g__PHBP01,2.500206837
18364,g__PHBQ01,2.754406065
18365,g__PHCI01,3.386584824
18366,g__PHEG01,2.893340666
18367,g__PHET01,2.859640096
18368,g__PHOS-HE28,3.028966488
18369,g__PIVM01,4.230068948
18370,g__PIVW01,4.058269961
18371,g__PIVX01,2.698416715
18372,g__PIVZ01,3.965282985
18373,g__PIWD01,2.435723923
18374,g__PIYA01,1.947824091
18375,g__PIYB01,1.865337374
18376,g__PIYF01,1.849994859
18377,g__PIYN01,2.071153949
18378,g__PJMF01,1.443802607
18379,g__PJMG01,1.263537839
18380,g__PKUG01,3.154541733
18381,g__PKWO01,3.71864513
18382,g__PKXF01,1.948050711
18383,g__PL-Br10-E2g29,2.02735139
18384,g__PL-Br10-U2g16,2.51021411
18385,g__PLA2,2.750777162
18386,g__PLA3,2.755218933
18387,g__PLA4,3.144563054
18388,g__PLA5,3.879054895
18389,g__PLOWO2-12-38-17,2.212701417
18390,g__PLOWO2-12-39-15,2.073600939
18391,g__PLYP01,1.940967508
18392,g__PLZL01,2.679806016
18393,g__PLanc-01,2.872259578
18394,g__PMG-095,4.116586868
18395,g__PMMR1,2.530258674
18396,g__PMNU01,2.416921553
18397,g__PMP191F,3.825445558
18398,g__PN-J185,2.567411331
18399,g__PNAI01,2.946232263
18400,g__PNC21,3.038976622
18401,g__PNC22,2.750548692
18402,g__PNEW01,2.148732738
18403,g__PNJM01,2.817323344
18404,g__PNKC01,3.06671076
18405,g__PNKE01,2.947659468
18406,g__PNKF01,2.410384892
18407,g__PNKL01,2.296747823
18408,g__PNKZ01,3.96551164
18409,g__PNMQ01,2.353071293
18410,g__PNNF01,2.328230858
18411,g__PNNG01,3.033893922
18412,g__PNNM01,1.975680011
18413,g__PNNN01,2.374997545
18414,g__PNNO01,1.915923537
18415,g__PNNP01,1.932457728
18416,g__PNOF01,2.724479919
18417,g__PNOJ01,2.246257431
18418,g__PNOM01,2.781574619
18419,g__PNON01,2.372633806
18420,g__PNOQ01,1.508812826
18421,g__PPGL01,1.558931876
18422,g__PPXY01,2.585793755
18423,g__PR03,2.544733587
18424,g__PRDT01,1.668380735
18425,g__PRDV01,2.259270108
18426,g__PRO5,2.858223547
18427,g__PRO6,2.388735334
18428,g__PRS1,2.444429834
18429,g__PRT-SC02,1.607475106
18430,g__PRUG,1.560663629
18431,g__PSPM01,1.672901283
18432,g__PSPT01,2.752989442
18433,g__PSRF01,3.251320054
18434,g__PSRH01,2.728748511
18435,g__PSRJ01,4.032034762
18436,g__PSRM01,4.490908063
18437,g__PSRN01,3.635898633
18438,g__PSRQ01,2.08634303
18439,g__PTET01,2.518248515
18440,g__PTKB01,2.92746837
18441,g__PTKQ01,1.412651391
18442,g__PTKV01,1.786516029
18443,g__PTLJ01,2.164033647
18444,g__PUIC01,3.642702553
18445,g__PUKE01,2.2006089
18446,g__PUKZ01,2.355403703
18447,g__PUMD01,2.831369979
18448,g__PUML01,2.528296417
18449,g__PUMT01,2.470712662
18450,g__PUMX01,2.134286883
18451,g__PUMZ01,2.15585921
18452,g__PUNB01,1.957453015
18453,g__PUNC01,1.974968312
18454,g__PUND01,2.082180118
18455,g__PUNJ01,2.899702647
18456,g__PUNK01,2.3007911
18457,g__PUNP01,3.489727463
18458,g__PUPC01,2.063319665
18459,g__PUPG01,2.223451169
18460,g__PUXY01,2.009143235
18461,g__PWEA01,1.893084125
18462,g__PWEK01,2.487208608
18463,g__PWGF01,3.365340724
18464,g__PWGL01,1.799491223
18465,g__PWGO01,2.2606555
18466,g__PWGR01,2.709949808
18467,g__PWHG01,1.489223938
18468,g__PWHV01,2.236010304
18469,g__PWHW01,1.606552066
18470,g__PWHX01,1.93509734
18471,g__PWIP01,1.264241438
18472,g__PWJC01,2.394273258
18473,g__PWJY01,2.607770775
18474,g__PWKH01,2.484602997
18475,g__PWKZ01,2.624755765
18476,g__PWLA01,2.669191743
18477,g__PWLF01,2.505579742
18478,g__PWLI01,2.307599608
18479,g__PWLR01,2.87132509
18480,g__PWME01,2.379603173
18481,g__PWMO01,2.834571919
18482,g__PWMP01,1.890004454
18483,g__PWMZ01,1.47306615
18484,g__PWND01,2.616392301
18485,g__PWNM01,2.328977267
18486,g__PWNQ01,2.326191561
18487,g__PWNV01,1.639105906
18488,g__PWNZ01,2.467921075
18489,g__PWOA01,2.046707336
18490,g__PWOD01,2.243418775
18491,g__PWPN01,1.364893235
18492,g__PWPP01,2.233537019
18493,g__PWPR01,2.991398185
18494,g__PWPS01,1.794481591
18495,g__PWQF01,1.73223322
18496,g__PWQG01,2.91911153
18497,g__PWTC01,2.083000386
18498,g__PWTM01,1.792635532
18499,g__PWUB01,2.660608393
18500,g__PWUC01,2.693461295
18501,g__PWVB01,2.767974019
18502,g__PWVH01,2.363470649
18503,g__PWVN01,2.227275872
18504,g__PWVO01,1.603970443
18505,g__PWVT01,2.833640853
18506,g__PWVY01,2.049414864
18507,g__PWWA01,1.662151251
18508,g__PWXP01,2.545779515
18509,g__PWYM01,2.827036462
18510,g__PWZK01,1.959127614
18511,g__PXAH01,1.62821329
18512,g__PXAI01,2.748971935
18513,g__PXAP01,2.15626617
18514,g__PXAS01,2.623568518
18515,g__PXBB01,2.296652057
18516,g__PXBQ01,2.898696777
18517,g__PXCK01,2.7188486
18518,g__PXCX01,1.952378628
18519,g__PXDC01,2.486398977
18520,g__PXDE01,2.728493607
18521,g__PXDG01,1.695204761
18522,g__PXDI01,2.39176787
18523,g__PXDR01,2.900808013
18524,g__PXDW01,1.384438471
18525,g__PXFI01,2.582181046
18526,g__PXRE01,2.981867347
18527,g__PXTQ01,1.653599644
18528,g__PXYB01,2.599913403
18529,g__PYGY01,2.305051955
18530,g__PZKD01,2.380397543
18531,g__PZPK01,3.643315306
18532,g__Paceibacter,1.739408182
18533,g__Pacificimonas,3.059970578
18534,g__Pacificispira,3.96976637
18535,g__Pacificitalea,3.576366957
18536,g__Paenacidovorax,3.610246573
18537,g__Paenactinomyces,3.60960765
18538,g__Paenalcaligenes,3.518279244
18539,g__Paenalkalicoccus,4.36259898
18540,g__Paenibacillus,5.34321403
18541,g__Paenibacillus_A,4.880231357
18542,g__Paenibacillus_AA,3.857363068
18543,g__Paenibacillus_AB,5.489028115
18544,g__Paenibacillus_AC,4.339410375
18545,g__Paenibacillus_AE,4.374175742
18546,g__Paenibacillus_AF,6.166431901
18547,g__Paenibacillus_AG,4.380844201
18548,g__Paenibacillus_AH,4.362405281
18549,g__Paenibacillus_AI,5.283757144
18550,g__Paenibacillus_AK,4.776885196
18551,g__Paenibacillus_AL,5.026390106
18552,g__Paenibacillus_AM,4.793071153
18553,g__Paenibacillus_AN,4.862076994
18554,g__Paenibacillus_B,5.567366415
18555,g__Paenibacillus_D,5.082977984
18556,g__Paenibacillus_E,5.847226776
18557,g__Paenibacillus_F,5.347465146
18558,g__Paenibacillus_G,5.637315978
18559,g__Paenibacillus_H,4.705606314
18560,g__Paenibacillus_I,4.4501218
18561,g__Paenibacillus_J,4.795477606
18562,g__Paenibacillus_K,6.113389793
18563,g__Paenibacillus_L,4.544139304
18564,g__Paenibacillus_N,4.702046318
18565,g__Paenibacillus_O,4.938376616
18566,g__Paenibacillus_S,6.107935082
18567,g__Paenibacillus_T,5.020062042
18568,g__Paenibacillus_V,5.785736422
18569,g__Paenibacillus_W,3.574011141
18570,g__Paenibacillus_Z,5.822710025
18571,g__Paeniglutamicibacter,4.641146138
18572,g__Paenirhodobacter,4.03132177
18573,g__Paenisporosarcina,4.399892312
18574,g__Paenochrobactrum,3.879925892
18575,g__Pajaroellobacter,2.27590785
18576,g__Palaeococcus,2.821540875
18577,g__Palauibacter,2.706096615
18578,g__Palleronia,3.155507431
18579,g__Palsa-1032,2.160272826
18580,g__Palsa-1033,2.82242527
18581,g__Palsa-1150,3.737737896
18582,g__Palsa-1188,2.371625347
18583,g__Palsa-1233,2.418206343
18584,g__Palsa-1248,2.873845717
18585,g__Palsa-1315,2.958382988
18586,g__Palsa-1382,2.804551931
18587,g__Palsa-1392,2.90890962
18588,g__Palsa-1400,3.727391376
18589,g__Palsa-1439,2.888174744
18590,g__Palsa-1447,2.405380038
18591,g__Palsa-147,3.015050361
18592,g__Palsa-1515,2.632079739
18593,g__Palsa-187,3.431894874
18594,g__Palsa-189,3.776641071
18595,g__Palsa-288,2.222769353
18596,g__Palsa-295,2.931913422
18597,g__Palsa-343,2.972775307
18598,g__Palsa-360,3.266674645
18599,g__Palsa-459,2.128791582
18600,g__Palsa-461,2.235218402
18601,g__Palsa-465,2.904795132
18602,g__Palsa-504,4.055399889
18603,g__Palsa-506,3.243257019
18604,g__Palsa-513,2.315692369
18605,g__Palsa-601,2.936356231
18606,g__Palsa-661,3.199682874
18607,g__Palsa-739,2.251996898
18608,g__Palsa-744,2.390122393
18609,g__Palsa-851,2.930301456
18610,g__Palsa-870,2.587842115
18611,g__Palsa-872,2.998079059
18612,g__Palsa-875,2.492885845
18613,g__Palsa-881,3.058949954
18614,g__Palsa-883,4.869762495
18615,g__Palsa-89,4.413019647
18616,g__Palsa-892,2.81262178
18617,g__Palsa-948,2.806356589
18618,g__Palsa-965,3.152766157
18619,g__Palsibacter,2.953161896
18620,g__Paludibacter,2.285059805
18621,g__Paludibacterium,4.411946587
18622,g__Paludibacterium_A,5.003496746
18623,g__Paludibaculum,3.290852434
18624,g__Paludifilum,3.369540769
18625,g__Paludisphaera,3.695499549
18626,g__Pan216,4.182025379
18627,g__Panacagrimonas,3.28733447
18628,g__Panacibacter,3.645959006
18629,g__Pandoraea,4.502485212
18630,g__Panguiarchaeum,2.285755343
18631,g__Pannonibacter,3.91284035
18632,g__Pantanalinema,4.609992004
18633,g__Pantoea,5.366499949
18634,g__Pantoea_A,1.936578618
18635,g__Papillibacter,2.625786244
18636,g__Parabacteroides,3.358672452
18637,g__Parabacteroides_B,3.482607162
18638,g__Paraburkholderia,5.578181907
18639,g__Paracaedibacter,3.505657089
18640,g__Paracaedibacter_A,3.040484823
18641,g__Paracaedimonas,2.562344427
18642,g__Paracandidimonas,3.858486373
18643,g__Parachlamydia,2.911971055
18644,g__Paracholeplasma,2.385594793
18645,g__Parachristensenella,2.736606313
18646,g__Paracidobacterium,2.800156806
18647,g__Paracidovorax,4.497682358
18648,g__Paraclostridium,3.738770807
18649,g__Paracnuella,3.415206015
18650,g__Paracoccus,3.47775824
18651,g__Paraconexibacter,2.893614514
18652,g__Paracraurococcus,4.047846786
18653,g__Paracrocinitomix,3.501253575
18654,g__Paradesulfitobacterium,2.641665975
18655,g__Paradesulfovibrio,3.03437212
18656,g__Paradevosia,3.74715031
18657,g__Paraeggerthella,3.108707327
18658,g__Parafannyhessea,3.019048781
18659,g__Paraferrimonas,4.49252518
18660,g__Parafilimonas,2.752861693
18661,g__Paraflavisolibacter,3.828562687
18662,g__Paraflavitalea,4.761103863
18663,g__Parafrankia,4.349161483
18664,g__Parageobacillus,3.769347571
18665,g__Paraglaciecola,4.428329043
18666,g__Parahaliea,4.119850309
18667,g__Paralachnospira_A,3.748016731
18668,g__Paralactobacillus,3.695854384
18669,g__Paralactobacillus_A,2.669706957
18670,g__Paralcaligenes,3.532694824
18671,g__Paraliobacillus,3.261245997
18672,g__Paraliobacillus_A,3.503883801
18673,g__Paraliomyxa,5.330407489
18674,g__Paralysiella,3.257986891
18675,g__Paramaledivibacter,3.303824597
18676,g__Paramesorhizobium,4.022605742
18677,g__Paramuribaculum,2.309896698
18678,g__Paraneptunicella,4.102154326
18679,g__Paraoerskovia,2.651608398
18680,g__Parapedobacter,3.301533335
18681,g__Paraphotobacterium,3.045677072
18682,g__Parapontixanthobacter,2.787937959
18683,g__Paraprevotella,2.748488882
18684,g__Parapusillimonas,4.279101689
18685,g__Pararcticibacter,3.580654811
18686,g__Pararheinheimera,4.692626185
18687,g__Pararhizobium,5.097531398
18688,g__Pararhizobium_B,2.810020016
18689,g__Pararhodobacter,3.533093169
18690,g__Pararhodonellum,3.584583607
18691,g__Pararhodospirillum,3.23048266
18692,g__Pararobbsia,4.625026893
18693,g__Pararoseburia,3.563358391
18694,g__Parasedimentitalea,4.550651613
18695,g__Parasegetibacter,2.984853825
18696,g__Parashewanella,4.813172804
18697,g__Parasphaerochaeta,2.402869853
18698,g__Parasphingopyxis,2.894835257
18699,g__Parasphingorhabdus,3.49633339
18700,g__Parasporobacterium,3.628362283
18701,g__Parasulfuritortus,3.024645548
18702,g__Parasutterella,3.244319832
18703,g__Parasynechococcus,2.86144985
18704,g__Paratissierella,2.877023756
18705,g__Paratractidigestivibacter,2.653494083
18706,g__Paraurantiacibacter,2.748435572
18707,g__Parazoarcus,4.041252046
18708,g__Paremcibacter,3.237646529
18709,g__Parenemella,2.745740942
18710,g__Parerythrobacter,3.269273605
18711,g__Pareuzebyella,3.202958895
18712,g__Paroceanicella,4.226784166
18713,g__Parolsenella,2.596247341
18714,g__Parvarchaeum,1.659789202
18715,g__Parvibacillus,3.091447248
18716,g__Parvibacter,2.908320447
18717,g__Parvibaculum,2.986480807
18718,g__Parvibium,2.94016522
18719,g__Parvicella,2.984726846
18720,g__Parvimonas,2.22879711
18721,g__Parvivirga,2.084990679
18722,g__Parvularcula,2.95918895
18723,g__Pasteurella,2.994459924
18724,g__Pasteuria,2.844120801
18725,g__Patiriisocius,2.730421069
18726,g__Patulibacter,3.164513035
18727,g__Paucibacter,5.153459912
18728,g__Paucibacter_A,4.353671936
18729,g__Paucidesulfovibrio,2.983344766
18730,g__Paucihalobacter,2.960210681
18731,g__Paucilactobacillus,3.186925329
18732,g__Paucimonas,3.610000359
18733,g__Paucisalibacillus,4.484254455
18734,g__Pauljensenia,2.56332889
18735,g__Pb10988,3.729384948
18736,g__PeH17,3.190596125
18737,g__Pectinatus,2.788046039
18738,g__Pectobacterium,4.585766544
18739,g__Pectobacterium_A,4.125533094
18740,g__Pediococcus,3.308524569
18741,g__Pedobacter,4.043069837
18742,g__Pedobacter_A,3.195576173
18743,g__Pedobacter_B,4.145385022
18744,g__Pedococcus,3.239852904
18745,g__Pedomonas,3.367432745
18746,g__Pedosphaera,4.142520326
18747,g__Pegaeibacterium,1.944399314
18748,g__Pelagerythrobacter,2.817128374
18749,g__Pelagibacter,1.610522976
18750,g__Pelagibacter_A,1.519367212
18751,g__Pelagibacterium,3.561515842
18752,g__Pelagibaculum,4.676786357
18753,g__Pelagibius,3.699646612
18754,g__Pelagicoccus,3.584388217
18755,g__Pelagihabitans,3.344537973
18756,g__Pelagimonas,4.865235231
18757,g__Pelagirhabdus,3.05672879
18758,g__Pelagisphaera,3.246703527
18759,g__Pelatocladus,4.163829692
18760,g__Pelearchaeum,2.422504701
18761,g__Pelethenecus,2.46998593
18762,g__Pelethomonas,3.196653364
18763,g__Pelethosoma,2.022965584
18764,g__Pelethousia,2.736438189
18765,g__Pelistega,3.614690289
18766,g__Pelobium,2.68497959
18767,g__Pelolinea,2.49781677
18768,g__Pelomicrobium,2.824939532
18769,g__Pelomonas,4.079649884
18770,g__Pelorhabdus,4.037046754
18771,g__Pelosinus,3.987118795
18772,g__Pelotalea,3.898744318
18773,g__Pelotomaculum,2.71681932
18774,g__Pelotomaculum_B,2.896083328
18775,g__Pelotomaculum_C,3.173256778
18776,g__Pelotomaculum_D,2.854356952
18777,g__Pelovirga,2.846314378
18778,g__Penaeicola,3.2159509
18779,g__Pengzhenrongella,2.738254199
18780,g__Peptacetobacter,3.038804195
18781,g__Peptidiphaga,2.636695723
18782,g__Peptoanaerobacter,2.590624152
18783,g__Peptoclostridium,4.118429859
18784,g__Peptoclostridium_A,3.683119548
18785,g__Peptococcus,2.453795147
18786,g__Peptoniphilus,3.008884444
18787,g__Peptoniphilus_A,2.599748478
18788,g__Peptoniphilus_B,2.381793047
18789,g__Peptoniphilus_E,2.406210439
18790,g__Peptostreptococcus,3.314976471
18791,g__Peribacillus,5.895106358
18792,g__Peribacillus_A,5.788880844
18793,g__Peribacter,1.863421643
18794,g__Periweissella,4.681170129
18795,g__Perlabentimonas,2.850021833
18796,g__Perlucidibaca,3.132094469
18797,g__Permianibacter,3.524826917
18798,g__Persephonella,2.260993202
18799,g__Persicimonas,4.300553381
18800,g__Persicirhabdus,3.849592267
18801,g__Persicitalea,3.864966609
18802,g__Persicobacter,4.601819804
18803,g__Peterkaempfera,4.460604976
18804,g__Petrachloros,3.429444733
18805,g__Petralouisia,3.307231352
18806,g__Petrimonas,2.198074106
18807,g__Petrocella,3.333590072
18808,g__Petroclostridium,3.012276633
18809,g__Petromonas,2.883978563
18810,g__Petrotoga,1.958969432
18811,g__Phaeacidiphilus,4.687319447
18812,g__Phaeobacter,4.266612086
18813,g__Phaeobacter_A,4.171751886
18814,g__Phaeocystidibacter,3.371669111
18815,g__Phaeodactylibacter,4.136878144
18816,g__Phaeospirillum,3.576501013
18817,g__Phaeovibrio,2.877702045
18818,g__Phaeovulum,3.272357148
18819,g__Phascolarctobacterium,3.326613846
18820,g__Phascolarctobacterium_A,3.34256112
18821,g__Phaseolibacter,3.840130871
18822,g__Phelpsiimicrobium,1.895521024
18823,g__Phenylobacterium,3.350163273
18824,g__Phil1,3.219814801
18825,g__Phil12,2.334241914
18826,g__Philodulcilactobacillus,2.419443502
18827,g__Phnomibacter,3.175552434
18828,g__Phocaeicola,2.908677206
18829,g__Phocaeicola_A,2.802829317
18830,g__Phocoenobacter,2.863760106
18831,g__Phoenicibacter,2.535917827
18832,g__Phorcysia,2.395079958
18833,g__Phormidesmis,3.846279503
18834,g__Phormidesmis_A,4.020237156
18835,g__Phormidium,3.577615852
18836,g__Phormidium_B,4.397245533
18837,g__Phosphitispora,2.987715355
18838,g__Phosphoribacter,2.983414289
18839,g__Photobacterium,5.695619695
18840,g__Photorhabdus,4.40701336
18841,g__Phototrophicus,3.602021983
18842,g__Phragmitibacter,3.334457189
18843,g__Phreatobacter,3.87707093
18844,g__Phycicoccus,2.811762156
18845,g__Phycicoccus_A,2.730265619
18846,g__Phycisphaera,2.284310091
18847,g__Phycorickettsia,2.069455401
18848,g__Phyllobacterium,4.761275491
18849,g__Phytoactinopolyspora,3.909065718
18850,g__Phytobacter,5.223819542
18851,g__Phytohabitans,5.194808729
18852,g__Phytohalomonas,3.302921116
18853,g__Phytomonospora,4.969623221
18854,g__Phytoplasma,1.637747413
18855,g__Picrophilus,2.107694403
18856,g__Pigmentiphaga,4.572889166
18857,g__Pikeienuella,3.357949324
18858,g__Pilibacter,3.404731337
18859,g__Pilimelia,3.243206042
18860,g__Pinibacter,4.213909828
18861,g__Pinirhizobacter,3.177787579
18862,g__Pinisolibacter,3.359707565
18863,g__Pirellula,4.195028624
18864,g__Pirellula_B,3.82678759
18865,g__Pirellulimonas,3.212806852
18866,g__Piscibacillus,4.095712561
18867,g__Piscicoccus,2.953473192
18868,g__Pisciglobus,3.14005767
18869,g__Piscinibacter,3.724929455
18870,g__Piscirickettsia,3.366413544
18871,g__Pistricoccus,3.239388053
18872,g__Pla163,2.988786192
18873,g__Pla86,3.892539281
18874,g__Planctobacterium,5.668158299
18875,g__Planctomicrobium,3.780908476
18876,g__Planctomonas,3.06434028
18877,g__Planctomyces_A,3.863362881
18878,g__Planctopirus,3.99733553
18879,g__Planifilum,2.891333849
18880,g__Planktomarina,3.135558941
18881,g__Planktophila,2.818515804
18882,g__Planktosalinus,2.853351355
18883,g__Planktotalea,3.826524121
18884,g__Planktothricoides,4.218358853
18885,g__Planktothrix,3.862227578
18886,g__Planobacterium,3.440103805
18887,g__Planobispora,5.46603665
18888,g__Planococcus,4.763711519
18889,g__Planomonospora,4.891754171
18890,g__Planomonospora_A,5.093219739
18891,g__Planosporangium,3.986269883
18892,g__Planotetraspora,5.26874282
18893,g__Plantactinospora,4.369129798
18894,g__Plantibacter,3.642378214
18895,g__Plasticicumulans,3.68478431
18896,g__Plasticicumulans_A,3.969084605
18897,g__Plastoroseomonas,3.564807334
18898,g__Pleionea,4.040529375
18899,g__Pleomorpha,3.394344466
18900,g__Pleomorphomonas,3.552691776
18901,g__Pleomorphovibrio,3.440301372
18902,g__Plesiocystis,5.405898738
18903,g__Plesiomonas,4.121408765
18904,g__Pluralibacter,6.279446281
18905,g__Pluralincolimonas,1.440674381
18906,g__Plut-88865,2.784731967
18907,g__Plut-88900,2.448018776
18908,g__Pokkaliibacter,5.235579353
18909,g__Polaribacter,2.526418688
18910,g__Polaribacter_A,2.732906565
18911,g__Polarisedimenticola,2.923266175
18912,g__Polaromonas,3.685763676
18913,g__Pollutimonas,4.167134553
18914,g__Polyangium,6.162591071
18915,g__Polycladomyces,3.55958128
18916,g__Polycyclovorans,3.083670167
18917,g__Polymorphobacter_A,3.034209362
18918,g__Polymorphobacter_B,2.616002713
18919,g__Polymorphospora,4.504874798
18920,g__Polymorphum,3.57539988
18921,g__Polynucleobacter,2.837571071
18922,g__Polystyrenella,3.55168848
18923,g__Pontibaca,2.695170096
18924,g__Pontibacillus,4.647845081
18925,g__Pontibacillus_A,5.192363297
18926,g__Pontibacter,4.60254679
18927,g__Pontibacterium,4.310866245
18928,g__Pontibrevibacter,3.349571304
18929,g__Ponticaulis,3.81685501
18930,g__Ponticoccus,4.000831563
18931,g__Pontiella,2.568690662
18932,g__Pontimicrobium,2.984424402
18933,g__Pontimonas,2.836525596
18934,g__Pontivivens,3.919449928
18935,g__Pontivivens_A,3.358285607
18936,g__Pontixanthobacter,3.428917349
18937,g__Porcincola,2.833121886
18938,g__Porcipelethomonas,2.991243682
18939,g__Porifericomes,2.253262979
18940,g__Poriferihabitans,2.68748612
18941,g__Poriferisocius,2.788970633
18942,g__Poriferisodalis,2.891139258
18943,g__Poriferisphaera,2.611119452
18944,g__Porisulfidus,2.263508141
18945,g__Poritiphilus,3.413311147
18946,g__Porphyromonas,2.542000473
18947,g__Porphyromonas_A,2.42476437
18948,g__Portibacter,3.478929698
18949,g__Porticoccus,2.792572565
18950,g__Portiera,1.4554228
18951,g__Poseidonia,2.689171571
18952,g__Poseidonibacter,3.030433161
18953,g__Poseidonocella,3.420999119
18954,g__Posidoniimonas,3.129442798
18955,g__Povalibacter,3.820571766
18956,g__Prado023,1.999941654
18957,g__Prado026,2.08195575
18958,g__Prado106,4.522539418
18959,g__Prado157,1.615284518
18960,g__Prado167,3.070186525
18961,g__Prado235,2.174623315
18962,g__Pradoshia,5.695061441
18963,g__Pragia,4.05781247
18964,g__Prauserella,3.808987409
18965,g__Prauserella_A,4.80844681
18966,g__Prauserella_B,4.616815135
18967,g__Prevotella,2.384782398
18968,g__Pricia,3.263797434
18969,g__Priestia,5.483603849
18970,g__Priestia_D,4.92708716
18971,g__Primorskyibacter,3.870214514
18972,g__Primorskyibater_A,4.064051382
18973,g__Pristimantibacillus,5.257415017
18974,g__Prochlorococcus,2.38795824
18975,g__Prochlorococcus_A,2.117699923
18976,g__Prochlorococcus_B,2.376317664
18977,g__Prochlorococcus_C,2.693832489
18978,g__Prochlorococcus_D,2.417619026
18979,g__Prochloron,3.417806124
18980,g__Prochlorothrix,3.460929923
18981,g__Profftella,1.430732684
18982,g__Profundibacter,3.327778263
18983,g__Profundibacterium,2.909423255
18984,g__Profundicola,2.606304616
18985,g__Profunditerraquicola,1.622100117
18986,g__Prolixibacter,2.964315865
18987,g__Prometheoarchaeum,3.137213191
18988,g__Promicromonospora,3.85437112
18989,g__Promineifilum,2.767421805
18990,g__Propionibacterium,2.507031548
18991,g__Propionicicella,2.746656985
18992,g__Propioniciclava,2.623193309
18993,g__Propionicimonas,2.606153451
18994,g__Propioniferax,2.716465405
18995,g__Propionigenium,5.251459381
18996,g__Propionimicrobium,3.00778128
18997,g__Propionispira,3.938387857
18998,g__Propionispora,3.777028104
18999,g__Propionivibrio,3.17413628
19000,g__Prosthecobacter,3.934687597
19001,g__Prosthecochloris,2.493322625
19002,g__Prosthecomicrobium,3.12340061
19003,g__Prosthecomicrobium_A,3.95339607
19004,g__Proteiniborus,3.125907064
19005,g__Proteiniclasticum,4.25577138
19006,g__Proteiniphilum,1.858205126
19007,g__Proteocatella,3.350193209
19008,g__Proteus,4.579203917
19009,g__Protistobacter,3.308939436
19010,g__Protochlamydia,2.821486885
19011,g__Protochlamydia_A,3.30770398
19012,g__Protoclostridium,2.07183822
19013,g__Protofrankia,3.465493661
19014,g__Providencia,4.68143109
19015,g__Providencia_A,1.518132124
19016,g__Providencia_B,4.828386538
19017,g__Providencia_C,4.949717907
19018,g__Providencia_D,4.780518359
19019,g__Pseudacidobacterium,2.562575489
19020,g__Pseudactinotalea,2.948584659
19021,g__Pseudaestuariivita,3.371756869
19022,g__Pseudalgibacter,2.305129867
19023,g__Pseudalkalibacillus,4.779938207
19024,g__Pseudaminobacter,4.370394488
19025,g__Pseudanabaena,3.962529528
19026,g__Pseudaquidulcibacter,3.706437393
19027,g__Pseudarcicella,4.663778047
19028,g__Pseudazoarcus,2.745539729
19029,g__Pseudemcibacter,3.48831489
19030,g__Pseudenterobacter,5.294682337
19031,g__Pseudescherichia,5.381380007
19032,g__Pseudidiomarina,3.615190202
19033,g__Pseudoalteromonas,5.231122303
19034,g__Pseudobacillus,5.23285574
19035,g__Pseudobacter,4.231430566
19036,g__Pseudobacteriovorax,4.979935645
19037,g__Pseudobacteroides,3.353478791
19038,g__Pseudobdellovibrio,3.553729996
19039,g__Pseudobutyricicoccus,3.341630786
19040,g__Pseudobutyrivibrio,2.906544761
19041,g__Pseudobythopirellula,2.66828635
19042,g__Pseudochelatococcus,3.626192579
19043,g__Pseudochrobactrum,3.996776134
19044,g__Pseudocitrobacter,5.160481129
19045,g__Pseudoclavibacter,3.742745306
19046,g__Pseudoclavibacter_A,2.547694849
19047,g__Pseudoclavibacter_B,2.444206999
19048,g__Pseudoclavibacter_C,2.841074721
19049,g__Pseudoclostridium,3.089833913
19050,g__Pseudocolwellia,3.83635178
19051,g__Pseudodesulfovibrio,3.338672397
19052,g__Pseudodesulfuromonas,2.880465074
19053,g__Pseudodonghicola,4.236811618
19054,g__Pseudoduganella,5.880552876
19055,g__Pseudoflavonifractor,3.308168195
19056,g__Pseudoflavonifractor_A,3.304838343
19057,g__Pseudofrancisella,2.32179143
19058,g__Pseudofrankia,4.567208719
19059,g__Pseudofulvimonas,2.67431372
19060,g__Pseudogemmobacter,4.49300018
19061,g__Pseudoglutamicibacter,3.057126055
19062,g__Pseudogracilibacillus,3.105129126
19063,g__Pseudogulbenkiania,4.590578165
19064,g__Pseudohaliea,2.821185726
19065,g__Pseudohalocynthiibacter,3.78217195
19066,g__Pseudohoeflea,3.572774121
19067,g__Pseudohongiella,3.391512957
19068,g__Pseudokineococcus,2.285967711
19069,g__Pseudokordiimonas,3.812077209
19070,g__Pseudolabrys,3.256080422
19071,g__Pseudolachnospira,3.609969776
19072,g__Pseudoleptotrichia,2.325219834
19073,g__Pseudolysinimonas,2.645801479
19074,g__Pseudolysobacter,3.391206946
19075,g__Pseudomaricurvus,4.73749204
19076,g__Pseudomarimonas,3.302031654
19077,g__Pseudomethylobacillus,3.117399602
19078,g__Pseudomonas,5.746635803
19079,g__Pseudomonas_B,4.835442017
19080,g__Pseudomonas_E,5.53222824
19081,g__Pseudomonas_F,5.525059663
19082,g__Pseudomonas_H,4.195374567
19083,g__Pseudomonas_K,4.585342878
19084,g__Pseudomonas_M,4.96734065
19085,g__Pseudomonas_O,5.258614036
19086,g__Pseudomonas_P,4.443989281
19087,g__Pseudomonas_S,3.020121425
19088,g__Pseudomonas_T,4.802457954
19089,g__Pseudoneobacillus,5.196848034
19090,g__Pseudonocardia,4.235402685
19091,g__Pseudooceanicola,3.984188039
19092,g__Pseudooceanicola_C,3.718415859
19093,g__Pseudooctadecabacter,3.64079922
19094,g__Pseudopelobacter,4.184832621
19095,g__Pseudophaeobacter,4.726901355
19096,g__Pseudophaeobacter_A,4.217816679
19097,g__Pseudoponticoccus,3.76445242
19098,g__Pseudopontixanthobacter,2.879341073
19099,g__Pseudoprimorskyibacter,4.332492795
19100,g__Pseudoramibacter,2.567919312
19101,g__Pseudorhodobacter,3.844200978
19102,g__Pseudorhodobacter_B,3.239782187
19103,g__Pseudorhodoferax,4.71251023
19104,g__Pseudorhodoplanes,3.341177315
19105,g__Pseudorivibacter,3.921058567
19106,g__Pseudoroseicyclus,2.92608099
19107,g__Pseudoroseicyclus_A,3.019442597
19108,g__Pseudoroseomonas,3.630648392
19109,g__Pseudoruegeria,4.180785244
19110,g__Pseudoruminococcus,3.207217086
19111,g__Pseudoruminococcus_B,3.087813584
19112,g__Pseudoscardovia,2.728856223
19113,g__Pseudoscilispira,3.531398872
19114,g__Pseudospirillum,3.327326096
19115,g__Pseudostreptobacillus,2.249920171
19116,g__Pseudosulfitobacter,3.973842215
19117,g__Pseudotabrizicola,3.84119339
19118,g__Pseudoteredinibacter,4.756747
19119,g__Pseudothauera,3.405851948
19120,g__Pseudothermotoga,2.11342809
19121,g__Pseudothermotoga_A,2.190436785
19122,g__Pseudothermotoga_B,2.192038253
19123,g__Pseudothioclava,3.499748667
19124,g__Pseudothioglobus,2.17281069
19125,g__Pseudovibrio,4.62772841
19126,g__Pseudoxanthobacter,3.403314123
19127,g__Pseudoxanthomonas,2.653181407
19128,g__Pseudoxanthomonas_A,3.016495135
19129,g__Pseudoxanthomonas_B,2.679531109
19130,g__Pseudozobellia,3.60611799
19131,g__Psittacicella,2.798662656
19132,g__Psychrilyobacter,3.513604617
19133,g__Psychrobacillus,4.747276677
19134,g__Psychrobacter,3.53543064
19135,g__Psychrobium,4.765816556
19136,g__Psychroflexus,2.740094634
19137,g__Psychromarinibacter,3.66397729
19138,g__Psychromicrobium,3.983121646
19139,g__Psychromonas,4.087462406
19140,g__Psychroserpens,3.191948582
19141,g__Psychrosphaera,3.970152591
19142,g__Pueribacillus,3.150288852
19143,g__Puia,3.475067501
19144,g__Pukyongia,3.24462169
19145,g__Pukyongiella,3.540726259
19146,g__Pullibacteroides,2.480758228
19147,g__Pullichristensenella,2.547638563
19148,g__Pullilachnospira,3.944860428
19149,g__Pullilachnospira_A,2.686501268
19150,g__Pullulanibacillus,4.110008495
19151,g__Pulveribacter,3.485553323
19152,g__Pumilibacter,2.064641037
19153,g__Puniceibacterium,3.838538917
19154,g__Puniceicoccus,2.788249277
19155,g__Puniceispirillum,2.920392929
19156,g__Purcelliella,1.40481762
19157,g__Pusillimonas,3.613813006
19158,g__Pusillimonas_A,3.366124413
19159,g__Pusillimonas_B,4.093164155
19160,g__Pusillimonas_C,3.597872296
19161,g__Pusillimonas_D,3.645024361
19162,g__Pusillimonas_E,3.154438518
19163,g__Pustulibacterium,3.050420342
19164,g__Puteibacter,3.391986156
19165,g__Putridiphycobacter,2.952540376
19166,g__Pygmaiobacter,3.180559062
19167,g__Pyramidobacter,2.930564556
19168,g__Pyrinomonas,2.42904152
19169,g__Pyrobaculum,2.494964277
19170,g__Pyrococcus,2.603454857
19171,g__Pyrodictium,2.221881044
19172,g__Pyrohabitans,2.476267321
19173,g__Pyrolobus,2.49871601
19174,g__Pyruvatibacter,3.245348848
19175,g__Q3-R57-64,2.119393243
19176,g__QAKD01,2.824561529
19177,g__QAKL01,3.018042564
19178,g__QAKR01,2.224976411
19179,g__QAKS01,2.284338796
19180,g__QAKW01,2.473233707
19181,g__QALR01,2.896248033
19182,g__QAMH01,2.44812019
19183,g__QAMX01,2.01662755
19184,g__QANA01,2.853389743
19185,g__QAND01,2.348710179
19186,g__QBUR01,2.29345121
19187,g__QCWD01,2.31550285
19188,g__QDMS2,3.348777088
19189,g__QENH01,2.406866648
19190,g__QENJ01,2.622894335
19191,g__QEUY01,2.974985834
19192,g__QEVD01,3.720985337
19193,g__QEXZ01,2.280381714
19194,g__QEYE01,3.144622244
19195,g__QFNR01,2.163215998
19196,g__QFOI01,3.71577369
19197,g__QFOP01,2.69186955
19198,g__QFOX01,2.71404963
19199,g__QGNO01,2.405184661
19200,g__QGON01,3.397515432
19201,g__QHBO01,1.842479838
19202,g__QHBP01,2.874816239
19203,g__QHBQ01,2.728952379
19204,g__QHBS01,2.877467585
19205,g__QHBW01,2.407707099
19206,g__QHCA01,3.015622479
19207,g__QHCC01,3.089090045
19208,g__QHCD01,2.58610331
19209,g__QHCE01,2.861894668
19210,g__QHCF01,2.340168931
19211,g__QHMH01,2.255519473
19212,g__QHVH01,4.092641388
19213,g__QHVS01,2.853540398
19214,g__QHVT01,3.520724278
19215,g__QHWT01,3.405854248
19216,g__QHXM01,3.171663451
19217,g__QHXN01,3.042668539
19218,g__QHXQ01,3.293786024
19219,g__QHXW01,4.4878257
19220,g__QHXZ01,2.172377419
19221,g__QHYA01,2.430365282
19222,g__QHYP01,2.979493279
19223,g__QHYU01,2.828935413
19224,g__QHZK01,2.733376928
19225,g__QHZM01,2.396104243
19226,g__QHZQ01,4.133602942
19227,g__QIAA01,3.874454924
19228,g__QIAB01,3.686153628
19229,g__QIAJ01,3.456435061
19230,g__QIAS01,3.449206943
19231,g__QIAW01,2.975019639
19232,g__QIJE01,1.946112511
19233,g__QKJM01,4.077442613
19234,g__QKMZ01,4.157811229
19235,g__QLZD01,2.721360763
19236,g__QMSN01,1.995639926
19237,g__QMVO01,2.378585407
19238,g__QMVU01,2.270859115
19239,g__QMWL01,1.676069298
19240,g__QMWT01,1.876745845
19241,g__QMWW01,2.06882491
19242,g__QMZG01,1.989028688
19243,g__QMZJ01,1.977140716
19244,g__QMZM01,1.819019277
19245,g__QMZP01,1.72267371
19246,g__QMZS01,1.617281665
19247,g__QMZT01,1.628142783
19248,g__QMZY01,1.771
19249,g__QMZZ01,1.625347196
19250,g__QNAD01,2.367760669
19251,g__QNBC01,2.06994744
19252,g__QNBT01,2.336881799
19253,g__QNDG01,2.041461926
19254,g__QNDV01,2.656690246
19255,g__QNEE01,2.244982892
19256,g__QNES01,3.246804508
19257,g__QNFC01,2.572835595
19258,g__QNFE01,2.496376761
19259,g__QNFK01,3.163253508
19260,g__QNFN01,2.443841674
19261,g__QNXT01,2.615317385
19262,g__QNYK01,2.695908811
19263,g__QNYQ01,2.226144245
19264,g__QNYZ01,2.982930025
19265,g__QNZC01,1.874534116
19266,g__QNZR01,2.763115409
19267,g__QNZT01,3.090212069
19268,g__QNZU01,2.694261824
19269,g__QOAL01,2.273224431
19270,g__QOAS01,2.234198049
19271,g__QOAV01,2.278921733
19272,g__QPIN01,2.957920661
19273,g__QPJE01,2.450702589
19274,g__QQUA01,3.479057729
19275,g__QQUD01,4.382283484
19276,g__QQUE01,3.170321448
19277,g__QQUJ01,3.127511636
19278,g__QQUK01,2.898632993
19279,g__QQVD01,3.545508988
19280,g__QQVM01,3.419344434
19281,g__QQWI01,4.368366905
19282,g__QS-1-68-17,2.15093372
19283,g__QS-1-68-20,2.389996772
19284,g__QS-4-48-99,2.916738879
19285,g__QS-4-69-31,2.491886357
19286,g__QS-5-54-17,1.583077156
19287,g__QS-5-68-33,2.262754839
19288,g__QS-5-72-10,1.901141337
19289,g__QS-8-64-10,1.872066362
19290,g__QS-8-64-29,2.333494309
19291,g__QUBU01,2.52562183
19292,g__QVMG01,2.902136585
19293,g__QVMH01,2.850776439
19294,g__QWHN01,1.845722633
19295,g__QWHO01,4.647792985
19296,g__QWHP01,2.785560867
19297,g__QWJF01,1.894505932
19298,g__QWOP01,3.207077978
19299,g__QWOQ01,2.879233556
19300,g__QWPN01,2.624518312
19301,g__QWPT01,2.969037922
19302,g__QWQI01,3.257240276
19303,g__QXCW01,3.138662723
19304,g__QXHL01,2.842536815
19305,g__QXXE01,3.573951939
19306,g__QY30,3.219888595
19307,g__QYOJ01,2.391775014
19308,g__QYPD01,1.569602495
19309,g__QYPT01,3.068174774
19310,g__QYPU01,2.309837922
19311,g__QYQD01,2.604799595
19312,g__QYQG01,2.264649768
19313,g__QYQL01,2.447565079
19314,g__QZFT01,5.325349788
19315,g__QZKS01,3.47559121
19316,g__QZKY01,2.84277645
19317,g__QZLD01,2.555896672
19318,g__QZLE01,2.9838167
19319,g__Qaidamihabitans,3.988323548
19320,g__Qingrenia,3.025016104
19321,g__Qingshengfaniella,3.675214297
19322,g__Qipengyuania,3.182645986
19323,g__Qipengyuania_B,2.454066484
19324,g__Quadrisphaera,2.924003725
19325,g__Quasibacillus,5.118351884
19326,g__Quinella,2.343670532
19327,g__Quisquiliibacterium,3.319539971
19328,g__R-H-3,4.013964561
19329,g__R-RK-3,3.698187636
19330,g__R2A130,3.687021059
19331,g__R3-B46,2.521459662
19332,g__RAAP-1,3.340812706
19333,g__RAAP-2,2.445464007
19334,g__RACS-045,2.437816591
19335,g__RACS-047,1.993583392
19336,g__RAS1,3.172360787
19337,g__RBC-AMX1,3.176072345
19338,g__RBC034,3.399384507
19339,g__RBC036,2.820719548
19340,g__RBC038,2.52817141
19341,g__RBC074,4.22077415
19342,g__RBG-1,2.154442387
19343,g__RBG-13-33-26,2.1367759
19344,g__RBG-13-36-15,1.624642316
19345,g__RBG-13-38-9,2.20439709
19346,g__RBG-13-39-12,2.516663476
19347,g__RBG-13-40-15,1.755735948
19348,g__RBG-13-40-8-A,1.258583496
19349,g__RBG-13-41-10,1.564809416
19350,g__RBG-13-42-11,1.782308503
19351,g__RBG-13-43-14,2.041620065
19352,g__RBG-13-43-22,3.571912086
19353,g__RBG-13-46-10,1.907255674
19354,g__RBG-13-46-13,1.181033825
19355,g__RBG-13-46-9,1.475455479
19356,g__RBG-13-49-15,2.674298976
19357,g__RBG-13-50-9,1.493135654
19358,g__RBG-13-51-18,2.105931298
19359,g__RBG-13-51-36,2.433528838
19360,g__RBG-13-52-11,2.425766241
19361,g__RBG-13-53-26,2.750892179
19362,g__RBG-13-61-14,2.722182898
19363,g__RBG-13-66-14,2.328370336
19364,g__RBG-13-68-16,2.340476646
19365,g__RBG-16-34-14,2.110302895
19366,g__RBG-16-39-9b,1.405026784
19367,g__RBG-16-40-8,2.801862611
19368,g__RBG-16-42-10,1.85537771
19369,g__RBG-16-42-24,1.056995619
19370,g__RBG-16-43-11,2.150613158
19371,g__RBG-16-43-9,2.245193862
19372,g__RBG-16-45-19,1.462504185
19373,g__RBG-16-48-13,1.77474198
19374,g__RBG-16-49-10,1.880482308
19375,g__RBG-16-49-21,3.124480009
19376,g__RBG-16-49-23,2.986328306
19377,g__RBG-16-51-14,2.703483552
19378,g__RBG-16-51-16,2.256127371
19379,g__RBG-16-52-11,1.50520123
19380,g__RBG-16-54-11,2.388939866
19381,g__RBG-16-54-18,2.049111266
19382,g__RBG-16-55-9,2.521766696
19383,g__RBG-16-56-11,2.551335898
19384,g__RBG-16-57-11,2.974445049
19385,g__RBG-16-57-12,2.574776052
19386,g__RBG-16-57-9,2.714538933
19387,g__RBG-16-58-11,2.735172033
19388,g__RBG-16-60-22,2.108725122
19389,g__RBG-16-64-13,2.843513022
19390,g__RBG-16-64-22,2.270268358
19391,g__RBG-16-64-32,2.124647031
19392,g__RBG-16-64-43,2.386536885
19393,g__RBG-16-65-34,1.986345009
19394,g__RBG-16-66-20,2.611952672
19395,g__RBG-16-66-30,1.911666817
19396,g__RBG-16-68-12,2.127198144
19397,g__RBG-16-68-14,2.237207748
19398,g__RBG-16-68-21,2.332315358
19399,g__RBG-16-71-46,2.25287663
19400,g__RBS10-35,2.185608088
19401,g__RCC1774,3.436324697
19402,g__RCC307,2.643816449
19403,g__RCIO01,3.441250324
19404,g__RCIZ01,3.712937252
19405,g__RDOG01,3.370043221
19406,g__RDXE01,3.360351573
19407,g__RDXG01,3.298600491
19408,g__RDXI01,3.747310104
19409,g__RDXT01,3.451761298
19410,g__RDXV01,3.906173421
19411,g__RDXZ01,3.203135017
19412,g__RDYJ01,3.634113994
19413,g__RDYZ01,3.358515209
19414,g__RDZD01,3.181756064
19415,g__RDZE01,3.04706516
19416,g__RDZH01,2.911992739
19417,g__REAB01,3.690958282
19418,g__REAG01,2.965162332
19419,g__REBA01,2.509802279
19420,g__REBR01,3.689325187
19421,g__REBX01,2.646810846
19422,g__RECG01,2.364780407
19423,g__RECH01,3.557180859
19424,g__RECM01,2.750773145
19425,g__RECO01,2.868779297
19426,g__RECQ01,2.602780849
19427,g__RECY01,2.125210144
19428,g__RECZ01,2.256469055
19429,g__REDD01,2.060620365
19430,g__REDG01,2.608833335
19431,g__REDH01,2.936951121
19432,g__REDI01,4.268692182
19433,g__REDP01,2.873360813
19434,g__REDSEA-S09-B13,2.697997185
19435,g__REEB01,2.516805397
19436,g__REEB161,2.619940973
19437,g__REEB205,2.428863114
19438,g__REEB354,2.483418823
19439,g__REEB421,3.117105306
19440,g__REEB422,2.265070574
19441,g__REEB426,2.513344787
19442,g__REEB431,3.60072411
19443,g__REEB460,2.447818366
19444,g__REEB470,1.940656805
19445,g__REEB473,2.155400109
19446,g__REEB48,1.566319679
19447,g__REEB481,2.527555836
19448,g__REEB506,2.845797522
19449,g__REEB509,2.965917463
19450,g__REEB52,2.27676055
19451,g__REEB54,1.686440266
19452,g__REEB58,2.573137068
19453,g__REEB67,4.46362941
19454,g__REEB76,2.377599983
19455,g__REEB77,2.754811053
19456,g__REEB80,2.710899063
19457,g__REEB85,2.82169505
19458,g__REEB91,1.865233849
19459,g__REEB95,2.474698416
19460,g__REEE01,2.995805409
19461,g__REEL01,2.858989013
19462,g__REEP01,2.584435323
19463,g__RF16,2.386823733
19464,g__RF6,3.526057057
19465,g__RFGD01,2.631569587
19466,g__RFHL01,4.076061208
19467,g__RFNG01,2.482592711
19468,g__RFNJ01,1.932552875
19469,g__RFNO01,2.703603337
19470,g__RFNS01,2.486774105
19471,g__RFOF01,3.01160549
19472,g__RFOM01,3.521484649
19473,g__RFPC01,2.922117846
19474,g__RFPI01,2.574476252
19475,g__RFPW01,2.842986005
19476,g__RFQD01,2.898671987
19477,g__RFSG01,2.523751032
19478,g__RFSX01,2.873976913
19479,g__RFTN01,2.46209368
19480,g__RFTO01,2.552540265
19481,g__RFTU01,2.805179253
19482,g__RFVC01,2.901650637
19483,g__RFXV01,2.559417237
19484,g__RFXW01,2.586667113
19485,g__RFXY01,2.239304848
19486,g__RFYP01,2.258817516
19487,g__RFZI01,3.208236649
19488,g__RGAU01,2.91685785
19489,g__RGDT01,3.117880429
19490,g__RGEC01,2.50743802
19491,g__RGIG10147,2.58159807
19492,g__RGIG1017,2.660640493
19493,g__RGIG10190,2.872785966
19494,g__RGIG10196,2.123852567
19495,g__RGIG10202,1.614979742
19496,g__RGIG1023,1.96089635
19497,g__RGIG10264,2.35689228
19498,g__RGIG10270,1.656356919
19499,g__RGIG10340,3.198870605
19500,g__RGIG10359,1.794348743
19501,g__RGIG10368,1.667000147
19502,g__RGIG1476,2.17809188
19503,g__RGIG1588,3.382808703
19504,g__RGIG1601,1.900574818
19505,g__RGIG1666,2.185550463
19506,g__RGIG1668,3.455974153
19507,g__RGIG1681,2.022610377
19508,g__RGIG1693,2.795896689
19509,g__RGIG1711,2.76981754
19510,g__RGIG1743,2.980200018
19511,g__RGIG1752,2.074070622
19512,g__RGIG1828,2.397760806
19513,g__RGIG1840,1.647566577
19514,g__RGIG1864,2.177682654
19515,g__RGIG1874,2.128484633
19516,g__RGIG1888,2.135221466
19517,g__RGIG1893,2.318140454
19518,g__RGIG1896,3.0507545
19519,g__RGIG1899,3.213111938
19520,g__RGIG1902,3.380932039
19521,g__RGIG1911,2.303251334
19522,g__RGIG1913,2.015186907
19523,g__RGIG1916,3.181982696
19524,g__RGIG1918,2.404939095
19525,g__RGIG1927,2.480643223
19526,g__RGIG1931,2.606534487
19527,g__RGIG1932,2.150138297
19528,g__RGIG1934,3.187601755
19529,g__RGIG1943,3.098254626
19530,g__RGIG1955,2.046428486
19531,g__RGIG1959,2.193657739
19532,g__RGIG1962,2.854596835
19533,g__RGIG1965,2.456429485
19534,g__RGIG1987,2.275519686
19535,g__RGIG1988,2.168884965
19536,g__RGIG1993,2.348773227
19537,g__RGIG1995,2.460132651
19538,g__RGIG2000,2.408001598
19539,g__RGIG2041,2.146157778
19540,g__RGIG2066,2.870545229
19541,g__RGIG2094,2.486409114
19542,g__RGIG2134,2.523290141
19543,g__RGIG2161,2.265613675
19544,g__RGIG2163,3.227276967
19545,g__RGIG2202,1.78102317
19546,g__RGIG2206,2.19075125
19547,g__RGIG2219,1.586002213
19548,g__RGIG2220,2.083179633
19549,g__RGIG2224,2.512323483
19550,g__RGIG2311,2.794806431
19551,g__RGIG2361,1.79463728
19552,g__RGIG2431,2.573340281
19553,g__RGIG2439,3.274020674
19554,g__RGIG2479,2.236677119
19555,g__RGIG250,2.746571289
19556,g__RGIG2560,1.274428193
19557,g__RGIG2581,2.263943605
19558,g__RGIG268,2.48127088
19559,g__RGIG2707,3.227373784
19560,g__RGIG2774,2.612839795
19561,g__RGIG2835,2.731043383
19562,g__RGIG2893,2.208641065
19563,g__RGIG2945,1.925734536
19564,g__RGIG2951,2.074200418
19565,g__RGIG3002,3.570931794
19566,g__RGIG3009,2.102025835
19567,g__RGIG3013,2.301715252
19568,g__RGIG3040,3.699708733
19569,g__RGIG3077,2.658696047
19570,g__RGIG3091,1.880513501
19571,g__RGIG3096,2.968907151
19572,g__RGIG3102,3.205586131
19573,g__RGIG3135,2.921366277
19574,g__RGIG3141,3.015528806
19575,g__RGIG3155,2.79317035
19576,g__RGIG3159,3.068845225
19577,g__RGIG3171,2.970277188
19578,g__RGIG3178,2.594006934
19579,g__RGIG3181,2.717936285
19580,g__RGIG3315,2.089033406
19581,g__RGIG3394,2.205632579
19582,g__RGIG3438,2.630215559
19583,g__RGIG3456,2.238356993
19584,g__RGIG3480,1.980087933
19585,g__RGIG3495,1.961698383
19586,g__RGIG3506,2.575422089
19587,g__RGIG3513,2.676920785
19588,g__RGIG3525,1.936850462
19589,g__RGIG3528,2.994427884
19590,g__RGIG3544,2.446431882
19591,g__RGIG3566,2.480373817
19592,g__RGIG3586,2.571519766
19593,g__RGIG3612,1.198089784
19594,g__RGIG3636,1.564760535
19595,g__RGIG3641,2.861632023
19596,g__RGIG3701,2.856758746
19597,g__RGIG3726,2.785320957
19598,g__RGIG3732,2.099018177
19599,g__RGIG3842,2.239605753
19600,g__RGIG3872,2.17786189
19601,g__RGIG3925,3.307486723
19602,g__RGIG3926,1.942031543
19603,g__RGIG3947,3.495003692
19604,g__RGIG3994,2.548702735
19605,g__RGIG4034,3.449429099
19606,g__RGIG4057,3.230435667
19607,g__RGIG4074,2.482621427
19608,g__RGIG4076,2.382173622
19609,g__RGIG4079,2.444269892
19610,g__RGIG4097,1.895879555
19611,g__RGIG4103,2.52215419
19612,g__RGIG4130,2.793907189
19613,g__RGIG4131,3.058916566
19614,g__RGIG4140,2.420180318
19615,g__RGIG423,3.506303222
19616,g__RGIG426,2.206343848
19617,g__RGIG4266,2.445099719
19618,g__RGIG4284,3.57485958
19619,g__RGIG4310,3.632416563
19620,g__RGIG4373,2.843930104
19621,g__RGIG4382,1.696509148
19622,g__RGIG446,3.649455159
19623,g__RGIG4465,2.171530727
19624,g__RGIG4576,2.290685069
19625,g__RGIG4607,2.982920911
19626,g__RGIG4608,2.727331012
19627,g__RGIG464,3.520367621
19628,g__RGIG4694,3.501811602
19629,g__RGIG4708,2.675810307
19630,g__RGIG4709,3.186225213
19631,g__RGIG4729,2.182602684
19632,g__RGIG4733,2.9135169
19633,g__RGIG4790,2.02740385
19634,g__RGIG4822,1.694450609
19635,g__RGIG4831,3.539212184
19636,g__RGIG4847,2.507050921
19637,g__RGIG4856,3.394794893
19638,g__RGIG4928,3.089652427
19639,g__RGIG4930,2.46499887
19640,g__RGIG5021,2.619305765
19641,g__RGIG5050,1.470613996
19642,g__RGIG5057,1.900660114
19643,g__RGIG5097,2.773014743
19644,g__RGIG5270,2.290870659
19645,g__RGIG529,2.38290036
19646,g__RGIG5299,2.30504575
19647,g__RGIG5327,2.050100203
19648,g__RGIG5418,3.403449189
19649,g__RGIG5472,3.21551593
19650,g__RGIG5474,3.203730939
19651,g__RGIG5495,2.911153272
19652,g__RGIG5554,2.101341616
19653,g__RGIG5556,2.165371275
19654,g__RGIG5579,2.442933827
19655,g__RGIG5612,2.968589539
19656,g__RGIG5631,3.329718711
19657,g__RGIG5636,2.970328363
19658,g__RGIG5644,2.818526802
19659,g__RGIG5669,2.887387269
19660,g__RGIG5675,3.38235126
19661,g__RGIG5678,2.663037035
19662,g__RGIG5681,1.931443957
19663,g__RGIG5691,3.546367165
19664,g__RGIG5705,2.834252705
19665,g__RGIG5709,2.411258322
19666,g__RGIG5755,2.865366613
19667,g__RGIG577,3.077596277
19668,g__RGIG5952,1.618422308
19669,g__RGIG6076,2.314104771
19670,g__RGIG6097,3.029807506
19671,g__RGIG6098,2.402997304
19672,g__RGIG6105,2.289217075
19673,g__RGIG6154,2.512163861
19674,g__RGIG6165,2.723838362
19675,g__RGIG6178,2.512168283
19676,g__RGIG6291,1.888582287
19677,g__RGIG6307,2.619202357
19678,g__RGIG6353,2.464122459
19679,g__RGIG6374,2.133892301
19680,g__RGIG6375,3.085666487
19681,g__RGIG6429,2.379638009
19682,g__RGIG6449,2.311166236
19683,g__RGIG6452,2.181646724
19684,g__RGIG6463,2.632352237
19685,g__RGIG6518,3.318815922
19686,g__RGIG6635,1.990675854
19687,g__RGIG6639,2.505815691
19688,g__RGIG665,3.216511254
19689,g__RGIG6720,2.128724499
19690,g__RGIG6816,2.710621773
19691,g__RGIG6874,2.583576287
19692,g__RGIG6904,2.452491218
19693,g__RGIG6909,2.946473404
19694,g__RGIG6919,3.514479763
19695,g__RGIG6969,3.236836238
19696,g__RGIG7041,3.196207946
19697,g__RGIG7067,3.108390425
19698,g__RGIG7089,2.205357319
19699,g__RGIG7107,2.899379049
19700,g__RGIG7111,2.826111871
19701,g__RGIG7114,2.807838448
19702,g__RGIG7150,2.187272188
19703,g__RGIG7179,4.103030276
19704,g__RGIG7193,3.332512383
19705,g__RGIG7213,2.763211063
19706,g__RGIG7238,3.305713039
19707,g__RGIG7265,2.452062345
19708,g__RGIG7273,3.110333257
19709,g__RGIG7300,2.772788037
19710,g__RGIG7332,2.973292188
19711,g__RGIG7378,2.500183126
19712,g__RGIG7384,2.448093342
19713,g__RGIG7389,3.416269477
19714,g__RGIG7444,2.657648699
19715,g__RGIG7450,1.797127962
19716,g__RGIG7773,2.308052635
19717,g__RGIG7926,3.065261915
19718,g__RGIG7931,1.841975268
19719,g__RGIG7949,2.503634048
19720,g__RGIG7977,2.124461145
19721,g__RGIG8002,1.878176655
19722,g__RGIG8048,2.679691627
19723,g__RGIG8050,1.820410099
19724,g__RGIG8124,2.19546852
19725,g__RGIG8164,1.8727637
19726,g__RGIG8244,2.065061549
19727,g__RGIG8306,2.959669495
19728,g__RGIG8367,1.699482125
19729,g__RGIG8368,1.979300353
19730,g__RGIG8386,1.94411714
19731,g__RGIG8399,2.80289494
19732,g__RGIG8482,1.98514042
19733,g__RGIG8497,2.947950288
19734,g__RGIG8523,2.935286484
19735,g__RGIG8597,2.852876714
19736,g__RGIG8607,2.640561019
19737,g__RGIG8700,1.799714798
19738,g__RGIG8709,1.875856874
19739,g__RGIG8715,3.224083098
19740,g__RGIG8745,2.551632295
19741,g__RGIG8748,2.803570363
19742,g__RGIG8762,2.469243377
19743,g__RGIG8767,3.009887016
19744,g__RGIG8773,3.35857591
19745,g__RGIG8775,2.436861444
19746,g__RGIG8779,2.055461603
19747,g__RGIG8782,1.735544906
19748,g__RGIG8785,1.796722435
19749,g__RGIG9041,2.304455352
19750,g__RGIG9060,2.779165857
19751,g__RGIG9079,2.202231078
19752,g__RGIG9096,2.904155061
19753,g__RGIG9099,3.044252575
19754,g__RGIG9107,2.83348269
19755,g__RGIG9113,3.143387011
19756,g__RGIG9114,2.449094699
19757,g__RGIG9115,2.455704866
19758,g__RGIG9126,2.184482979
19759,g__RGIG9151,2.572345207
19760,g__RGIG9169,2.155964888
19761,g__RGIG9182,2.234749273
19762,g__RGIG9201,2.740788858
19763,g__RGIG9287,2.133917963
19764,g__RGIG9341,2.833649668
19765,g__RGIG9379,2.531208621
19766,g__RGIG9417,2.51864184
19767,g__RGIG9608,1.976088991
19768,g__RGIG9670,2.604467421
19769,g__RGIG982,2.866469634
19770,g__RGIG989,3.449336964
19771,g__RGIG990,2.499741853
19772,g__RGIG9934,2.156977694
19773,g__RGIG995,2.853194497
19774,g__RGIG9985,2.431028574
19775,g__RGMU01,2.169703501
19776,g__RGUW01,2.724381538
19777,g__RGVC01,1.755629303
19778,g__RGVD01,2.863279991
19779,g__RGVT01,2.470406276
19780,g__RGVZ01,3.176019101
19781,g__RGXB01,2.657014709
19782,g__RGZA01,2.898608193
19783,g__RGZB01,3.164435198
19784,g__RGZZ01,3.63777076
19785,g__RH-AL1,3.466508423
19786,g__RH-chloro-G1,2.094214528
19787,g__RH1A,5.081576799
19788,g__RH2-MAG17b,2.709978769
19789,g__RHAI01,2.903624011
19790,g__RHBSTW-00994,4.606736059
19791,g__RHKK01,2.146543426
19792,g__RHKX01,2.222090901
19793,g__RHKY01,2.889192571
19794,g__RHLJ01,3.135078518
19795,g__RI-106,3.958310081
19796,g__RI-112,3.369482119
19797,g__RI-121,2.680808994
19798,g__RI-153,4.27299267
19799,g__RI-182,3.168626753
19800,g__RI-185,3.075904417
19801,g__RI-211,2.403791825
19802,g__RI-212,3.264767747
19803,g__RI-213,2.632787399
19804,g__RI-231,3.695572322
19805,g__RI-242,3.024076137
19806,g__RI-283,2.342329184
19807,g__RI-29,3.08915284
19808,g__RI-34,3.065091099
19809,g__RI-342,2.745295299
19810,g__RI-372,3.782601009
19811,g__RI-382,2.504638971
19812,g__RI-421,3.262544104
19813,g__RI-43,2.568486096
19814,g__RI-461,2.539950064
19815,g__RI-55,3.231314704
19816,g__RI-92,3.497430251
19817,g__RI-95,2.89447534
19818,g__RICK01,2.57226944
19819,g__RICK02,2.64975422
19820,g__RKRQ01,2.103048398
19821,g__RKSB01,2.481356012
19822,g__RPPD01,2.863829133
19823,g__RPPU01,3.784894383
19824,g__RPQH01,3.295088847
19825,g__RPQJ01,2.914956639
19826,g__RPQK01,3.663149966
19827,g__RPQS01,2.32035366
19828,g__RPQV01,2.279305404
19829,g__RPRB01,3.525499377
19830,g__RPRC01,3.668047985
19831,g__RPRI01,2.890944409
19832,g__RQCD01,2.810678348
19833,g__RQOF01,2.695530811
19834,g__RQZE01,2.033907009
19835,g__RS62,3.179464648
19836,g__RSA1,3.372484808
19837,g__RSA11,2.341336354
19838,g__RSA17,2.156081253
19839,g__RSA5,2.330296336
19840,g__RSA7,2.394568889
19841,g__RSA9,1.886994532
19842,g__RSCCF101,2.697201851
19843,g__RSF151,2.476231594
19844,g__RSWP11,1.272313331
19845,g__RSWP21,1.186901393
19846,g__RSWP22,0.755145908
19847,g__RU20A,4.060968024
19848,g__RUG023,2.939293837
19849,g__RUG024,2.521364725
19850,g__RUG033,2.892793247
19851,g__RUG039,3.123052501
19852,g__RUG099,3.040938759
19853,g__RUG100,2.651131303
19854,g__RUG11126,2.89793368
19855,g__RUG11130,2.284125716
19856,g__RUG11139,2.872012179
19857,g__RUG11142,2.233051575
19858,g__RUG11194,1.965064018
19859,g__RUG11198,1.976900153
19860,g__RUG11200,3.135613914
19861,g__RUG11204,2.865935047
19862,g__RUG11215,1.721554366
19863,g__RUG11224,2.028639249
19864,g__RUG11237,3.761611847
19865,g__RUG11241,2.188020171
19866,g__RUG11247,2.994985331
19867,g__RUG11257,2.233256547
19868,g__RUG11272,2.211177244
19869,g__RUG114,2.388534885
19870,g__RUG11420,2.136793032
19871,g__RUG11462,2.111158557
19872,g__RUG11551,2.675898837
19873,g__RUG11623,2.51879539
19874,g__RUG11690,2.579388935
19875,g__RUG11783,2.554898544
19876,g__RUG11788,2.246607027
19877,g__RUG11792,2.078074236
19878,g__RUG11795,3.24834361
19879,g__RUG11797,2.211524673
19880,g__RUG11857,1.763670421
19881,g__RUG11864,2.431143415
19882,g__RUG11867,2.231980769
19883,g__RUG11872,2.445279102
19884,g__RUG11890,2.056662739
19885,g__RUG11894,3.305163133
19886,g__RUG11942,2.61545751
19887,g__RUG11977,3.149932654
19888,g__RUG12372,2.310242996
19889,g__RUG12395,2.430950868
19890,g__RUG12438,2.178331222
19891,g__RUG12461,2.476496482
19892,g__RUG12519,1.937673705
19893,g__RUG12783,1.938351656
19894,g__RUG12817,2.189805047
19895,g__RUG12826,2.408059511
19896,g__RUG12834,1.68520056
19897,g__RUG12867,2.037638745
19898,g__RUG12871,3.113363694
19899,g__RUG12931,2.433427478
19900,g__RUG12999,2.232812136
19901,g__RUG13038,1.837135299
19902,g__RUG13077,2.631505428
19903,g__RUG13091,1.926315156
19904,g__RUG131,2.304896489
19905,g__RUG13160,1.897415128
19906,g__RUG13279,2.278791376
19907,g__RUG13409,2.630244691
19908,g__RUG13583,2.524773039
19909,g__RUG13615,2.915086564
19910,g__RUG13868,1.953115719
19911,g__RUG14087,1.957478265
19912,g__RUG14106,2.133188254
19913,g__RUG14109,2.02838226
19914,g__RUG14121,2.207152299
19915,g__RUG14130,2.455223202
19916,g__RUG14156,2.440126464
19917,g__RUG14179,1.733093116
19918,g__RUG14186,3.109410688
19919,g__RUG14199,2.519039906
19920,g__RUG14215,2.229086134
19921,g__RUG14219,2.685397512
19922,g__RUG14223,2.580990009
19923,g__RUG14239,3.687224019
19924,g__RUG14240,2.601522584
19925,g__RUG14243,2.886356774
19926,g__RUG14258,4.250792542
19927,g__RUG14284,2.302135313
19928,g__RUG14300,2.57448431
19929,g__RUG14305,2.655453188
19930,g__RUG14319,2.803865891
19931,g__RUG14515,1.966828335
19932,g__RUG14670,2.106569945
19933,g__RUG14846,1.983393393
19934,g__RUG14871,3.475708133
19935,g__RUG14891,2.293303733
19936,g__RUG14903,0.955359097
19937,g__RUG159,2.092194406
19938,g__RUG191,2.548525902
19939,g__RUG240,1.749776256
19940,g__RUG306,2.603773566
19941,g__RUG334,3.482843132
19942,g__RUG343,1.855778121
19943,g__RUG350,1.940574212
19944,g__RUG369,2.445421998
19945,g__RUG410,2.517586803
19946,g__RUG420,2.937759794
19947,g__RUG440,3.111049463
19948,g__RUG472,2.599036091
19949,g__RUG521,2.751597905
19950,g__RUG563,2.607730262
19951,g__RUG572,1.884498402
19952,g__RUG591,2.074323593
19953,g__RUG592,3.330725724
19954,g__RUG612,2.224190429
19955,g__RUG626,2.775497584
19956,g__RUG658,1.782838027
19957,g__RUG666,2.315071227
19958,g__RUG678,3.431598875
19959,g__RUG695,2.004500612
19960,g__RUG705,1.87889016
19961,g__RUG708,3.675422049
19962,g__RUG714,2.879416681
19963,g__RUG721,2.343843334
19964,g__RUG727,1.882637743
19965,g__RUG730,1.476926406
19966,g__RUG754,3.0934605
19967,g__RUG756,2.287954052
19968,g__RUG760,2.521323182
19969,g__RUG762,3.349506294
19970,g__RUG806,2.56429199
19971,g__RUG841,2.402993921
19972,g__RUG842,2.253119687
19973,g__RUG844,2.434015202
19974,g__RXIV01,2.746169772
19975,g__RXIW01,2.621128171
19976,g__RXIX01,2.540931086
19977,g__RXOA01,2.454973231
19978,g__RYN-111,2.889662544
19979,g__RYN-115,2.939352326
19980,g__RYN-122,2.818837324
19981,g__RYN-124,2.824687901
19982,g__RYN-133,3.260795707
19983,g__RYN-140,3.403585821
19984,g__RYN-150,3.149661087
19985,g__RYN-170,2.120363047
19986,g__RYN-182,2.719685434
19987,g__RYN-227,4.217158371
19988,g__RYN-230,4.131315783
19989,g__RYN-353,4.137657624
19990,g__RYN-404,2.304251544
19991,g__RYN-405,2.295151021
19992,g__RYN-417,2.318961077
19993,g__RYN-425,1.854887511
19994,g__RYN-427,1.739897906
19995,g__RYN-428,3.275649762
19996,g__RYN-431,3.118527047
19997,g__RYN-433,3.47372846
19998,g__RYN-46,2.748545799
19999,g__RYN-50,2.6882562
20000,g__RYN-84,2.779965153
20001,g__RYN-85,3.10650215
20002,g__RYN-87,3.195449364
20003,g__RYZV01,1.937936902
20004,g__RZYC01,3.297848322
20005,g__RZYF01,1.736859845
20006,g__RZYO01,3.441169694
20007,g__RZYP01,3.142226729
20008,g__RZYX01,2.685583271
20009,g__RZYY01,2.531429338
20010,g__RZZM01,3.080499904
20011,g__RZZR01,2.740526873
20012,g__RZZS01,2.671359315
20013,g__Radiobacillus,4.54962263
20014,g__Rahnella,5.018153546
20015,g__Raineya,3.235320906
20016,g__Raineyella,3.139039855
20017,g__Ralstonia,4.282099457
20018,g__Ramlibacter,3.615556096
20019,g__Raoultibacter,2.983880507
20020,g__Raphidiopsis,3.132555611
20021,g__Rappaport,2.404350026
20022,g__Rariglobus,2.668045292
20023,g__Rariloculus,2.674721868
20024,g__Rarobacter,2.594499104
20025,g__Rathayibacter,3.00812171
20026,g__Reconciliibacillus,2.177939306
20027,g__Rectinema,2.434849107
20028,g__Regiella,2.700459035
20029,g__Regnicoccus,2.611933424
20030,g__Rehaiarchaeum,1.557109089
20031,g__Rehaibacterium,2.446121114
20032,g__Reichenbachiella,3.626250087
20033,g__Reidiella,3.575013331
20034,g__Reinekea,4.394124468
20035,g__Renibacterium,4.220135893
20036,g__Reyranella,4.065075514
20037,g__Rhabdaerophilum,3.194048732
20038,g__Rhabdobacter,4.752161115
20039,g__Rhabdochlamydia,2.010989351
20040,g__Rhabdochromatium,2.991579557
20041,g__Rhabdonatronobacter,2.868643445
20042,g__Rhabdothermincola,2.426018662
20043,g__Rhabdothermincola_A,2.618889381
20044,g__Rheinheimera,4.605515543
20045,g__Rhizobacter,4.131669057
20046,g__Rhizobium,5.374055485
20047,g__Rhizobium_C,5.25541776
20048,g__Rhizobium_D,3.646598372
20049,g__Rhizobium_E,4.600074146
20050,g__Rhizocola,5.85083207
20051,g__Rhizohabitans,5.000147987
20052,g__Rhizomicrobium,2.889123283
20053,g__Rhizorhabdus,3.910976924
20054,g__Rhizorhapis,3.227596451
20055,g__Rhodanobacter,2.859646352
20056,g__Rhodobacter,3.931265028
20057,g__Rhodobacter_B,4.575920192
20058,g__Rhodobacter_F,3.235854999
20059,g__Rhodobaculum,2.645294489
20060,g__Rhodobium,3.519674069
20061,g__Rhodoblastus,3.543203913
20062,g__Rhodocaloribacter,2.675605818
20063,g__Rhodococcus,4.409936982
20064,g__Rhodococcus_D,2.851672842
20065,g__Rhodococcus_E,4.245173682
20066,g__Rhodocyclus,3.011731143
20067,g__Rhodocytophaga,5.145101629
20068,g__Rhodoferax,3.661086527
20069,g__Rhodoferax_A,3.207368572
20070,g__Rhodoferax_B,4.56896555
20071,g__Rhodoferax_C,3.62733537
20072,g__Rhodoflexus,2.96182594
20073,g__Rhodoglobus,3.163528665
20074,g__Rhodohalobacter,2.770111602
20075,g__Rhodoligotrophos,3.834730668
20076,g__Rhodoluna,3.099012956
20077,g__Rhodomicrobium,3.075759285
20078,g__Rhodonellum,3.769801763
20079,g__Rhodophyticola,3.189506918
20080,g__Rhodopila,3.946312602
20081,g__Rhodopirellula,4.35021456
20082,g__Rhodoplanes,3.424678783
20083,g__Rhodopseudomonas,3.860081398
20084,g__Rhodopseudomonas_A,3.817256332
20085,g__Rhodosalinus,2.787752696
20086,g__Rhodospira,3.107549287
20087,g__Rhodospirillum,3.85256588
20088,g__Rhodospirillum_A,3.268719157
20089,g__Rhodothalassium,2.664440231
20090,g__Rhodothermus,2.298346016
20091,g__Rhodovarius,3.272098905
20092,g__Rhodovastum,4.212261953
20093,g__Rhodovibrio,3.311846012
20094,g__Rhodovulum,3.248771508
20095,g__Ribeiella,3.891032636
20096,g__Richelia,3.763990363
20097,g__Rickettsia,2.119565144
20098,g__Rickettsiella_B,2.107189509
20099,g__Riemerella,2.9833732
20100,g__Riesia,1.844289127
20101,g__Rifleibacterium,3.887327136
20102,g__Rikenella,2.038615575
20103,g__Rippkaea,2.872145185
20104,g__Risungbinella,4.371840522
20105,g__Rivibacter,3.190997771
20106,g__Rivihabitans,3.930878625
20107,g__Rivularia,4.238221394
20108,g__Robbsia,4.230253527
20109,g__Robertkochia,3.580027694
20110,g__Robertmurraya,5.548636796
20111,g__Robiginitalea,2.920748586
20112,g__Robiginitomaculum,3.020668156
20113,g__Robiginitomaculum_A,3.132779283
20114,g__Robiginitomaculum_B,2.941362931
20115,g__Robinsoniella,5.092116425
20116,g__Rodentibacter,3.536185573
20117,g__Rodentibacter_A,2.784092055
20118,g__Romboutsia,3.389290734
20119,g__Romboutsia_A,4.38336541
20120,g__Romboutsia_B,3.651635564
20121,g__Romboutsia_C,3.959863124
20122,g__Romboutsia_D,3.990412972
20123,g__Romboutsia_E,3.869694425
20124,g__Romeria,3.574652666
20125,g__Romeriopsis,4.010543331
20126,g__Root112D2,2.897415652
20127,g__Roseateles,4.647548497
20128,g__Roseburia,3.619587274
20129,g__Roseburia_A,3.624199592
20130,g__Roseburia_B,2.891824554
20131,g__Roseburia_C,3.595707761
20132,g__Roseburia_D,3.840785857
20133,g__Roseiarcus,3.62236166
20134,g__Roseibacillus,3.192263977
20135,g__Roseibacillus_B,2.697407314
20136,g__Roseibacterium,3.2689515
20137,g__Roseibium,4.737966308
20138,g__Roseicitreum,3.663655067
20139,g__Roseicyclus,3.256900799
20140,g__Roseiflexus,2.930955986
20141,g__Roseilinea,2.269713847
20142,g__Roseimaritima,3.651431733
20143,g__Roseimicrobium,4.419424589
20144,g__Roseinatronobacter,3.231873242
20145,g__Roseisolibacter,3.298309872
20146,g__Roseitalea,3.115791418
20147,g__Roseithermus,2.368148818
20148,g__Roseitranquillus,2.986378144
20149,g__Roseivirga,3.953864207
20150,g__Roseivivax,3.320700078
20151,g__Rosenbergiella,4.467711201
20152,g__Roseobacter,3.942215657
20153,g__Roseococcus,3.124425363
20154,g__Roseofilum,3.650249374
20155,g__Roseomonas,3.742123041
20156,g__Roseomonas_E,3.726467284
20157,g__Roseospirillum,2.783182297
20158,g__Roseovarius,3.464442294
20159,g__Rosistilla,4.429159076
20160,g__Roslinia,2.516866029
20161,g__Rossellomorea,6.258144088
20162,g__Rothia,3.036642261
20163,g__Rouxiella,5.147597939
20164,g__Rs1,5.017861263
20165,g__Ruania,2.862067981
20166,g__Rubellimicrobium,3.076096486
20167,g__Rubeoparvulum,3.275706459
20168,g__Rubidibacter,3.247100539
20169,g__Rubidus,2.969148856
20170,g__Rubinisphaera,3.686288574
20171,g__Rubneribacter,3.070410401
20172,g__Rubricella,3.746194634
20173,g__Rubricoccus,3.020482653
20174,g__Rubrimentiphilum,2.281470212
20175,g__Rubrimonas,3.018955859
20176,g__Rubripirellula,3.896075623
20177,g__Rubritalea,3.428869816
20178,g__Rubrivirga,2.73285727
20179,g__Rubrivivax,3.314165972
20180,g__Rubrivivax_A,3.290892791
20181,g__Rubrobacter,2.847938902
20182,g__Rubrobacter_A,2.588092122
20183,g__Rubrobacter_B,2.128400429
20184,g__Rubrobacter_C,2.324502305
20185,g__Rubrobacter_D,2.976513568
20186,g__Rubrobacter_E,2.227718618
20187,g__Rubrobacter_F,3.023272658
20188,g__Ructibacterium,2.331666285
20189,g__Rudaea,2.637789756
20190,g__Rudaeicoccus,3.237767386
20191,g__Rudanella,3.960336908
20192,g__Ruegeria,4.455630348
20193,g__Ruegeria_B,4.288705512
20194,g__Ruegeria_C,4.411678824
20195,g__Rufibacter,4.648699152
20196,g__Ruficoccus,2.814579776
20197,g__Rugamonas,7.152460329
20198,g__Rugamonas_A,5.946545566
20199,g__Rugosibacter,3.192926372
20200,g__Rugosimonospora,3.602083913
20201,g__RumEn-M2,2.188358692
20202,g__Ruminiclostridium,3.588497307
20203,g__Ruminiclostridium_D,2.647132334
20204,g__Ruminiclostridium_E,3.050974024
20205,g__Ruminobacter,4.561924706
20206,g__Ruminococcus,3.31671205
20207,g__Ruminococcus_B,3.393389456
20208,g__Ruminococcus_C,3.083382107
20209,g__Ruminococcus_E,2.743715131
20210,g__Ruminococcus_F,3.22786844
20211,g__Ruminococcus_G,4.11120706
20212,g__Rummeliibacillus,4.879688666
20213,g__Runella,4.401839492
20214,g__Ruoffia,3.432268899
20215,g__Ruthenibacterium,2.789250291
20216,g__Ruthia,2.153690987
20217,g__S009-29,2.21150323
20218,g__S010-17,2.488929247
20219,g__S010-25,2.630616722
20220,g__S010-51,2.792505815
20221,g__S010-53,3.05509322
20222,g__S012-109,2.257560373
20223,g__S012-113,2.995566518
20224,g__S012-128,2.545283101
20225,g__S012-135,2.218965097
20226,g__S012-138,2.751917316
20227,g__S012-15,2.879297024
20228,g__S012-22,2.311542067
20229,g__S012-25,2.132880414
20230,g__S012-40,2.399658912
20231,g__S012-47,2.618502241
20232,g__S012-72,1.841356988
20233,g__S012-77,1.975327829
20234,g__S012-89,2.520996842
20235,g__S012-90,2.63492953
20236,g__S013-73,2.146504336
20237,g__S014-12,2.459466744
20238,g__S014-18,1.934057238
20239,g__S014-19,2.272171074
20240,g__S014-41,2.212995133
20241,g__S014-50,2.093309317
20242,g__S014-63,1.343164727
20243,g__S015-18,2.659478461
20244,g__S015-6,3.440687481
20245,g__S016-13,3.169962557
20246,g__S016-19,2.258605797
20247,g__S016-27,1.836390002
20248,g__S016-38,2.093197396
20249,g__S016-54,1.965075894
20250,g__S016-85,2.031519465
20251,g__S016-97,0.9508966
20252,g__S017-3,2.597500974
20253,g__S0819,2.907712181
20254,g__S120,2.255834401
20255,g__S139-112,1.302208649
20256,g__S139-113,1.333290766
20257,g__S139-126,1.262778288
20258,g__S139-133,1.538718221
20259,g__S139-149,1.665868482
20260,g__S139-169,1.824811371
20261,g__S139-18,3.222113707
20262,g__S139-21,4.021434957
20263,g__S139-23,3.779849707
20264,g__S139-57,2.709295962
20265,g__S139-71,2.188352323
20266,g__S139-92,2.674133164
20267,g__S140-20,2.77592231
20268,g__S140-43,2.30453175
20269,g__S140-46,2.319506036
20270,g__S141-128,1.500980537
20271,g__S141-161,1.678251055
20272,g__S141-23,2.325052306
20273,g__S141-3,3.110692471
20274,g__S141-38,2.499172183
20275,g__S141-43,2.511561455
20276,g__S141-50,2.26525637
20277,g__S141-55,2.183491936
20278,g__S141-66,2.737990525
20279,g__S141-70,2.317128119
20280,g__S141-80,2.109523676
20281,g__S141-84,2.257886798
20282,g__S143-107,2.18635257
20283,g__S143-136,1.683106558
20284,g__S143-140,1.955099387
20285,g__S143-145,1.690617235
20286,g__S143-32,2.748632485
20287,g__S143-33,2.443748747
20288,g__S143-34,2.43535971
20289,g__S143-42,2.455382188
20290,g__S143-5,3.005440821
20291,g__S143-63,2.266597037
20292,g__S143-66,2.250444513
20293,g__S143-82,1.867320405
20294,g__S143-98,2.265305999
20295,g__S144-17,2.549487274
20296,g__S144-22,2.990965505
20297,g__S144-23,2.308099005
20298,g__S144-34,1.911501598
20299,g__S144-35,2.485191607
20300,g__S144-45,2.719904016
20301,g__S144-5,2.567394249
20302,g__S144-51,2.173446617
20303,g__S145-11,2.669123948
20304,g__S145-15,3.085530018
20305,g__S145-22,2.528644877
20306,g__S145-25,3.790679821
20307,g__S145-28,2.3108865
20308,g__S145-42,1.510657216
20309,g__S146-22,3.081374824
20310,g__S146-30,2.733225528
20311,g__S146-37,2.507010194
20312,g__S146-42,2.433760148
20313,g__S146-62,2.259245624
20314,g__S146-64,2.186949069
20315,g__S146-70,2.262441752
20316,g__S146-73,2.043446913
20317,g__S146-80,2.164892122
20318,g__S146-88,2.201689327
20319,g__S15-B10,2.245366655
20320,g__S20-B6,2.294396081
20321,g__S2C1553,4.659573519
20322,g__S3-3,4.942361692
20323,g__S36-B12,2.461184684
20324,g__S5-A14a,2.687288859
20325,g__S5-K13,1.697613866
20326,g__S5133MH16,2.87932069
20327,g__S7086C20,2.650665146
20328,g__SAAU01,2.473391872
20329,g__SABI01,3.086940425
20330,g__SABY01,2.902603475
20331,g__SACC01,2.366477656
20332,g__SACF01,2.964650521
20333,g__SACZ01,2.869171282
20334,g__SAR202-VII-2,2.752776311
20335,g__SAR86A,1.752750057
20336,g__SAT37,4.541790909
20337,g__SB11,3.222764265
20338,g__SB15,2.732255697
20339,g__SB21,2.92130397
20340,g__SB25,2.802912844
20341,g__SB3-54,3.196221998
20342,g__SBAT01,3.445413759
20343,g__SBAW01,1.741703803
20344,g__SBAX01,3.186864792
20345,g__SBAY01,2.254065241
20346,g__SBAZ01,1.704870165
20347,g__SBBA01,2.407677819
20348,g__SBBB01,1.698681549
20349,g__SBBD01,1.856589235
20350,g__SBBF01,2.664616926
20351,g__SBBG01,2.702266063
20352,g__SBBH01,2.134557161
20353,g__SBBL01,2.366392408
20354,g__SBBM01,1.386790293
20355,g__SBBT01,2.312111646
20356,g__SBBU01,2.277939425
20357,g__SBBV01,3.095393943
20358,g__SCADC1-2-3,2.427446206
20359,g__SCAELEC01,3.108036304
20360,g__SCBR16-9,1.996664425
20361,g__SCGC-AAA003-L08,1.823359461
20362,g__SCGC-AAA011-G17,1.923645298
20363,g__SCGC-AAA076-P13,1.839040721
20364,g__SCGC-AAA160-P02,2.466600256
20365,g__SCGC-AAA252-I15,1.972160054
20366,g__SCGC-AAA471-B05,1.977808509
20367,g__SCGC-AG-212-F23,1.984915629
20368,g__SCGC-AG-212-J23,2.795342637
20369,g__SCKK01,2.683918442
20370,g__SCMQ01,3.885105082
20371,g__SCMT01,3.065134446
20372,g__SCN-52-12,3.583219669
20373,g__SCN-57-10,2.727173469
20374,g__SCN-67-18,2.969206594
20375,g__SCN-69-37,2.549356159
20376,g__SCN-70-22,3.433465984
20377,g__SCPX01,1.688468058
20378,g__SCPY01,1.668341345
20379,g__SCQA01,2.219252439
20380,g__SCQK01,1.506164533
20381,g__SCQL01,2.382489582
20382,g__SCQM01,2.66307163
20383,g__SCQP01,2.641795845
20384,g__SCQX01,2.85782938
20385,g__SCRA01,2.670667496
20386,g__SCRD01,3.098980882
20387,g__SCRE01,3.643515955
20388,g__SCRL01,1.974618913
20389,g__SCRT01,2.607993472
20390,g__SCSIO-12696,3.407091321
20391,g__SCSIO-12741,3.933292517
20392,g__SCSIO-59966,2.215398342
20393,g__SCSIO-75732,2.990133911
20394,g__SCSN01,1.516608205
20395,g__SCSR01,1.700204935
20396,g__SCSU01,1.430235374
20397,g__SCSY01,2.562599343
20398,g__SCTA01,2.745775982
20399,g__SCTD01,2.750503231
20400,g__SCTG01,3.142876069
20401,g__SCTI01,2.002888267
20402,g__SCTJ01,2.035424351
20403,g__SCTK01,2.617353387
20404,g__SCTL01,2.781816776
20405,g__SCTM01,3.552462089
20406,g__SCTT01,2.775388728
20407,g__SCTV01,2.095090075
20408,g__SCUB01,2.610716638
20409,g__SCUD01,2.515738713
20410,g__SCUK01,2.605559942
20411,g__SCUL01,1.612984867
20412,g__SCUN01,2.569216218
20413,g__SCUS01,4.576608372
20414,g__SCUT-3,4.345485792
20415,g__SCVQ01,2.368850375
20416,g__SD8,2.500694183
20417,g__SDB,2.488993708
20418,g__SDB-A,2.824055819
20419,g__SDNM01,2.968580943
20420,g__SDRK01,1.940996239
20421,g__SDRW01,1.943544418
20422,g__SDU3-3,3.539164668
20423,g__SELP01,4.285211515
20424,g__SFDB01,2.780894105
20425,g__SFDP01,3.256017429
20426,g__SFEB01,2.389543764
20427,g__SFEL01,3.326138928
20428,g__SFFI01,2.581799905
20429,g__SFGY01,2.337117595
20430,g__SFHK01,2.827696105
20431,g__SFHR01,2.109744837
20432,g__SFIE01,3.831038468
20433,g__SFJ001,3.152922946
20434,g__SFKP01,2.056111432
20435,g__SFLA01,3.081615958
20436,g__SFMI01,2.620176721
20437,g__SFRY01,2.270820796
20438,g__SFTH01,3.088828681
20439,g__SFTJ01,2.81008252
20440,g__SFWF01,2.429895331
20441,g__SG-bin7,3.578968419
20442,g__SG-bin9,3.360115297
20443,g__SG1,2.141756077
20444,g__SG130,3.86429653
20445,g__SG8-13,2.90145005
20446,g__SG8-24,1.662540807
20447,g__SG8-30,2.413770358
20448,g__SG8-32-3,2.285308655
20449,g__SG8-38,3.168506045
20450,g__SG8-39,2.775159533
20451,g__SG8-4,3.022241251
20452,g__SG8-40,3.216808992
20453,g__SG8-41,2.844092487
20454,g__SG8-5,2.194687862
20455,g__SG8-52-3,2.416923562
20456,g__SGZJ01,1.681786403
20457,g__SH-MAG3,2.706947802
20458,g__SH412,4.155722055
20459,g__SHAN690,2.859079237
20460,g__SHLJ01,2.680273843
20461,g__SHLN01,2.760570394
20462,g__SHLQ01,3.505187301
20463,g__SHMX01,3.249261909
20464,g__SHND01,3.375722528
20465,g__SHNF01,2.623840577
20466,g__SHNJ01,2.888840511
20467,g__SHUM01,2.470834211
20468,g__SHUY01,2.599150693
20469,g__SHUZ01,2.28401606
20470,g__SHVA01,2.283938091
20471,g__SHVJ01,2.408827879
20472,g__SHVO01,2.908562413
20473,g__SHVP01,2.886778948
20474,g__SHVR01,2.640876
20475,g__SHVS01,2.203478367
20476,g__SHVT01,2.38499394
20477,g__SHVU01,2.243228053
20478,g__SHVV01,2.745310967
20479,g__SHVW01,3.243220904
20480,g__SHVY01,2.735257209
20481,g__SHVZ01,3.241304016
20482,g__SHWA01,2.314277287
20483,g__SHWB01,2.292833352
20484,g__SHWC01,2.743629686
20485,g__SHWF01,2.829040126
20486,g__SHWZ01,2.633384889
20487,g__SHXF01,3.829308238
20488,g__SHXO01,3.007145741
20489,g__SHXR01,3.417857344
20490,g__SHXV01,2.005220046
20491,g__SHXW01,2.226367737
20492,g__SHXZ01,2.365697821
20493,g__SHYA01,2.020820457
20494,g__SHYB01,2.071291042
20495,g__SHYC01,2.008927053
20496,g__SHYD01,2.679276649
20497,g__SHYE01,2.103332411
20498,g__SHYF01,2.087610908
20499,g__SHYG01,2.62484793
20500,g__SHYH01,2.264990463
20501,g__SHYK01,2.291221188
20502,g__SHYL01,1.986645597
20503,g__SHYM01,2.350808
20504,g__SHYN01,1.938547527
20505,g__SHYO01,2.670565356
20506,g__SHYP01,2.020215672
20507,g__SHYQ01,2.344398553
20508,g__SHYR01,2.233978543
20509,g__SHYT01,2.178321772
20510,g__SHYY01,3.439823981
20511,g__SHYZ01,2.555288248
20512,g__SHZC01,3.471165992
20513,g__SHZF01,3.154394634
20514,g__SHZH01,2.069527005
20515,g__SHZI01,2.597004274
20516,g__SHZL01,2.857283989
20517,g__SHZS01,2.06408836
20518,g__SHZT01,2.899734801
20519,g__SHZZ01,2.885602074
20520,g__SIAF01,3.321296213
20521,g__SIAJ01,3.458445444
20522,g__SIAN01,2.662957405
20523,g__SIAQ01,3.70499029
20524,g__SIAT01,2.156194426
20525,g__SIBE01,3.829589707
20526,g__SIBH01,2.216839364
20527,g__SIBK01,3.551199628
20528,g__SIBS01,1.052912102
20529,g__SIBU01,1.69040425
20530,g__SIBX01,1.460890075
20531,g__SICB01,1.66794612
20532,g__SICC01,1.419767996
20533,g__SICD01,1.895713196
20534,g__SICG01,3.366050412
20535,g__SICJ01,1.837506637
20536,g__SICM01,2.990854492
20537,g__SICN01,1.940683504
20538,g__SICP01,1.920293699
20539,g__SICQ01,1.622326713
20540,g__SICU01,1.61304009
20541,g__SICV01,1.69341997
20542,g__SIG200,1.876003256
20543,g__SIG204,2.075769181
20544,g__SIG205,2.094018531
20545,g__SIG208,2.174079003
20546,g__SIG220,1.971471513
20547,g__SIG223,2.139977348
20548,g__SIG230,3.210066947
20549,g__SIG262,3.263755355
20550,g__SIG263,2.940635102
20551,g__SIG274,3.684117478
20552,g__SIG280,3.231804078
20553,g__SIG291,2.98444218
20554,g__SIG292,3.885237032
20555,g__SIG293,2.921120959
20556,g__SIG299,3.62339107
20557,g__SIG30,2.172152327
20558,g__SIG300,2.433093954
20559,g__SIG301,2.842940991
20560,g__SIG307,3.6080226
20561,g__SIG308,3.313257505
20562,g__SIG32,2.371983176
20563,g__SIG332,2.759847357
20564,g__SIG333,3.661883774
20565,g__SIG336,3.140322319
20566,g__SIG350,2.155251813
20567,g__SIG351,2.343403484
20568,g__SIG354,2.435333654
20569,g__SIG37,2.244451205
20570,g__SIG371,2.128229152
20571,g__SIG373,2.562578476
20572,g__SIG381,2.160581745
20573,g__SIG402,2.343985985
20574,g__SIG42,2.593977888
20575,g__SIG423,2.322871434
20576,g__SIG424,2.372943555
20577,g__SIG427,2.31409724
20578,g__SIG430,1.953163026
20579,g__SIG435,1.634200952
20580,g__SIG437,2.270815256
20581,g__SIG438,1.902160997
20582,g__SIG440,2.630790657
20583,g__SIG447,2.472522507
20584,g__SIG448,2.020617272
20585,g__SIG450,2.639079954
20586,g__SIG452,2.880339498
20587,g__SIG454,2.520804478
20588,g__SIG455,2.397599777
20589,g__SIG459,3.149126381
20590,g__SIG469,3.194110606
20591,g__SIG471,3.417122334
20592,g__SIG480,2.669471735
20593,g__SIG483,2.621802722
20594,g__SIG488,2.570548858
20595,g__SIG495,2.969853474
20596,g__SIG499,2.186200361
20597,g__SIG5,2.90327602
20598,g__SIG502,2.391134283
20599,g__SIG510,2.536116439
20600,g__SIG519,2.060192791
20601,g__SIG526,2.488216725
20602,g__SIG530,2.006781529
20603,g__SIG554,2.674650189
20604,g__SIG565,2.587611909
20605,g__SIG575,1.980612933
20606,g__SIG578,2.402218427
20607,g__SIG587,2.48328805
20608,g__SIG588,2.413826091
20609,g__SIG589,2.631754809
20610,g__SIG598,2.994430938
20611,g__SIG603,3.013794824
20612,g__SIG607,2.480442367
20613,g__SIG622,3.261873498
20614,g__SIG627,2.39676066
20615,g__SIG636,2.662989857
20616,g__SIG640,2.935825954
20617,g__SIG644,2.920847625
20618,g__SIG653,2.89422994
20619,g__SIG655,2.905939178
20620,g__SIG662,2.532067287
20621,g__SIG672,1.781994468
20622,g__SIG673,2.13286818
20623,g__SIG685,2.442040347
20624,g__SIG693,3.074074091
20625,g__SIG694,2.650728486
20626,g__SIG701,2.882799548
20627,g__SIG704,2.391658886
20628,g__SIG710,2.943417923
20629,g__SIG714,2.845428625
20630,g__SIG77,2.062942366
20631,g__SIG78,2.758002979
20632,g__SIG79,2.586785765
20633,g__SIO1A7,4.684639812
20634,g__SIO1E4,4.772387676
20635,g__SIO3C6,4.332844755
20636,g__SIO3F2,4.417492573
20637,g__SIO4C1,3.475797339
20638,g__SIRW01,2.277442766
20639,g__SIRX01,2.522365656
20640,g__SKFT01,2.537706206
20641,g__SKGA01,1.912211336
20642,g__SKGI01,2.125338239
20643,g__SKGK01,2.176527565
20644,g__SKGN01,1.717405548
20645,g__SKGZ01,2.297421951
20646,g__SKHV01,2.196696104
20647,g__SKIA01,1.921191018
20648,g__SKIB01,3.249900866
20649,g__SKIC01,2.713238316
20650,g__SKIL01,2.993946915
20651,g__SKIS01,1.791347617
20652,g__SKIU01,2.117255912
20653,g__SKJH01,1.94755878
20654,g__SKJO01,2.447747928
20655,g__SKKC01,2.784429266
20656,g__SKKK01,3.851483039
20657,g__SKKL01,2.814322905
20658,g__SKKN01,2.672937593
20659,g__SKKY01,2.711203984
20660,g__SKKZ01,2.261259431
20661,g__SKLC01,2.31977274
20662,g__SKLG01,2.604406231
20663,g__SKLM01,2.336976461
20664,g__SKLO01,2.767048466
20665,g__SKLX01,2.205002002
20666,g__SKMO01,3.010015588
20667,g__SKMY01,2.265992072
20668,g__SKNI01,3.291177482
20669,g__SKNL01,2.272339977
20670,g__SKNW01,2.692697321
20671,g__SKNY01,2.218511825
20672,g__SKOM01,2.66846703
20673,g__SKON01,3.279318276
20674,g__SKOX01,2.429836824
20675,g__SKOZ01,1.798572921
20676,g__SKPH01,2.315108183
20677,g__SKPS01,2.628449768
20678,g__SKPT01,1.908198232
20679,g__SKPY01,2.499594171
20680,g__SKQL01,2.204819618
20681,g__SKQO01,2.797511199
20682,g__SKQS01,2.9480078
20683,g__SKQW01,3.112231611
20684,g__SKRC01,2.632686398
20685,g__SKRI01,2.600476218
20686,g__SKRM01,2.516457878
20687,g__SKRR01,2.560613533
20688,g__SKRY01,2.042795772
20689,g__SKSH01,2.472024583
20690,g__SKSP01,2.73855029
20691,g__SKSR01,2.49288458
20692,g__SKTA01,2.06378377
20693,g__SKTG01,2.511054656
20694,g__SKUL01,2.900300694
20695,g__SKVJ01,2.581094563
20696,g__SKVL01,1.672713901
20697,g__SKVR01,2.740777575
20698,g__SKVS01,2.433205679
20699,g__SKW135,2.933642114
20700,g__SKW153,1.612520345
20701,g__SKW154,2.804253818
20702,g__SKW158,3.991926076
20703,g__SKW16,1.975898508
20704,g__SKW182,3.8385356
20705,g__SKW190,2.061592318
20706,g__SKW197,2.185578342
20707,g__SKW22,2.421957076
20708,g__SKW25,1.122336718
20709,g__SKW257,3.374061607
20710,g__SKW292,1.878079533
20711,g__SKW32,1.477139947
20712,g__SKW42,1.676393488
20713,g__SKW86,3.619066433
20714,g__SKWO01,2.624942776
20715,g__SKWV01,2.437503632
20716,g__SKWY01,3.244493425
20717,g__SKXG01,2.662070292
20718,g__SKXI01,2.451936672
20719,g__SKXS01,2.532087137
20720,g__SKXZ01,2.045129292
20721,g__SKYB106,1.65482077
20722,g__SKYB132,2.247914029
20723,g__SKYB61,2.656659085
20724,g__SKYF01,2.779226318
20725,g__SKYG01,2.197839173
20726,g__SKYG9,2.975650699
20727,g__SKYL01,2.153365639
20728,g__SKZA01,2.210727996
20729,g__SKZB01,2.64855691
20730,g__SKZC01,2.669862791
20731,g__SKZP01,2.700780694
20732,g__SKZT01,2.879226295
20733,g__SKZV01,2.746945501
20734,g__SL1-B47,2.924385079
20735,g__SLAA01,2.897133063
20736,g__SLAD01,2.125065199
20737,g__SLAK01,2.982463093
20738,g__SLAN01,2.497296367
20739,g__SLAO01,2.033014745
20740,g__SLAU01,2.359195985
20741,g__SLBA01,2.777165115
20742,g__SLCC01,2.857581395
20743,g__SLCH01,2.63144242
20744,g__SLCJ01,2.561729883
20745,g__SLCK01,2.522190826
20746,g__SLCP01,2.109097795
20747,g__SLDB01,2.369582466
20748,g__SLDE01,3.271192734
20749,g__SLDF01,3.82720812
20750,g__SLDG01,2.428960676
20751,g__SLDT01,2.651792142
20752,g__SLFE01,2.284591022
20753,g__SLFH01,2.24328178
20754,g__SLFT01,2.104886925
20755,g__SLFX01,2.168503125
20756,g__SLGK01,3.583091593
20757,g__SLGQ01,2.330139496
20758,g__SLGR01,2.101636012
20759,g__SLHA01,2.770089944
20760,g__SLHB01,2.386979954
20761,g__SLHU01,1.752616389
20762,g__SLHW01,1.720574062
20763,g__SLHZ01,2.347468556
20764,g__SLID01,1.572067892
20765,g__SLIM01,2.765638502
20766,g__SLIZ01,2.712463128
20767,g__SLJD01,2.212633179
20768,g__SLJK01,2.372119847
20769,g__SLJM01,3.303580515
20770,g__SLJN01,2.936483932
20771,g__SLJS01,2.627575191
20772,g__SLK101,2.347699382
20773,g__SLKG01,1.718610012
20774,g__SLLF01,2.193008333
20775,g__SLLG01,2.625356964
20776,g__SLLK01,2.355837637
20777,g__SLLR01,2.780110557
20778,g__SLLW01,2.284832906
20779,g__SLM-1,3.556160228
20780,g__SLMC01,2.399769771
20781,g__SLMF01,2.405804737
20782,g__SLMJ01,2.686693143
20783,g__SLMP01,2.137192146
20784,g__SLMS01,2.462614336
20785,g__SLMV01,2.467274491
20786,g__SLNH01,3.633419749
20787,g__SLNJ01,2.263859842
20788,g__SLNK01,1.923281832
20789,g__SLNM01,1.841555942
20790,g__SLNP01,2.302071069
20791,g__SLNR01,2.419456618
20792,g__SLOG01,2.419391073
20793,g__SLOH01,2.028763392
20794,g__SLOL01,2.594648294
20795,g__SLOU01,2.592288531
20796,g__SLOV01,2.785385057
20797,g__SLOW01,1.962775845
20798,g__SLOZ01,2.795616781
20799,g__SLPE01,1.931155871
20800,g__SLPH01,2.429999281
20801,g__SLPQ01,2.123483357
20802,g__SLPX01,3.047625565
20803,g__SLQC01,2.251451485
20804,g__SLQH01,2.133835144
20805,g__SLQM01,2.334662843
20806,g__SLQR01,2.336546807
20807,g__SLQV01,2.93379866
20808,g__SLRF01,1.694033007
20809,g__SLRI01,3.011735983
20810,g__SLRP01,2.184349502
20811,g__SLRQ01,2.903370451
20812,g__SLRW01,2.242299306
20813,g__SLSG01,1.795059493
20814,g__SLSH01,2.360775503
20815,g__SLSJ01,2.640560906
20816,g__SLSP01,3.264604963
20817,g__SLSQ01,2.145936108
20818,g__SLSR01,1.632246943
20819,g__SLST01,2.821548802
20820,g__SLSY01,2.590506244
20821,g__SLTB01,3.229059442
20822,g__SLTJ01,2.637941908
20823,g__SM1-40,2.346494581
20824,g__SM1-46,2.700235118
20825,g__SM1-50,2.374729351
20826,g__SM1-73,2.287668725
20827,g__SM1-B181,2.814494986
20828,g__SM1919,4.505375201
20829,g__SM2101,4.559358654
20830,g__SM23-28-2,2.043991303
20831,g__SM23-30,2.651340762
20832,g__SM23-31,2.320236266
20833,g__SM23-32,1.179747362
20834,g__SM23-33,2.193627248
20835,g__SM23-39,1.538506341
20836,g__SM23-42,2.397844348
20837,g__SM23-61,3.426238822
20838,g__SM23-62,2.425683937
20839,g__SM23-73-2,2.213467928
20840,g__SM23-73-3,2.277869355
20841,g__SM23-78,1.89278226
20842,g__SM23-81,2.620107263
20843,g__SM3-B121,3.492092726
20844,g__SM3-B41,3.200178651
20845,g__SM3-B62,2.813777981
20846,g__SMBSF39,2.514978472
20847,g__SMBSF63,3.022415846
20848,g__SMBSF77,2.623522954
20849,g__SMO-BIN1,2.726796912
20850,g__SMTZ1-45,3.065454944
20851,g__SMTZ1-83,2.932004091
20852,g__SMVS01,2.309751151
20853,g__SMWC01,2.486408289
20854,g__SMWD01,2.468761013
20855,g__SMWF01,2.960627339
20856,g__SMWH01,2.148325664
20857,g__SMWK01,3.284731937
20858,g__SMWN01,2.512227276
20859,g__SMWR01,2.362041877
20860,g__SMWT01,2.815521806
20861,g__SMWZ01,3.039823095
20862,g__SMXL01,2.686490414
20863,g__SMXP01,2.183861437
20864,g__SMXQ01,2.688532866
20865,g__SMXR01,2.30571211
20866,g__SMXS01,3.413827423
20867,g__SMYC01,4.320508133
20868,g__SMYD01,2.564556719
20869,g__SNAP01,2.74293086
20870,g__SO9,3.840485692
20871,g__SOIA01,2.304204304
20872,g__SOIL31,1.987317473
20873,g__SOIM01,2.581767113
20874,g__SOIS01,2.391178513
20875,g__SOIV01,2.406137199
20876,g__SOIY01,2.275003962
20877,g__SOJA01,2.027110876
20878,g__SOJC01,1.933869659
20879,g__SOJS01,2.126457673
20880,g__SOJT01,1.912899045
20881,g__SOJZ01,2.269303161
20882,g__SOKD01,1.900861262
20883,g__SOKG01,2.618492649
20884,g__SOKK01,1.452023381
20885,g__SOKP01,2.886743594
20886,g__SORT01,2.467713973
20887,g__SP197,3.170378163
20888,g__SP202,2.255762143
20889,g__SP22,1.96701044
20890,g__SP256,1.914586996
20891,g__SP287,1.835821909
20892,g__SP4073,2.052877743
20893,g__SP4260,2.150042651
20894,g__SP5GCR1,2.050195215
20895,g__SP79,2.07185266
20896,g__SPBP01,2.466506066
20897,g__SPBQ01,2.65082882
20898,g__SPBW01,2.539450178
20899,g__SPCO01,2.312864666
20900,g__SPDA01,2.966926713
20901,g__SPDF01,2.467033989
20902,g__SPGG2,3.258385705
20903,g__SPGG5,2.778168689
20904,g__SPJN01,2.861428345
20905,g__SPJV01,3.458511632
20906,g__SPLOWO2-01-44-7,2.665923271
20907,g__SR-FBR-E99,2.277960282
20908,g__SRXY01,4.268518995
20909,g__SSC3,3.322107204
20910,g__SSC4,3.337775193
20911,g__SSEF01,1.874497388
20912,g__SSEL01,4.320995059
20913,g__SSF14,3.383351031
20914,g__SSF26,3.016129018
20915,g__SSF53,3.090628488
20916,g__SSGK01,2.86351768
20917,g__SSGW-16,2.148000125
20918,g__SSS58A,2.064044383
20919,g__SSSZ01,3.173900195
20920,g__STB-63,2.077349186
20921,g__STB-87,2.871582124
20922,g__STC-54,1.275248694
20923,g__STC-74,3.021631107
20924,g__STD1-117,1.29723127
20925,g__STD1-204,1.687136856
20926,g__STD1-80,1.704108535
20927,g__STD1-84,1.464758372
20928,g__STD2-102,2.45049245
20929,g__STD2-12,2.996460948
20930,g__STD2-154,2.844669261
20931,g__STD2-204,1.397679976
20932,g__STD2-77,1.972301533
20933,g__STE-11,2.107235419
20934,g__STE-63,1.492136171
20935,g__STE-71,1.380820008
20936,g__STE-72,1.78288996
20937,g__STF1-107,2.100087953
20938,g__STF1-138,1.544206916
20939,g__STF1-152,2.122388075
20940,g__STF1-184,2.145035444
20941,g__STF1-284,1.613783191
20942,g__STF1-71,1.803339183
20943,g__STF1-98,2.377025787
20944,g__STF2-111,2.407824486
20945,g__STF2-152,2.670092578
20946,g__STF2-20,3.119139755
20947,g__STF2-203,2.238493644
20948,g__STF2-222,2.803798453
20949,g__STF2-37,3.245878467
20950,g__STF2-47,1.583008033
20951,g__SUG1161,2.124152028
20952,g__SUG1173,2.72051612
20953,g__SUG1186,3.365308634
20954,g__SUG1189,2.749589778
20955,g__SUG1201,2.387697687
20956,g__SUG1228,3.542908634
20957,g__SUG1456,2.639984296
20958,g__SUG1495,2.671765918
20959,g__SUG1684,3.561908595
20960,g__SUP05,2.21268532
20961,g__SURF-10,3.180531419
20962,g__SURF-12,3.488199825
20963,g__SURF-13,2.012370668
20964,g__SURF-15,3.767015979
20965,g__SURF-16,3.963558608
20966,g__SURF-17,2.921953059
20967,g__SURF-19,2.047421037
20968,g__SURF-21,2.804759032
20969,g__SURF-23,2.593357913
20970,g__SURF-24,2.699057382
20971,g__SURF-25,1.555491823
20972,g__SURF-27,2.326208409
20973,g__SURF-28,2.79899186
20974,g__SURF-3,3.024365688
20975,g__SURF-32,2.814136405
20976,g__SURF-33,2.920059804
20977,g__SURF-36,2.320300376
20978,g__SURF-37,1.460718836
20979,g__SURF-38,1.495794621
20980,g__SURF-40,1.872991655
20981,g__SURF-43,2.475981491
20982,g__SURF-47,1.992948121
20983,g__SURF-5,3.127162334
20984,g__SURF-52,2.706181111
20985,g__SURF-54,1.326864879
20986,g__SURF-55,2.091008691
20987,g__SURF-56,1.68090975
20988,g__SURF-57,1.513336676
20989,g__SURF-58,2.113097617
20990,g__SURF-60,2.748157042
20991,g__SURF-62,1.461716901
20992,g__SURF-65,2.42495884
20993,g__SURF-8,3.018094897
20994,g__SURF-9,2.488177959
20995,g__SV3-B141,3.48611116
20996,g__SV3-B162,2.264009405
20997,g__SVCP01,3.407879465
20998,g__SVXNc,2.5952362
20999,g__SW-10-69-26,2.649203208
21000,g__SW-11-45-7,2.337690209
21001,g__SW-4-43-9,2.571808976
21002,g__SW-4-49-11,1.846438729
21003,g__SW-6-46-9,1.831682125
21004,g__SW-7-71-33,2.446943361
21005,g__SW-9-67-25,2.455722036
21006,g__SW10,3.140837345
21007,g__SW132,2.80093542
21008,g__SW4,3.479676255
21009,g__SXHM01,2.752584075
21010,g__SXHS01,2.713324453
21011,g__SXHT01,2.760115477
21012,g__SXIE01,3.138291976
21013,g__SXIK01,3.284204223
21014,g__SXIP01,3.53059522
21015,g__SXIZ01,3.728609519
21016,g__SXJQ01,2.323714406
21017,g__SXKJ01,4.284519918
21018,g__SXLG01,2.66182249
21019,g__SXMI01,2.132789096
21020,g__SXND01,4.095533959
21021,g__SXNL01,4.561754175
21022,g__SXNM01,2.826019619
21023,g__SXOA01,3.619176561
21024,g__SXOB01,3.226632478
21025,g__SXOD01,2.603780611
21026,g__SXON01,3.86898534
21027,g__SXOO01,4.009565655
21028,g__SXOX01,3.915346711
21029,g__SXPC01,3.827329061
21030,g__SXPK01,2.937501922
21031,g__SXQI01,2.948517064
21032,g__SXRF01,2.799332694
21033,g__SXRM01,3.600901468
21034,g__SXSI01,1.714980004
21035,g__SXSK01,3.932209826
21036,g__SXSP01,3.382314119
21037,g__SXSU01,3.295232115
21038,g__SXTU01,3.351043901
21039,g__SXUL01,2.299003787
21040,g__SXVE01,2.987113099
21041,g__SXWH01,3.370235623
21042,g__SXXA01,2.293947338
21043,g__SXXH01,2.736980899
21044,g__SXXK01,4.17164241
21045,g__SXXZ01,3.168691944
21046,g__SXYR01,2.416558617
21047,g__SXZD01,2.92259565
21048,g__SY8519,2.927429975
21049,g__SYAC01,2.588695666
21050,g__SYAK01,3.072167719
21051,g__SYAN01,2.573897105
21052,g__SYAR01,2.419250601
21053,g__SYBY01,3.168206231
21054,g__SYDM01,1.65014379
21055,g__SYDY01,3.433814989
21056,g__SYFI01,2.018172557
21057,g__SYFN01,3.043480412
21058,g__SYFR01,3.301003875
21059,g__SYFT01,2.786869321
21060,g__SYFY01,3.416894513
21061,g__SYGM01,2.699657261
21062,g__SYGV01,2.691299843
21063,g__SYHX01,2.193944439
21064,g__SYIB01,2.561669411
21065,g__SYIM01,3.442806219
21066,g__SYKL01,4.075854765
21067,g__SYKU01,3.736760876
21068,g__SYLG01,3.359629068
21069,g__SYLI01,2.303381747
21070,g__SYLX01,4.287042183
21071,g__SYLY01,4.418433608
21072,g__SYMT01,4.170107061
21073,g__SYOC01,3.915069803
21074,g__SYOX01,4.552118813
21075,g__SYPI01,2.292675502
21076,g__SYSU-D60014,3.543890239
21077,g__SYSU-D60015,3.466522765
21078,g__SZ-28-30,2.832866733
21079,g__SZAS-1,4.758593539
21080,g__SZAS-103,2.541698049
21081,g__SZAS-13,2.102092676
21082,g__SZAS-15,2.083006671
21083,g__SZAS-17,2.267712393
21084,g__SZAS-18,3.403475174
21085,g__SZAS-26,2.349140305
21086,g__SZAS-3,2.010073136
21087,g__SZAS-5,2.883865544
21088,g__SZAS-6,2.65523864
21089,g__SZAS-7,2.746658842
21090,g__SZAS-72,2.817907751
21091,g__SZAS-79,3.474171529
21092,g__SZUA-100,3.50335003
21093,g__SZUA-104,1.3762732
21094,g__SZUA-1055,2.222503182
21095,g__SZUA-115,3.519905843
21096,g__SZUA-116,2.715915038
21097,g__SZUA-117,3.155187615
21098,g__SZUA-124,1.354047827
21099,g__SZUA-1377,2.104066817
21100,g__SZUA-140,2.392151933
21101,g__SZUA-1403,1.937139379
21102,g__SZUA-1433,2.772128495
21103,g__SZUA-1435,2.100398124
21104,g__SZUA-1443,2.48387357
21105,g__SZUA-1452,1.860644508
21106,g__SZUA-146,2.948151984
21107,g__SZUA-147,3.29960229
21108,g__SZUA-149,2.438235153
21109,g__SZUA-1492,1.95753853
21110,g__SZUA-1497,2.685833556
21111,g__SZUA-150,2.740698918
21112,g__SZUA-1508,2.094181222
21113,g__SZUA-1514,2.24549785
21114,g__SZUA-1515,2.292060369
21115,g__SZUA-152,2.850569162
21116,g__SZUA-1535,1.749164756
21117,g__SZUA-161,2.395711474
21118,g__SZUA-178,2.212944679
21119,g__SZUA-179,1.245604168
21120,g__SZUA-181,2.423249796
21121,g__SZUA-182,1.835761458
21122,g__SZUA-185,2.611133166
21123,g__SZUA-186,2.429844649
21124,g__SZUA-191,2.236200515
21125,g__SZUA-204,2.500691309
21126,g__SZUA-21,2.954001219
21127,g__SZUA-217,2.697355837
21128,g__SZUA-22,2.699173768
21129,g__SZUA-224,2.053666344
21130,g__SZUA-226,2.483250089
21131,g__SZUA-229,3.498128018
21132,g__SZUA-230,2.59480634
21133,g__SZUA-232,3.300922004
21134,g__SZUA-236,2.293015064
21135,g__SZUA-24,3.05746713
21136,g__SZUA-242,2.787999257
21137,g__SZUA-250,2.966506124
21138,g__SZUA-252,2.382606264
21139,g__SZUA-254,2.280283971
21140,g__SZUA-259,2.469506167
21141,g__SZUA-265,5.007595399
21142,g__SZUA-272,2.559153404
21143,g__SZUA-287,2.444325655
21144,g__SZUA-3,2.940360254
21145,g__SZUA-309,3.281207929
21146,g__SZUA-318,3.030911308
21147,g__SZUA-320,2.604202469
21148,g__SZUA-33,3.653352228
21149,g__SZUA-336,3.502086302
21150,g__SZUA-35,3.748071729
21151,g__SZUA-359,2.269356375
21152,g__SZUA-36,3.109547319
21153,g__SZUA-360,1.234862994
21154,g__SZUA-365,2.856305295
21155,g__SZUA-368,3.821723277
21156,g__SZUA-37,2.949888889
21157,g__SZUA-370,2.976443777
21158,g__SZUA-371,2.288081391
21159,g__SZUA-378,3.493159576
21160,g__SZUA-38,3.148833645
21161,g__SZUA-381,3.062850279
21162,g__SZUA-401,2.668618833
21163,g__SZUA-41,3.009284489
21164,g__SZUA-411,3.336484416
21165,g__SZUA-415,5.012090388
21166,g__SZUA-421,3.203818698
21167,g__SZUA-423,3.850727721
21168,g__SZUA-425,3.1274517
21169,g__SZUA-426,2.825354309
21170,g__SZUA-430,3.025414837
21171,g__SZUA-442,2.480488291
21172,g__SZUA-444,2.635480261
21173,g__SZUA-448,3.035112726
21174,g__SZUA-451,3.152053842
21175,g__SZUA-46,1.470532398
21176,g__SZUA-467,4.138602024
21177,g__SZUA-47,1.641639261
21178,g__SZUA-472,2.959669202
21179,g__SZUA-474,2.847910692
21180,g__SZUA-486,1.620614171
21181,g__SZUA-493,4.174580361
21182,g__SZUA-5,3.550545007
21183,g__SZUA-500,2.96273916
21184,g__SZUA-51,2.898519053
21185,g__SZUA-521,3.422747638
21186,g__SZUA-533,1.1181804
21187,g__SZUA-534,2.864589264
21188,g__SZUA-540,3.149770829
21189,g__SZUA-544,2.200254377
21190,g__SZUA-545,4.936730565
21191,g__SZUA-547,2.432976882
21192,g__SZUA-55,1.832330095
21193,g__SZUA-561,2.561870528
21194,g__SZUA-567,2.492715016
21195,g__SZUA-575,3.075882086
21196,g__SZUA-580,3.790074278
21197,g__SZUA-582,2.720110583
21198,g__SZUA-584,2.835102971
21199,g__SZUA-592,2.57654917
21200,g__SZUA-6,2.740673625
21201,g__SZUA-601,2.772744585
21202,g__SZUA-605,1.357395624
21203,g__SZUA-611,3.67830324
21204,g__SZUA-76,2.750118161
21205,g__SZUA-8,2.471140025
21206,g__SZUA-82,1.580407301
21207,g__SZUA-87,3.040940567
21208,g__SZYB01,2.158053813
21209,g__SZZU01,1.849896048
21210,g__SZZW01,2.317805767
21211,g__Sabulilitoribacter,2.574012175
21212,g__Sabulitectum,2.891909505
21213,g__Saccharibacillus,4.970285938
21214,g__Saccharibacter,2.825350704
21215,g__Saccharicenans,2.047038076
21216,g__Saccharicrinis,2.973539427
21217,g__Saccharimonas,1.757295394
21218,g__Sacchariniichlamydia,2.092179921
21219,g__Saccharobesus,4.260091369
21220,g__Saccharococcus,3.823915051
21221,g__Saccharofermentans,3.051847272
21222,g__Saccharolobus,2.71342182
21223,g__Saccharomonospora,3.384706415
21224,g__Saccharomonospora_A,3.929873701
21225,g__Saccharophagus,3.243177454
21226,g__Saccharopolyspora,4.415087221
21227,g__Saccharopolyspora_C,4.193626395
21228,g__Saccharopolyspora_D,4.444823768
21229,g__Saccharospirillum,3.973983302
21230,g__Saelkia,1.911088997
21231,g__Saezia,3.117387106
21232,g__Sagittula,4.299518354
21233,g__Salana,2.558030558
21234,g__Salaquimonas,3.489186483
21235,g__Salarchaeum,2.551116599
21236,g__Salegentibacter,3.038292962
21237,g__Salibacter,2.842423379
21238,g__Salibacterium,3.474781982
21239,g__Salibaculum,3.178775747
21240,g__Salicibibacter,3.455223972
21241,g__Salifodinibacter,2.747219826
21242,g__Salimicrobium,4.123148438
21243,g__Salinadaptatus,3.632887015
21244,g__Salinarchaeum,2.781447263
21245,g__Salinarimonas,3.438381657
21246,g__Salinarimonas_A,3.828010373
21247,g__Salinibacillus,4.292741326
21248,g__Salinibacter,2.488807997
21249,g__Salinibaculum,3.26144675
21250,g__Salinibius,4.41127586
21251,g__Salinicoccus,4.130497865
21252,g__Salinicola,3.702503285
21253,g__Salinigranum,3.510815364
21254,g__Salinihabitans,3.51896621
21255,g__Salinilacihabitans,2.942252161
21256,g__Salinimicrobium,3.310406693
21257,g__Saliniplasma,2.259504759
21258,g__Saliniradius,3.806076986
21259,g__Saliniramus,3.008522076
21260,g__Salinirubellus,3.126289464
21261,g__Salinirubrum,3.040418524
21262,g__Salinirussus,2.809491049
21263,g__Salinisphaera,3.035847944
21264,g__Salinispira,3.241620371
21265,g__Salinivibrio,5.055051605
21266,g__Salinivirga,3.012463447
21267,g__Salipaludibacillus,4.306799005
21268,g__Saliphagus,3.062894158
21269,g__Salipiger,4.318181352
21270,g__Salirhabdus,4.470256543
21271,g__Salirhabdus_A,4.12299455
21272,g__Salisaeta,2.293716531
21273,g__Salisediminibacterium,3.661919435
21274,g__Saliterribacillus,3.555270416
21275,g__Salmonella,5.087858699
21276,g__Salsipaludibacter,2.929687761
21277,g__Salsuginibacillus,3.937519491
21278,g__Sam29DG08-bin30,2.39139675
21279,g__Samsonia,4.422716964
21280,g__Sandaracinobacteroides,3.020006122
21281,g__Sandaracinobacteroides_A,2.411951608
21282,g__Sandaracinomonas,2.933943093
21283,g__Sandaracinus,4.684350299
21284,g__Sandarakinorhabdus,3.110209638
21285,g__Sanguibacter,3.154288349
21286,g__Sansalvadorimonas,4.481872737
21287,g__Saonia,2.999961894
21288,g__Saprospira,3.835132675
21289,g__Sarcina,3.067471356
21290,g__Sarmatiella,2.442931279
21291,g__Savagea,3.635751237
21292,g__SbD1,3.437341697
21293,g__Scalindua,2.895221935
21294,g__Scalindua_A,2.863577754
21295,g__Scandinavium,4.801556047
21296,g__Scardovia,2.369755937
21297,g__Scatacola_A,2.692784199
21298,g__Scatavimonas,2.645226204
21299,g__Scatenecus,2.819454453
21300,g__Scatocola,2.668673848
21301,g__Scatolibacter,2.397397074
21302,g__Scatomonas,3.046729673
21303,g__Scatomorpha,2.719964404
21304,g__Scatoplasma,2.214834258
21305,g__Scatosoma,2.597791358
21306,g__Scatousia,2.879902646
21307,g__Scatovivens,2.022041223
21308,g__Schaedlerella,3.630759828
21309,g__Schinkia,4.758161493
21310,g__Schlegelella_A,3.23358043
21311,g__Schleiferia,2.244742314
21312,g__Schleiferilactobacillus,3.152647794
21313,g__Schlesneria,4.438461232
21314,g__Schmidhempelia,3.091728806
21315,g__Schneewindia,2.885450347
21316,g__Schneideria,1.462678289
21317,g__Schnuerera,2.683970169
21318,g__Schumannella,2.704785442
21319,g__Schwartzia,2.913105762
21320,g__Sciscionella,5.162697158
21321,g__Scleromatobacter,4.146920253
21322,g__Scopulibacillus,4.56271032
21323,g__Scopulibacillus_A,4.417280876
21324,g__Scotarchaeum,2.429566177
21325,g__Scrofimicrobium,2.979988235
21326,g__Scybalenecus,2.365533279
21327,g__Scybalocola,3.865135324
21328,g__Scybalomonas,4.193927263
21329,g__Scybalosoma,3.078755819
21330,g__Scybalousia,2.181605617
21331,g__Scytolyngbya,3.956640133
21332,g__Scytonema,6.20761938
21333,g__Scytonematopsis,5.704643397
21334,g__Sebaldella,3.025821666
21335,g__Secundilactobacillus,3.935945224
21336,g__Sedimentibacter,2.988480481
21337,g__Sedimenticola,3.614064637
21338,g__Sedimenticola_A,3.561409412
21339,g__Sedimentimonas,3.8941161
21340,g__Sedimentisphaera,1.571276571
21341,g__Sedimentitalea,3.840739298
21342,g__Sediminibacillus,4.603058041
21343,g__Sediminibacillus_A,5.106367148
21344,g__Sediminibacterium,2.942558709
21345,g__Sediminicola,3.209058913
21346,g__Sediminicola_A,3.886043156
21347,g__Sediminihabitans,2.869004064
21348,g__Sediminihaliea,3.41148317
21349,g__Sediminimonas,2.709615834
21350,g__Sediminispirochaeta,3.437563426
21351,g__Sediminitomix,4.578506039
21352,g__Sediminivirga,3.190458803
21353,g__Segetibacter,3.279743309
21354,g__Segeticoccus,3.520762359
21355,g__Segniliparus,3.156995518
21356,g__Seinonella,3.611744992
21357,g__Selenihalanaerobacter,2.697750295
21358,g__Seleniibacterium,3.873710418
21359,g__Seleniivibrio,3.068668708
21360,g__Selenobaculum,3.415805569
21361,g__Selenomonas,2.333147886
21362,g__Selenomonas_A,3.66636532
21363,g__Selenomonas_B,3.580517389
21364,g__Selenomonas_C,2.529399363
21365,g__Sellimonas,4.242705636
21366,g__Senegalimassilia,2.886510459
21367,g__Seohaeicola,3.801883585
21368,g__Seonamhaeicola,2.788598056
21369,g__Seramator,1.663661408
21370,g__Serinibacter,2.379663576
21371,g__Serinicoccus,2.720623683
21372,g__Serpentinimonas,2.649782954
21373,g__Serratia,6.662012934
21374,g__Serratia_A,5.119876237
21375,g__Serratia_B,6.521918514
21376,g__Serratia_C,1.258505059
21377,g__Serratia_D,1.846250153
21378,g__Serratia_E,2.082916033
21379,g__Serratia_F,5.687627036
21380,g__Serratia_G,3.450007792
21381,g__Serratia_H,2.315156726
21382,g__Serratia_I,2.871548858
21383,g__Serratia_J,5.428737764
21384,g__Serratia_K,3.794026495
21385,g__Serratia_L,6.852311273
21386,g__Sessilibacter,3.989673401
21387,g__Sharpea,3.613044834
21388,g__Sherwoodlollariibacterium,1.633260676
21389,g__Sheuella,3.411597404
21390,g__Shewanella,4.862187388
21391,g__Shikimatogenerans,1.157977325
21392,g__Shimazuella,4.201578103
21393,g__Shimia,4.243135076
21394,g__Shimia_A,4.242691394
21395,g__Shimia_B,3.81231496
21396,g__Shimwellia,5.619536818
21397,g__Shinella,4.938204502
21398,g__Shouchella,4.428692738
21399,g__Shuttleworthia,2.907970359
21400,g__Siansivirga,2.674811016
21401,g__Siccibacter,5.18611542
21402,g__Siccirubricoccus,3.811712795
21403,g__Siculibacillus,3.445583277
21404,g__Sideroxyarcus,2.941576888
21405,g__Sifarchaeum,2.161734173
21406,g__Sigynarchaeum,3.862184062
21407,g__Silanimonas,2.546749347
21408,g__Siliceabacter,2.46849462
21409,g__Silicimonas,3.169488836
21410,g__Silvania,5.132520602
21411,g__Silvanigrella,3.905379828
21412,g__Silvibacterium,2.809120416
21413,g__Silvimonas,4.360844923
21414,g__Simiduia,4.246347874
21415,g__Similichlamydia,2.453938805
21416,g__Siminovitchia,4.64751076
21417,g__Simkania,2.611949864
21418,g__Simkania_A,1.801028728
21419,g__Simonsiella,2.94049592
21420,g__Sinanaerobacter,4.390228826
21421,g__Singulisphaera,5.055552434
21422,g__Sinimarinibacterium,3.246289326
21423,g__Sinisalibacter,3.011868486
21424,g__Sinobaca,4.206602345
21425,g__Sinobacterium,4.36570526
21426,g__Sinomicrobium,3.465685672
21427,g__Sinomonas,3.453143704
21428,g__Sinorhizobium,5.08060895
21429,g__Sinosporangium,4.784812894
21430,g__Siphonobacter,4.301376084
21431,g__Site-B1,2.306991121
21432,g__Site-B15,2.154454367
21433,g__Sivonenia,2.748507738
21434,g__Skermanella,4.787110591
21435,g__Skermania,2.899018765
21436,g__Slackia,3.342667098
21437,g__Smaragdicoccus,4.549583933
21438,g__Smithella,2.55895641
21439,g__Sneabacter,1.790845241
21440,g__Sneathia,1.812847515
21441,g__Sneathiella,3.805609562
21442,g__Snodgrassella,2.880235635
21443,g__Snowella,3.412019415
21444,g__Snuella,2.798595335
21445,g__SoCistrobi,4.144306302
21446,g__SoEE,2.004825158
21447,g__Sodalinema,3.408745301
21448,g__Sodaliphilus,2.387359442
21449,g__Sodalis,5.167166428
21450,g__Sodalis_A,5.176796595
21451,g__Sodalis_B,4.732146356
21452,g__Soehngenia,2.334827684
21453,g__Soleaferrea,2.60803601
21454,g__Solibacillus,5.420597247
21455,g__Solibacter,3.598076137
21456,g__Solibaculum,2.666460248
21457,g__Solicola,3.607488126
21458,g__Solidesulfovibrio,3.089631563
21459,g__Solihabitans,5.259288355
21460,g__Solimicrobium,4.048141315
21461,g__Solimonas,3.161611518
21462,g__Solimonas_A,3.635132694
21463,g__Solincola,2.534127151
21464,g__Solincola_A,2.398461586
21465,g__Solincola_B,2.470288261
21466,g__Solirhodobacter,3.313273936
21467,g__Solirubrobacter,4.738334841
21468,g__Solirubrum,4.186787107
21469,g__Solitalea,3.91425548
21470,g__Soonwooa,3.985252423
21471,g__Sorangium,5.363522873
21472,g__Soudan-22,3.10098783
21473,g__Soudan-30,2.567958129
21474,g__SpSt-1050,2.519597949
21475,g__SpSt-1133,2.204053328
21476,g__SpSt-1165,2.187130059
21477,g__SpSt-1174,3.215243123
21478,g__SpSt-1190,1.637529294
21479,g__SpSt-150,2.175299466
21480,g__SpSt-205,2.137838397
21481,g__SpSt-227,3.78615904
21482,g__SpSt-28,1.40543
21483,g__SpSt-313,2.407066459
21484,g__SpSt-315,2.347415204
21485,g__SpSt-333,2.548350519
21486,g__SpSt-398,3.026397633
21487,g__SpSt-501,2.96584462
21488,g__SpSt-539,2.633653314
21489,g__SpSt-583,3.088558612
21490,g__SpSt-600,2.037988976
21491,g__SpSt-77,2.137791289
21492,g__Spartinivicinus,5.012197294
21493,g__Specibacter,4.12714087
21494,g__Spelaeicoccus,3.411310947
21495,g__Sphaerimonospora,4.149277662
21496,g__Sphaerisporangium,4.696652076
21497,g__Sphaerobacter,2.652881703
21498,g__Sphaerochaeta,2.771602617
21499,g__Sphaerospermopsis,4.076232277
21500,g__Sphaerotilus,3.911304224
21501,g__Sphingobacterium,4.489359645
21502,g__Sphingobium,3.79128305
21503,g__Sphingobium_A,3.898588567
21504,g__Sphingomicrobium,2.71303043
21505,g__Sphingomonas,3.21243623
21506,g__Sphingomonas_B,3.050474419
21507,g__Sphingomonas_D,4.348136992
21508,g__Sphingomonas_E,3.754074114
21509,g__Sphingomonas_G,3.245432176
21510,g__Sphingomonas_H,3.191279949
21511,g__Sphingomonas_I,3.000811117
21512,g__Sphingomonas_K,2.526201264
21513,g__Sphingomonas_L,2.845528821
21514,g__Sphingomonas_M,4.496199213
21515,g__Sphingomonas_N,3.246061603
21516,g__Sphingomonas_O,3.216027569
21517,g__Sphingomonas_P,3.21579784
21518,g__Sphingomonas_Q,3.336346555
21519,g__Sphingomonas_R,2.709192027
21520,g__Sphingopyxis,3.534552406
21521,g__Sphingorhabdus_B,3.24890048
21522,g__Sphingorhabdus_C,2.694409756
21523,g__Sphingosinicella,3.272997103
21524,g__Spinactinospora,4.175660434
21525,g__Spirabiliibacterium,3.76586755
21526,g__Spiractinospora,4.24331002
21527,g__Spiribacter,2.23490671
21528,g__Spiribacter_A,2.855892894
21529,g__Spirilliplanes,3.867381022
21530,g__Spirillospora,4.969780741
21531,g__Spiro-02,3.230404482
21532,g__Spirochaeta_A,1.772666162
21533,g__Spirochaeta_B,2.908571436
21534,g__Spirochaeta_D,3.456449636
21535,g__Spirochaeta_E,3.361676754
21536,g__Spirochaeta_F,4.142076296
21537,g__Spiroplasma,3.006177571
21538,g__Spiroplasma_A,2.860081115
21539,g__Spiroplasma_B,2.480670267
21540,g__Spiroplasma_C,1.993367253
21541,g__Spiroplasma_D,2.848467348
21542,g__Spirosoma,4.339593386
21543,g__Spirulina,3.093684396
21544,g__Spirulina_A,3.374353953
21545,g__Spongiactinospora,5.277273271
21546,g__Spongiibacter,4.043485306
21547,g__Spongiibacter_A,3.659538624
21548,g__Spongiibacter_B,3.602351401
21549,g__Spongiibacter_C,3.87789506
21550,g__Spongiicolonus,2.300619847
21551,g__Spongiihabitans,2.712233683
21552,g__Spongiisocius,2.694880245
21553,g__Spongiivirga,3.417661818
21554,g__Sporanaerobacter,2.665141777
21555,g__Sporanaerobium,4.01877642
21556,g__Sporichthya,3.42676196
21557,g__Sporobacter,3.012216826
21558,g__Sporocytophaga,3.917598059
21559,g__Sporofaciens,3.561029019
21560,g__Sporohalobacter,2.460296154
21561,g__Sporolactobacillus,3.123446559
21562,g__Sporomusa,3.996425534
21563,g__Sporosalibacterium,3.413600196
21564,g__Sporosarcina,4.40852381
21565,g__Sporotomaculum,2.76695474
21566,g__Spyradenecus,1.905860397
21567,g__Spyradocola,2.59484025
21568,g__Spyradomonas,2.62458941
21569,g__Spyradosoma,2.158910316
21570,g__Stackebrandtia,3.795782582
21571,g__Stagnihabitans,3.448104419
21572,g__Stagnimonas,3.060023349
21573,g__Stammera,1.315160742
21574,g__Stanieria,3.47053878
21575,g__Staphylococcus,3.586049754
21576,g__Staphylospora,3.390396394
21577,g__Staphylothermus,2.142216219
21578,g__Stappia,3.76414079
21579,g__Steffania,2.094347485
21580,g__Stella,3.675193758
21581,g__Stenomitos,4.116582134
21582,g__Stenotrophobium,3.161335563
21583,g__Stenotrophomonas,3.467405309
21584,g__Stenotrophomonas_A,3.147612491
21585,g__Stenoxybacter,2.742504341
21586,g__Stercoripulliclostridium,2.461524204
21587,g__Stercoripulliclostridium_A,2.261292017
21588,g__Stercorousia,2.65085656
21589,g__Steroidobacter,2.774714927
21590,g__Steroidobacter_A,4.443948615
21591,g__Sterolibacterium,2.776631977
21592,g__Stieleria,4.527667392
21593,g__Stigmatella,4.770482512
21594,g__Stigonema,5.13320804
21595,g__Stoquefichus,3.537716534
21596,g__Streptacidiphilus,5.607341656
21597,g__Streptantibioticus,4.602882743
21598,g__Streptoalloteichus,4.211184705
21599,g__Streptobacillus,2.124535429
21600,g__Streptococcus,4.252101249
21601,g__Streptohalobacillus,3.074142533
21602,g__Streptomonospora,3.682904872
21603,g__Streptomyces,5.172416322
21604,g__Streptosporangium,5.674882155
21605,g__Stutzerimonas,4.436777672
21606,g__Stygibacter,2.594969021
21607,g__Stygiolobus,2.384279413
21608,g__Subteraquimicrobium,2.068252726
21609,g__Subtercola,3.454559738
21610,g__Succinatimonas,3.249427938
21611,g__Succiniclasticum,3.065453653
21612,g__Succinimonas,4.859136805
21613,g__Succinispira,3.000470074
21614,g__Succinivibrio,3.420375694
21615,g__Suicoccus,3.746381578
21616,g__Suilimivivens,3.390836575
21617,g__Suipraeoptans,3.42705851
21618,g__Sulcia,1.31984967
21619,g__Sulfidibacter,5.09380125
21620,g__Sulfidibacterium,2.512854224
21621,g__Sulfitobacter,3.899204868
21622,g__Sulfitobacter_E,3.409973961
21623,g__Sulfitobacter_F,3.446209562
21624,g__Sulfoacidibacillus,2.940986722
21625,g__Sulfobacillus,3.049373191
21626,g__Sulfobacillus_A,2.980613189
21627,g__Sulfobacillus_B,2.901492975
21628,g__Sulfobacillus_C,2.909261052
21629,g__Sulfobium,2.557212926
21630,g__Sulfodiicoccus,2.480854925
21631,g__Sulfolobus,2.53233651
21632,g__Sulfomarinibacter,2.421851373
21633,g__Sulfopaludibacter,4.299247943
21634,g__Sulfotelmatobacter,3.642231792
21635,g__Sulfuracidifex,2.641451533
21636,g__Sulfuricaulis,2.40903848
21637,g__Sulfuricella,2.896989364
21638,g__Sulfuricurvum,3.629003445
21639,g__Sulfuricystis,3.302766591
21640,g__Sulfuriferula,2.961890653
21641,g__Sulfuriferula_A,3.609769264
21642,g__Sulfuriflexus,2.995702993
21643,g__Sulfurifustis,2.720116337
21644,g__Sulfurihydrogenibium,1.951318641
21645,g__Sulfurimicrobium,3.55752809
21646,g__Sulfurimonas,3.205700835
21647,g__Sulfurirhabdus,3.499621357
21648,g__Sulfuriroseicoccus,3.291431111
21649,g__Sulfurisoma,2.908881903
21650,g__Sulfurisphaera,2.75025451
21651,g__Sulfuritalea,3.313088029
21652,g__Sulfuritortus,2.668958455
21653,g__Sulfurivermis,3.139128105
21654,g__Sulfurivirga,2.63440453
21655,g__Sulfurospirillum,3.372733214
21656,g__Sulfurospirillum_A,2.526253192
21657,g__Sulfurospirillum_B,3.207711512
21658,g__Sulfurovum,3.307325194
21659,g__Sumerlaea,2.14392244
21660,g__Sunxiuqinia,3.123549182
21661,g__Superficieibacter,5.192917004
21662,g__Susulua,1.627524597
21663,g__Sutcliffiella,5.232667606
21664,g__Sutcliffiella_A,5.403876
21665,g__Sutterella,3.50103652
21666,g__Suttonella,3.457685878
21667,g__Suttonella_A,3.036014275
21668,g__Sva-07,3.080420503
21669,g__Sva-25,2.681715928
21670,g__Swaminathania,2.996150059
21671,g__Swingsia,2.91049412
21672,g__Symbiobacter,2.600254366
21673,g__Symbiobacterium,2.89348157
21674,g__Symbiopectobacterium,4.981775525
21675,g__Symbiothrix,2.218093178
21676,g__Symmachiella,3.974017841
21677,g__Symplocastrum,4.317331226
21678,g__Synchoanobacter,2.136432843
21679,g__Synechococcus,3.172267117
21680,g__Synechococcus_B,2.47257656
21681,g__Synechococcus_C,2.891507065
21682,g__Synechococcus_D,2.797217127
21683,g__Synechococcus_F,2.861709303
21684,g__Synechocystis,3.203588052
21685,g__Syner-03,2.880026045
21686,g__Synergistes,2.492174798
21687,g__Synoicihabitans,3.457404825
21688,g__Syntrophaceticus,2.637488754
21689,g__Syntropharchaeum,2.239146735
21690,g__Syntrophobacter,3.290612149
21691,g__Syntrophobotulus,3.081566538
21692,g__Syntrophocurvum,2.448327739
21693,g__Syntrophomonas,2.583194618
21694,g__Syntrophomonas_A,2.854053702
21695,g__Syntrophomonas_B,2.6182748
21696,g__Syntrophopropionicum,2.397156778
21697,g__Syntrophorhabdus,3.02886599
21698,g__Syntrophosphaera,2.183281506
21699,g__Syntrophotalea,2.834782321
21700,g__Syntrophotalea_A,2.737644616
21701,g__Syntrophothermus,2.497071176
21702,g__Syntrophus,3.265192954
21703,g__Sysuiplasma,2.356663856
21704,g__Szabonella,3.562238279
21705,g__T1SED10-198M,2.070680299
21706,g__T1SED10-24,1.688281883
21707,g__T1SED10-26,2.635237046
21708,g__T1SED10-28,2.858637708
21709,g__T1SED10-78,1.613342613
21710,g__T1SED10-81,2.142487707
21711,g__T1SED10-84,2.261506119
21712,g__T1SED10-99,1.779869574
21713,g__T1Sed10-126,2.159166612
21714,g__T1Sed10-49,2.055458103
21715,g__T1Sed10-7,2.42111137
21716,g__T1Sed10-97,2.290958577
21717,g__T33-2,5.675537111
21718,g__T3SED10-260,2.270640479
21719,g__T3SED10-354,1.145333056
21720,g__T3SED10-47,2.12874712
21721,g__T3SED10-7,2.329789825
21722,g__T3Sed10-11,2.551481733
21723,g__T3Sed10-140,1.896812966
21724,g__T3Sed10-183,2.694372845
21725,g__T3Sed10-213,1.87627675
21726,g__T3Sed10-241,2.828537735
21727,g__T3Sed10-336,2.598680362
21728,g__T3Sed10-66,3.081565698
21729,g__T78,2.142277267
21730,g__TA-13,2.617363492
21731,g__TA-20,2.273513448
21732,g__TA-21,2.497495765
21733,g__TA22,3.587920346
21734,g__TAE3-ERU5,2.588453536
21735,g__TC-15,3.257216164
21736,g__TC-195,2.987455465
21737,g__TC-71,3.074037815
21738,g__TC1,2.68769797
21739,g__TCS-49,4.541095365
21740,g__TCS52,2.013917016
21741,g__TCS55,2.122137594
21742,g__TCS56,2.015498274
21743,g__TCS60,1.938975373
21744,g__TCS61,2.164595536
21745,g__TEKIR-12S,2.868895536
21746,g__TEKIR-14,2.985425858
21747,g__TEKIR-21,2.751348765
21748,g__TEKIR-8,3.226301175
21749,g__TFI-002,3.560851798
21750,g__TH-plancto1,3.499399514
21751,g__TH1177,2.833071364
21752,g__TH5893,2.469765828
21753,g__TH5896,3.506262701
21754,g__TIUS-1,2.711113777
21755,g__TK10-74A,2.82004939
21756,g__TMED-70,1.99327526
21757,g__TMED108,1.932828394
21758,g__TMED109,2.027296207
21759,g__TMED112,1.598989141
21760,g__TMED113,1.748325847
21761,g__TMED123,1.673582182
21762,g__TMED126,1.839907498
21763,g__TMED13,1.927528464
21764,g__TMED131,1.687737232
21765,g__TMED14,2.604548945
21766,g__TMED144,1.753896405
21767,g__TMED15,3.207466487
21768,g__TMED161,1.682991217
21769,g__TMED165,1.297255098
21770,g__TMED167,2.697087077
21771,g__TMED170,1.364416491
21772,g__TMED198,1.732915336
21773,g__TMED2,3.351392767
21774,g__TMED211,1.885704315
21775,g__TMED220,1.593661638
21776,g__TMED23,2.889862763
21777,g__TMED25,2.118734056
21778,g__TMED26,2.471550278
21779,g__TMED27,2.611469883
21780,g__TMED48,2.300689699
21781,g__TMED54,2.07456045
21782,g__TMED58,1.861658731
21783,g__TMED6,1.720360227
21784,g__TMED62,1.894359525
21785,g__TMED69,2.241041807
21786,g__TMED78,2.056179025
21787,g__TMED8,3.07639357
21788,g__TMED80,1.951450746
21789,g__TMED88,3.614945303
21790,g__TMED96,1.78685513
21791,g__TMP-24,3.329412585
21792,g__TMP-7,3.63607626
21793,g__TMP-86,3.087412827
21794,g__TMPK1,3.692330853
21795,g__TNE-4,3.534343971
21796,g__TOLSYN,2.827772547
21797,g__TS1B11,2.524247852
21798,g__TTA-H9,2.092982599
21799,g__TWA4,3.959344496
21800,g__TYQ2,2.705705273
21801,g__Tabaqchalia,2.26539346
21802,g__Tabrizicola,3.517835547
21803,g__Tabrizicola_A,3.884536138
21804,g__Tabrizicola_B,3.560706474
21805,g__Tachikawaea,1.591164531
21806,g__Taenaricola,1.659547488
21807,g__Taenariivivens,2.363306689
21808,g__Tagaea,3.268661832
21809,g__Tahibacter,3.750331652
21810,g__Taishania,3.352336884
21811,g__Tamaricihabitans,4.294950778
21812,g__Tamilnaduibacter,3.079627426
21813,g__Tamlana_A,3.036122834
21814,g__Tamlana_B,2.792702423
21815,g__Tamlana_C,2.758576465
21816,g__Tangfeifania,2.661620594
21817,g__Tannerella,2.260289524
21818,g__Tannockella,2.861664731
21819,g__Tantalella,1.787072624
21820,g__Tanticharoenia,3.120268886
21821,g__Tardibacter,3.375402282
21822,g__Tardiphaga,4.346330673
21823,g__Tateyamaria,3.861593211
21824,g__Tatlockia,3.15078644
21825,g__Tatumella,4.761674653
21826,g__Taurinivorans,3.284999246
21827,g__Tautonia,3.977081335
21828,g__Taylorella,3.196298318
21829,g__Tb-RUG-53,2.050416123
21830,g__Tb-RUG-64,1.342429429
21831,g__Tb-RUG-66,3.130637023
21832,g__Tc-Br11,3.214993345
21833,g__Tc-Br11-B2g6-7,2.772067698
21834,g__Tc-Br11-E2g1,2.743790049
21835,g__Tc-Br11-E2g8,2.434594535
21836,g__Telluria,5.305977316
21837,g__Telluribacter,4.575347642
21838,g__Tellurirhabdus,3.945923104
21839,g__Telmatocola,4.167916308
21840,g__Telmatospirillum,3.608089373
21841,g__Tenacibaculum,3.238203082
21842,g__Tenacibaculum_A,2.725306048
21843,g__Tenderia,3.049487278
21844,g__Tenebribacter,2.377630157
21845,g__Tenebrionibacter,4.487379558
21846,g__Tener-01,1.954826426
21847,g__Tenggerimyces,4.654697307
21848,g__Tengunoibacter,4.578710579
21849,g__Tenuibacillus,3.683601828
21850,g__Tenuifilum,2.550314825
21851,g__Tepidamorphus,3.45858653
21852,g__Tepidanaerobacter,2.536669293
21853,g__Tepidibacillus,3.091604948
21854,g__Tepidibacillus_A,3.498288375
21855,g__Tepidibacter,2.672148522
21856,g__Tepidibacter_A,3.180472242
21857,g__Tepidicaulis,3.247048899
21858,g__Tepidicella,3.028862371
21859,g__Tepidiforma,2.692032951
21860,g__Tepidimicrobium,2.945048354
21861,g__Tepidimonas,2.616179779
21862,g__Tepidiphilus,2.198604366
21863,g__Tepiditoga,2.412525385
21864,g__Terasakiella,4.628137717
21865,g__Teredinibacter,3.575626021
21866,g__Teretinema,2.672322177
21867,g__Termiticorpusculum,2.417211566
21868,g__Termitinema,2.820935807
21869,g__Termititenax,1.855454828
21870,g__Terrabacter,3.338260634
21871,g__Terracoccus,3.383208994
21872,g__Terraquivivens,2.079321079
21873,g__Terribacillus,4.903644865
21874,g__Terriglobus,2.773486505
21875,g__Terriglobus_A,3.394580433
21876,g__Terrihabitans,2.879138478
21877,g__Terrihalobacillus,3.79263804
21878,g__Terrilactibacillus,3.912553302
21879,g__Terrimesophilobacter,2.670953243
21880,g__Terrimicrobium,3.10771813
21881,g__Terrimonas,3.655169138
21882,g__Terrimonas_A,3.998952789
21883,g__Terrisporobacter,3.81269214
21884,g__Tersicoccus,2.448860343
21885,g__Tetragenococcus,2.739187479
21886,g__Tetrasphaera,2.938062834
21887,g__Tetrasphaera_A,3.37068903
21888,g__Texcoconibacillus,3.506991832
21889,g__Thalassarchaeum,2.275964958
21890,g__Thalassobacillus,4.84808642
21891,g__Thalassobacter,3.92453578
21892,g__Thalassobaculum,4.146298726
21893,g__Thalassobaculum_A,4.105797306
21894,g__Thalassobium,4.021836454
21895,g__Thalassobius,4.12224775
21896,g__Thalassocella,4.513074158
21897,g__Thalassococcus,3.948326592
21898,g__Thalassococcus_A,3.91666426
21899,g__Thalassococcus_B,3.306298175
21900,g__Thalassoglobus,4.102209744
21901,g__Thalassolituus,3.944757987
21902,g__Thalassomonas,7.237444417
21903,g__Thalassorhabdomicrobium,3.931877128
21904,g__Thalassoroseus,3.781623076
21905,g__Thalassospira,4.584401149
21906,g__Thalassotalea_A,4.5217435
21907,g__Thalassotalea_B,4.241873573
21908,g__Thalassotalea_C,4.424785489
21909,g__Thalassotalea_D,4.214768743
21910,g__Thalassotalea_E,4.612748858
21911,g__Thalassotalea_F,5.016486035
21912,g__Thalassotalea_G,4.543509379
21913,g__Tharpella,2.488728897
21914,g__Thauera,3.520728362
21915,g__Thaumasiovibrio,5.985144054
21916,g__Thermacetogenium,2.399370876
21917,g__Thermaerobacter,2.103192317
21918,g__Thermalbibacter,2.447275668
21919,g__Thermanaeromonas,2.797249754
21920,g__Thermanaerosceptrum,3.133745508
21921,g__Thermanaerothrix,2.319737421
21922,g__Thermanaerovibrio,2.237204095
21923,g__Thermasporomyces,2.475655955
21924,g__Thermaurantiacus,2.325137074
21925,g__Thermaurantimonas,2.225167575
21926,g__Thermicanus,2.816696254
21927,g__Thermincola,2.872951622
21928,g__Thermithiobacillus,2.812232915
21929,g__Thermoactinomyces,3.611317968
21930,g__Thermoactinomyces_A,4.227905166
21931,g__Thermoanaerobacter,2.399263467
21932,g__Thermoanaerobacterium,2.377677952
21933,g__Thermoanaerobaculum,2.202243687
21934,g__Thermobacillus,2.764998039
21935,g__Thermobaculum,2.018309102
21936,g__Thermobifida,3.481209624
21937,g__Thermobispora,3.016837442
21938,g__Thermobrachium,3.355725137
21939,g__Thermocatellispora,5.988972335
21940,g__Thermochlorobacter,2.53800574
21941,g__Thermochromatium,2.822653106
21942,g__Thermocladium,2.446759196
21943,g__Thermoclostridium,2.374000993
21944,g__Thermoclostridium_A,2.492037153
21945,g__Thermococcus,2.89864076
21946,g__Thermococcus_A,2.572781815
21947,g__Thermococcus_B,2.853682082
21948,g__Thermococcus_C,2.828377225
21949,g__Thermocoleostomius,3.35829374
21950,g__Thermocrinis,1.889078376
21951,g__Thermocrinis_A,2.127705005
21952,g__Thermocrispum,3.100479175
21953,g__Thermodesulfatator,2.60029541
21954,g__Thermodesulfatator_A,2.303265123
21955,g__Thermodesulfitimonas,1.990176236
21956,g__Thermodesulfobacterium,1.951075689
21957,g__Thermodesulfobium,2.115319272
21958,g__Thermodesulfomicrobium,2.342139259
21959,g__Thermodesulforhabdus,2.858305171
21960,g__Thermodesulfovibrio,2.037869258
21961,g__Thermofilum,2.411128135
21962,g__Thermofilum_C,1.876609468
21963,g__Thermoflavifilum,1.684243017
21964,g__Thermoflavimicrobium,4.134491548
21965,g__Thermoflexibacter,3.64301446
21966,g__Thermoflexus,2.223632109
21967,g__Thermogemmata,2.875404316
21968,g__Thermogemmatispora,3.179303842
21969,g__Thermogladius,2.165096939
21970,g__Thermogutta,2.533266148
21971,g__Thermogymnomonas,2.969152758
21972,g__Thermohalobacter,2.801069139
21973,g__Thermohalobaculum,3.213818523
21974,g__Thermoleophilum,1.821252842
21975,g__Thermoleptolyngbya,3.642013724
21976,g__Thermolongibacillus,4.315443152
21977,g__Thermomicrobium,2.235834653
21978,g__Thermomonas,2.620098366
21979,g__Thermomonospora,4.09367562
21980,g__Thermonema,2.954963346
21981,g__Thermopetrobacter,2.377964285
21982,g__Thermophagus,2.081208774
21983,g__Thermophilibacter,2.456344876
21984,g__Thermoplasma,2.154743841
21985,g__Thermopolyspora,3.629809674
21986,g__Thermoproteus,2.251439377
21987,g__Thermorudis,2.365939377
21988,g__Thermosediminibacter,2.63771263
21989,g__Thermosinus,2.759203643
21990,g__Thermosipho,1.992154795
21991,g__Thermosipho_A,1.920504618
21992,g__Thermosipho_B,1.99269371
21993,g__Thermosphaera,2.159657476
21994,g__Thermospira,2.21335196
21995,g__Thermosporothrix,4.263786371
21996,g__Thermostaphylospora,3.667492218
21997,g__Thermostichus,2.762784815
21998,g__Thermosulfidibacter,2.122762359
21999,g__Thermosulfurimonas_A,2.26101534
22000,g__Thermosulfuriphilus,2.452890004
22001,g__Thermosynechococcus,2.610081419
22002,g__Thermosynergistes,2.14190768
22003,g__Thermosyntropha,2.415314401
22004,g__Thermotalea,3.575196708
22005,g__Thermotoga,1.849917152
22006,g__Thermotomaculum,2.238748359
22007,g__Thermovenabulum,2.660108129
22008,g__Thermovibrio,2.378938853
22009,g__Thermovirga,2.401148827
22010,g__Thermovorax,2.534786007
22011,g__Thermus,2.442534743
22012,g__Thermus_A,2.341772863
22013,g__Theseobacter,1.954854581
22014,g__Thioalbus,3.16017229
22015,g__Thioalkalivibrio,2.564011431
22016,g__Thioalkalivibrio_A,3.029828816
22017,g__Thiobaca,2.983349779
22018,g__Thiobacillus,3.029571722
22019,g__Thiobius,2.62729885
22020,g__Thiocapsa,3.479400561
22021,g__Thioclava,3.832241099
22022,g__Thiococcus,2.886283849
22023,g__Thiocystis,3.570709267
22024,g__Thiodiazotropha,3.460170994
22025,g__Thiodictyon,4.00058268
22026,g__Thiodubiliella,2.436100546
22027,g__Thiofilum,3.587902893
22028,g__Thioflavicoccus,3.0030989
22029,g__Thioflexithrix,3.11447075
22030,g__Thioglobus_A,2.582428456
22031,g__Thioglobus_B,2.493389669
22032,g__Thioglobus_C,2.302159772
22033,g__Thiogranum,2.780640528
22034,g__Thiohalobacter,2.768202919
22035,g__Thiohalocapsa,3.393099254
22036,g__Thiohalomonas,2.90938899
22037,g__Thiohalophilus,3.026046607
22038,g__Thiohalorhabdus,2.160424466
22039,g__Thiohalospira,2.597470018
22040,g__Thiolapillus,2.594511719
22041,g__Thiolinea,3.118953217
22042,g__Thiomargarita,4.014835014
22043,g__Thiomicrorhabdus,3.72339022
22044,g__Thiomicrospira,3.189866374
22045,g__Thiomonas,2.895695466
22046,g__Thioploca,3.265850623
22047,g__Thiopontia,2.776361105
22048,g__Thiopseudomonas,3.318504685
22049,g__Thiorhodococcus,3.614210832
22050,g__Thiorhodospira,2.983028565
22051,g__Thiorhodovibrio,3.456900715
22052,g__Thiorhodovibrio_B,2.512930424
22053,g__Thiospirillum,2.841075402
22054,g__Thiospirochaeta,2.895553721
22055,g__Thiosulfativibrio,3.737256496
22056,g__Thiosymbion,2.984042723
22057,g__Thiothrix,3.690484867
22058,g__Thiovibrio,3.156505917
22059,g__Thiovulum_A,2.598558795
22060,g__Thiovulum_B,2.71572564
22061,g__Thiovulum_C,2.46586194
22062,g__Thomasclavelia,2.860947879
22063,g__Thorsellia,3.738971459
22064,g__Tianweitania,4.048224679
22065,g__Tibeticola,2.890902656
22066,g__Tichowtungia,2.031353843
22067,g__Tiddalikarchaeum,2.277213234
22068,g__Tidjanibacter,2.374191626
22069,g__Timaviella,3.614877955
22070,g__Timburyella,2.164661913
22071,g__Timonella,3.610799828
22072,g__Tindallia,2.824807134
22073,g__Tissierella,3.308930576
22074,g__Tissierella_A,2.619360964
22075,g__Tissierella_B,3.006528049
22076,g__Tistlia,3.70370583
22077,g__Tistrella,4.34845661
22078,g__Tityobacter,3.015803222
22079,g__Tokpelaia,2.595390808
22080,g__Tokpelaia_A,2.165881717
22081,g__Tolumonas,3.798000964
22082,g__Tolypothrix_B,5.11239294
22083,g__Tomitella,3.22293735
22084,g__Tous-C4FEB,2.647583925
22085,g__Trabulsiella,5.011787477
22086,g__Tractidigestivibacter,2.660714227
22087,g__Tranquillimonas,3.242676216
22088,g__Traorella,3.094663829
22089,g__Trebonia,4.054180288
22090,g__Tremblaya,1.548741684
22091,g__Treponema,2.659936229
22092,g__Treponema_B,2.975896951
22093,g__Treponema_C,2.31328156
22094,g__Treponema_D,2.798285266
22095,g__Treponema_F,2.863921586
22096,g__Treponema_G,2.501676034
22097,g__Trichlorobacter,2.913328414
22098,g__Trichloromonas,3.194197981
22099,g__Trichococcus,5.060760321
22100,g__Trichocoleus,4.063045335
22101,g__Trichodesmium,4.044366487
22102,g__Trichofilum,4.53128607
22103,g__Trichormus,4.290813392
22104,g__Trichormus_B,4.430598553
22105,g__Trichothermofontia,2.976025645
22106,g__Trinickia,4.693686456
22107,g__Tritonobacter,2.023734168
22108,g__Tropheryma,2.262389062
22109,g__Tropicibacter,4.418895817
22110,g__Tropicimonas,4.119629827
22111,g__Truepera,2.811082577
22112,g__Trueperella,2.688872209
22113,g__Tsukamurella,3.748295322
22114,g__Tsuneonella,2.941509045
22115,g__Tuberibacillus,3.392488727
22116,g__Tullyiplasma,2.793896902
22117,g__TumbabinsA96,2.8328709
22118,g__Tumebacillus,5.241927777
22119,g__Tumebacillus_A,5.523620205
22120,g__Tumulicola,3.194838038
22121,g__Tunicatimonas,4.239453627
22122,g__Turicibacter,3.99831747
22123,g__Turicimonas,3.784978141
22124,g__Turneriella,3.186347018
22125,g__Tuwongella,4.381517797
22126,g__Tyloplasma,2.060656468
22127,g__Tyrphobacter,2.121209024
22128,g__Tyzzerella,3.01845734
22129,g__U87765,4.244711829
22130,g__UA16,2.55799082
22131,g__UASB124,1.904219414
22132,g__UASB340,1.892781923
22133,g__UB1719,1.817745023
22134,g__UBA10001,1.778577613
22135,g__UBA10002,1.875120025
22136,g__UBA10003,1.792784262
22137,g__UBA10009,1.376568616
22138,g__UBA1001,2.713674441
22139,g__UBA10014,1.746388882
22140,g__UBA10015,1.990134363
22141,g__UBA10025,1.954554327
22142,g__UBA10030,2.455626361
22143,g__UBA1006,1.994737955
22144,g__UBA10066,2.525647471
22145,g__UBA10085,2.208481928
22146,g__UBA10092,1.410828933
22147,g__UBA10102,1.574929955
22148,g__UBA10103,2.02782076
22149,g__UBA10105,1.234853267
22150,g__UBA10107,1.801963891
22151,g__UBA10108,1.526033204
22152,g__UBA10110,1.522281886
22153,g__UBA10117,1.904743607
22154,g__UBA10118,1.823472648
22155,g__UBA10119,1.268266322
22156,g__UBA10122,1.523440483
22157,g__UBA10133,1.862976338
22158,g__UBA10138,1.488428098
22159,g__UBA1014,3.083954914
22160,g__UBA10146,1.629117884
22161,g__UBA10151,1.55695845
22162,g__UBA10161,1.944872489
22163,g__UBA10165,1.222621669
22164,g__UBA10166,2.491598794
22165,g__UBA10169,1.7905431
22166,g__UBA10170,2.258552855
22167,g__UBA10174,2.866662075
22168,g__UBA1018,4.119804463
22169,g__UBA10181,1.58251311
22170,g__UBA10183,1.675432989
22171,g__UBA10185,1.38287802
22172,g__UBA10190,1.301780993
22173,g__UBA10191,2.152798018
22174,g__UBA10197,1.546113118
22175,g__UBA10199,2.611548464
22176,g__UBA102,2.031265747
22177,g__UBA1020,2.202165614
22178,g__UBA10200,2.048973665
22179,g__UBA10204,2.13603831
22180,g__UBA10205,1.968636869
22181,g__UBA10210,1.857091023
22182,g__UBA10212,1.722078208
22183,g__UBA10214,2.00265137
22184,g__UBA10216,2.01393253
22185,g__UBA10219,1.975901384
22186,g__UBA10281,2.210363305
22187,g__UBA10324,2.901981308
22188,g__UBA10329,3.236660178
22189,g__UBA10347,3.505571136
22190,g__UBA10348,3.192693614
22191,g__UBA10349,2.837084773
22192,g__UBA10364,2.711762146
22193,g__UBA10365,2.927407989
22194,g__UBA1038,2.309846316
22195,g__UBA10424,2.683835554
22196,g__UBA10425,2.250148144
22197,g__UBA10426,2.717227457
22198,g__UBA10427,3.487729606
22199,g__UBA10428,2.65088483
22200,g__UBA10438,2.725080973
22201,g__UBA10449,2.423295282
22202,g__UBA10450,2.25867868
22203,g__UBA1046,2.267299128
22204,g__UBA1049,2.666631394
22205,g__UBA10511,4.171581915
22206,g__UBA10518,2.578639594
22207,g__UBA10536,2.412442337
22208,g__UBA10566,2.223457544
22209,g__UBA1062,2.76188004
22210,g__UBA1063,1.940538887
22211,g__UBA1064,2.204702379
22212,g__UBA10646,3.069643737
22213,g__UBA10649,2.77884443
22214,g__UBA10656,4.172002573
22215,g__UBA1067,1.979117444
22216,g__UBA10677,2.043423144
22217,g__UBA10799,2.835408053
22218,g__UBA10806,2.675418928
22219,g__UBA1081,2.475701258
22220,g__UBA10834,2.295351851
22221,g__UBA10906,3.081791708
22222,g__UBA10908,2.650192029
22223,g__UBA10939,3.902302309
22224,g__UBA1096,2.277925118
22225,g__UBA10988,2.151336597
22226,g__UBA1100,2.329623562
22227,g__UBA11029,3.119236732
22228,g__UBA11034,3.130556295
22229,g__UBA11051,2.558533249
22230,g__UBA11056,4.71355771
22231,g__UBA11073,2.338980496
22232,g__UBA11090,2.16344733
22233,g__UBA11096,2.029922682
22234,g__UBA11098,1.554576992
22235,g__UBA11136,2.228102411
22236,g__UBA11155,2.029162305
22237,g__UBA11164,2.701917708
22238,g__UBA11222,2.811982683
22239,g__UBA1123,3.242621507
22240,g__UBA11236,2.549015485
22241,g__UBA1124,3.231953371
22242,g__UBA1127,2.499261636
22243,g__UBA11320,3.745313374
22244,g__UBA11346,2.364941197
22245,g__UBA1135,2.227401596
22246,g__UBA11358,2.511825016
22247,g__UBA11359,2.043849801
22248,g__UBA11361,3.092329008
22249,g__UBA11370,4.100238466
22250,g__UBA11373,2.36033853
22251,g__UBA1138,3.244956028
22252,g__UBA11386,2.642760453
22253,g__UBA11393,2.389195334
22254,g__UBA11398,2.876259229
22255,g__UBA114,2.885487478
22256,g__UBA1140,2.910474901
22257,g__UBA11400,2.878863005
22258,g__UBA11403,2.629027243
22259,g__UBA1141,2.538091671
22260,g__UBA1142,2.526940837
22261,g__UBA11426,2.572398636
22262,g__UBA1144,1.918967063
22263,g__UBA11452,2.578752749
22264,g__UBA1146,2.636004794
22265,g__UBA1147,2.355976739
22266,g__UBA11475,2.292031375
22267,g__UBA1149,2.568269045
22268,g__UBA11490,2.194746902
22269,g__UBA1151,2.953861971
22270,g__UBA11512,2.806864041
22271,g__UBA11524,2.491267098
22272,g__UBA11540,2.344950096
22273,g__UBA11549,2.891869279
22274,g__UBA11574,3.016761081
22275,g__UBA11576,1.949761724
22276,g__UBA11579,2.754021725
22277,g__UBA11591,2.76558653
22278,g__UBA11600,2.044640806
22279,g__UBA11606,3.168555236
22280,g__UBA1161,1.77618302
22281,g__UBA11612,3.339087226
22282,g__UBA11618,1.518792173
22283,g__UBA1162,2.233064311
22284,g__UBA1163,3.06737984
22285,g__UBA11650,2.951947582
22286,g__UBA11654,2.261521182
22287,g__UBA11657,1.826653434
22288,g__UBA11663,2.532626978
22289,g__UBA11682,3.533397116
22290,g__UBA11699,1.754334726
22291,g__UBA117,2.430884538
22292,g__UBA11703,1.689640465
22293,g__UBA11704,2.147742954
22294,g__UBA11705,2.002917259
22295,g__UBA11707,1.736080284
22296,g__UBA11710,1.750119056
22297,g__UBA11712,1.562270115
22298,g__UBA11713,1.661984362
22299,g__UBA11716,1.91309192
22300,g__UBA11717,2.025091535
22301,g__UBA1172,2.846669389
22302,g__UBA1174,2.209565576
22303,g__UBA11740,3.487970225
22304,g__UBA1177,2.624222718
22305,g__UBA11774,3.422949277
22306,g__UBA1179,2.063325449
22307,g__UBA11791,2.628680101
22308,g__UBA11795,2.468763155
22309,g__UBA1181,2.595320959
22310,g__UBA1183,2.281039151
22311,g__UBA11855,2.351180972
22312,g__UBA11858,3.125617373
22313,g__UBA11865,2.940255434
22314,g__UBA11869,2.022058202
22315,g__UBA11872,2.438466037
22316,g__UBA11873,3.183354327
22317,g__UBA1188,2.045743781
22318,g__UBA11883,3.044309535
22319,g__UBA11889,2.764516666
22320,g__UBA1189,2.334477799
22321,g__UBA11891,2.176241055
22322,g__UBA119,1.651751849
22323,g__UBA1195,2.474854536
22324,g__UBA11957,3.225360691
22325,g__UBA11986,2.529543175
22326,g__UBA11996,2.37874934
22327,g__UBA11998,2.051873762
22328,g__UBA1200,1.848363482
22329,g__UBA1201,3.550029924
22330,g__UBA12014,2.658294338
22331,g__UBA12015,3.245518949
22332,g__UBA12018,2.652453086
22333,g__UBA12026,1.582882183
22334,g__UBA12028,1.664403008
22335,g__UBA1203,2.664415415
22336,g__UBA12030,1.83665733
22337,g__UBA12037,3.354754188
22338,g__UBA12042,1.323035633
22339,g__UBA12044,1.483179819
22340,g__UBA12049,1.327983359
22341,g__UBA1205,2.487143578
22342,g__UBA12053,1.795519597
22343,g__UBA12059,3.255823618
22344,g__UBA1206,2.708820419
22345,g__UBA12068,1.760089136
22346,g__UBA12075,1.485662082
22347,g__UBA12077,2.966021857
22348,g__UBA12078,1.679575931
22349,g__UBA12079,1.829886444
22350,g__UBA12086,1.724276034
22351,g__UBA12087,2.825040534
22352,g__UBA12088,1.916319218
22353,g__UBA12090,2.159891496
22354,g__UBA12091,3.143920749
22355,g__UBA12108,1.611047603
22356,g__UBA1211,1.501108968
22357,g__UBA12115,1.568555552
22358,g__UBA1212,2.26768536
22359,g__UBA1213,3.086184072
22360,g__UBA12135,2.533834582
22361,g__UBA12151,1.648632733
22362,g__UBA12158,1.344812273
22363,g__UBA1217,2.515017581
22364,g__UBA12170,2.654475332
22365,g__UBA12178,2.32071721
22366,g__UBA12189,2.10180759
22367,g__UBA1219,2.675136877
22368,g__UBA12191,2.872657304
22369,g__UBA12202,2.675638219
22370,g__UBA1221,2.661102861
22371,g__UBA1222,2.673809535
22372,g__UBA12223,2.805713395
22373,g__UBA12225,2.793186383
22374,g__UBA1224,2.146286872
22375,g__UBA12247,3.081817122
22376,g__UBA1227,2.278827244
22377,g__UBA12270,2.098101913
22378,g__UBA12276,1.681748799
22379,g__UBA1231,1.88634869
22380,g__UBA12327,2.50857993
22381,g__UBA1234,2.238537512
22382,g__UBA1238,3.435292624
22383,g__UBA12382,2.046088774
22384,g__UBA12393,2.256567203
22385,g__UBA12395,1.971572554
22386,g__UBA12396,1.612323368
22387,g__UBA1240,2.68891686
22388,g__UBA12402,1.810853022
22389,g__UBA12403,2.054333297
22390,g__UBA12405,1.270262389
22391,g__UBA12409,1.806484779
22392,g__UBA12411,1.737020098
22393,g__UBA12420,2.288664858
22394,g__UBA12445,2.154651963
22395,g__UBA12454,2.100039009
22396,g__UBA1246,2.274270824
22397,g__UBA12463,2.107689502
22398,g__UBA12465,1.569453427
22399,g__UBA12470,1.776721093
22400,g__UBA12471,2.285819799
22401,g__UBA12472,1.583069298
22402,g__UBA12473,2.01194077
22403,g__UBA12474,2.031991256
22404,g__UBA12478,1.740181556
22405,g__UBA1248,2.382140627
22406,g__UBA12480,2.388460093
22407,g__UBA12481,2.671995783
22408,g__UBA12489,2.224923809
22409,g__UBA12499,3.136399238
22410,g__UBA12501,2.174266803
22411,g__UBA12508,2.126769946
22412,g__UBA12532,1.915003974
22413,g__UBA1254,2.086399501
22414,g__UBA12545,2.500091995
22415,g__UBA1255,2.187991869
22416,g__UBA12567,2.423955261
22417,g__UBA1257,1.735770239
22418,g__UBA12574,3.750730841
22419,g__UBA12578,2.409004162
22420,g__UBA1258,2.758705826
22421,g__UBA1259,2.221210197
22422,g__UBA1265,2.147837133
22423,g__UBA1267,2.433793447
22424,g__UBA1268,2.419001722
22425,g__UBA1275,2.1319783
22426,g__UBA1304,2.819587046
22427,g__UBA1305,3.196671614
22428,g__UBA1306,2.83757294
22429,g__UBA1309,2.669292
22430,g__UBA1312,3.368375614
22431,g__UBA1313,2.219658565
22432,g__UBA1318,3.720155276
22433,g__UBA1319,3.487192177
22434,g__UBA1321,2.336329286
22435,g__UBA1328,2.699878054
22436,g__UBA1351,3.224768997
22437,g__UBA1359,1.198392977
22438,g__UBA1361,1.773624962
22439,g__UBA1362,1.578547789
22440,g__UBA1364,1.419807113
22441,g__UBA1366,2.608873579
22442,g__UBA1367,2.54898561
22443,g__UBA1368,2.556598375
22444,g__UBA1369,1.969970437
22445,g__UBA1370,1.455287217
22446,g__UBA1372,1.272292074
22447,g__UBA1379,1.165551811
22448,g__UBA1380,1.852201749
22449,g__UBA1381,2.191574904
22450,g__UBA1383,2.358749057
22451,g__UBA1384,1.319464532
22452,g__UBA1388,1.236572821
22453,g__UBA1393,2.461577289
22454,g__UBA1396,1.529316945
22455,g__UBA1397,1.224310928
22456,g__UBA1398,2.423077965
22457,g__UBA1400,1.492682563
22458,g__UBA1401,1.45352434
22459,g__UBA1402,1.319960077
22460,g__UBA1404,2.660030932
22461,g__UBA1405,2.860715183
22462,g__UBA1406,1.348177764
22463,g__UBA1407,2.020541351
22464,g__UBA141,2.420801462
22465,g__UBA1412,1.844027643
22466,g__UBA1413,2.071496611
22467,g__UBA1419,2.435746978
22468,g__UBA1422,2.356790762
22469,g__UBA1424,1.761247891
22470,g__UBA1425,2.292255448
22471,g__UBA1426,2.650198781
22472,g__UBA1427,2.576921567
22473,g__UBA1428,2.732524228
22474,g__UBA1429,2.262623775
22475,g__UBA1430,1.364602337
22476,g__UBA1431,2.034023514
22477,g__UBA1433,2.458611715
22478,g__UBA1435,1.099426482
22479,g__UBA1439,1.674862193
22480,g__UBA1440,2.967329975
22481,g__UBA1441,1.9160908
22482,g__UBA1443,1.84864183
22483,g__UBA1444,3.208648314
22484,g__UBA1446,2.804513737
22485,g__UBA1447,1.806127755
22486,g__UBA1449,1.628989612
22487,g__UBA1450,1.609056058
22488,g__UBA1459,1.927635494
22489,g__UBA1466,2.065255769
22490,g__UBA147,2.353435452
22491,g__UBA1479,3.216644426
22492,g__UBA148,2.055380942
22493,g__UBA1494,2.947418743
22494,g__UBA1494_A,2.301025741
22495,g__UBA1511,2.84267939
22496,g__UBA1515,2.175653687
22497,g__UBA153,1.975741208
22498,g__UBA1532,3.543840525
22499,g__UBA1535,3.078485986
22500,g__UBA1539,1.466599184
22501,g__UBA1543,2.605730095
22502,g__UBA1544,1.326272904
22503,g__UBA1545,2.636168317
22504,g__UBA1546,2.253188423
22505,g__UBA1547,1.943144685
22506,g__UBA1550,2.082415397
22507,g__UBA1551,1.529027719
22508,g__UBA1557,1.676314399
22509,g__UBA1558,1.472335161
22510,g__UBA1559,2.030728232
22511,g__UBA1561,1.723165319
22512,g__UBA1562,1.613209274
22513,g__UBA1563,2.769645613
22514,g__UBA1565,2.969703318
22515,g__UBA1567,1.784696081
22516,g__UBA1568,1.532682744
22517,g__UBA1573,3.078431889
22518,g__UBA1603,2.678562451
22519,g__UBA1609,3.445899211
22520,g__UBA1611,2.279772614
22521,g__UBA164,2.111397076
22522,g__UBA1660,5.061703255
22523,g__UBA1664,2.706052093
22524,g__UBA1668,2.6231781
22525,g__UBA1672,2.714196516
22526,g__UBA168,1.810861831
22527,g__UBA1685,2.915079015
22528,g__UBA1709,2.223117797
22529,g__UBA1711,2.520711807
22530,g__UBA1712,3.064131396
22531,g__UBA1715,2.529881291
22532,g__UBA1723,2.940639907
22533,g__UBA1724,2.043669067
22534,g__UBA1729,3.061484131
22535,g__UBA1731,2.111117171
22536,g__UBA1732,1.742515883
22537,g__UBA1737,2.421056023
22538,g__UBA1738,2.64578859
22539,g__UBA1739,3.284516237
22540,g__UBA1740,2.692296311
22541,g__UBA1752,2.775427291
22542,g__UBA1753,2.791582997
22543,g__UBA1754,2.424232601
22544,g__UBA1755,2.952367505
22545,g__UBA1756,2.639771394
22546,g__UBA1757,1.894395565
22547,g__UBA1758,2.035236638
22548,g__UBA1760,2.608401841
22549,g__UBA1762,2.438513291
22550,g__UBA1764,2.750561573
22551,g__UBA1765,2.830378676
22552,g__UBA1768,3.352031577
22553,g__UBA1770,2.276605815
22554,g__UBA1771,2.193967642
22555,g__UBA1774,2.432368648
22556,g__UBA1775,2.274579374
22557,g__UBA1776,2.529889885
22558,g__UBA1783,2.497748149
22559,g__UBA1784,2.117039071
22560,g__UBA1786,2.083752482
22561,g__UBA1792,2.285890323
22562,g__UBA1794,2.172761794
22563,g__UBA1796,3.092265531
22564,g__UBA1799,3.030214097
22565,g__UBA1822,3.464798026
22566,g__UBA1829,1.995342232
22567,g__UBA183,2.159044714
22568,g__UBA184,1.90686416
22569,g__UBA1844,3.036548958
22570,g__UBA1845,3.420622982
22571,g__UBA1847,3.059654975
22572,g__UBA1850,2.73687241
22573,g__UBA1858,2.506639902
22574,g__UBA1859,1.482381123
22575,g__UBA186,2.145477097
22576,g__UBA1874,2.218700013
22577,g__UBA1875,1.624627302
22578,g__UBA1876,2.152288789
22579,g__UBA1877,2.698645038
22580,g__UBA1908,2.384333793
22581,g__UBA1924,2.773447591
22582,g__UBA1926,2.575945407
22583,g__UBA1930,2.682369078
22584,g__UBA1934,2.897638838
22585,g__UBA1941,3.697977416
22586,g__UBA1952,3.235731957
22587,g__UBA1977,2.18513248
22588,g__UBA1994,3.220012979
22589,g__UBA1997,1.995176269
22590,g__UBA2017,2.483191214
22591,g__UBA202,1.950702244
22592,g__UBA2020,2.943572247
22593,g__UBA2022,1.67613193
22594,g__UBA2023,2.871049046
22595,g__UBA2029,2.61453587
22596,g__UBA2030,2.254629125
22597,g__UBA2031,2.94555651
22598,g__UBA2033,4.280549787
22599,g__UBA204,2.282273092
22600,g__UBA2040,2.992173428
22601,g__UBA2059,2.422797646
22602,g__UBA206,2.040114941
22603,g__UBA207,2.327999056
22604,g__UBA2093,2.761723798
22605,g__UBA2100,2.024887359
22606,g__UBA2103,2.075254889
22607,g__UBA2108,3.800718972
22608,g__UBA2110,2.821519466
22609,g__UBA2112,2.139110669
22610,g__UBA2125,2.166811246
22611,g__UBA2126,2.397097598
22612,g__UBA2128,2.272944193
22613,g__UBA213,2.157613538
22614,g__UBA2134,2.116811777
22615,g__UBA2135,1.551543226
22616,g__UBA2136,3.478270351
22617,g__UBA2137,2.712274461
22618,g__UBA2143,1.263121793
22619,g__UBA2144,1.830334255
22620,g__UBA2146,2.307657248
22621,g__UBA2156,3.39442566
22622,g__UBA2160,3.09213897
22623,g__UBA2161,2.700047127
22624,g__UBA2162,1.975914892
22625,g__UBA2163,1.542308274
22626,g__UBA2166,2.409242545
22627,g__UBA2169,1.34226153
22628,g__UBA2170,2.005779224
22629,g__UBA2174,2.808480501
22630,g__UBA2177,1.34987335
22631,g__UBA2184,2.240291579
22632,g__UBA2185,2.800546086
22633,g__UBA2192,2.490830569
22634,g__UBA2193,1.461455264
22635,g__UBA2194,2.183095306
22636,g__UBA2196,1.163327249
22637,g__UBA2197,3.130346331
22638,g__UBA2199,2.24257435
22639,g__UBA2200,2.227894369
22640,g__UBA2201,2.48522168
22641,g__UBA2202,2.446543752
22642,g__UBA2206,1.6342797
22643,g__UBA2207,2.103960239
22644,g__UBA2210,2.335598617
22645,g__UBA2211,1.803909741
22646,g__UBA2212,2.444629935
22647,g__UBA2214,2.34260575
22648,g__UBA2219,2.25061277
22649,g__UBA2224,2.213457069
22650,g__UBA2226,2.314225327
22651,g__UBA2227,2.641234053
22652,g__UBA2230,3.166401449
22653,g__UBA2231,2.225096629
22654,g__UBA2232,2.906961009
22655,g__UBA2233,2.400570213
22656,g__UBA2239,2.924355194
22657,g__UBA2241,2.359152573
22658,g__UBA2242,2.109006423
22659,g__UBA2245,3.173620348
22660,g__UBA2247,2.217831323
22661,g__UBA2251,2.39452036
22662,g__UBA2252,2.344925219
22663,g__UBA2253,2.353933549
22664,g__UBA2255,2.156951108
22665,g__UBA2256,2.513556332
22666,g__UBA2258,2.892322601
22667,g__UBA2259,1.530653224
22668,g__UBA226,2.711973112
22669,g__UBA2264,2.410754913
22670,g__UBA2266,1.935731601
22671,g__UBA2268,2.114760506
22672,g__UBA2270,3.716222203
22673,g__UBA2272,2.466389409
22674,g__UBA2277,1.819490725
22675,g__UBA2279,2.565299854
22676,g__UBA228,2.130274909
22677,g__UBA2282,1.848164299
22678,g__UBA2283,1.78542998
22679,g__UBA2284,2.412113663
22680,g__UBA2286,2.578617671
22681,g__UBA2287,3.208285186
22682,g__UBA2289,2.352841916
22683,g__UBA2294,2.663269798
22684,g__UBA2296,3.06713543
22685,g__UBA2316,3.942729595
22686,g__UBA2329,3.271388801
22687,g__UBA233,2.091911402
22688,g__UBA2330,2.787965675
22689,g__UBA2333,3.365710964
22690,g__UBA2334,3.620182574
22691,g__UBA2336,3.037009609
22692,g__UBA2339,3.357238724
22693,g__UBA2353,2.858674298
22694,g__UBA2357,3.325354607
22695,g__UBA2359,3.365960995
22696,g__UBA2361,2.513986947
22697,g__UBA2364,3.080940846
22698,g__UBA2365,2.76372922
22699,g__UBA2376,4.960888988
22700,g__UBA2377,2.643873281
22701,g__UBA2383,2.803110982
22702,g__UBA2385,4.292059699
22703,g__UBA2386,3.309008013
22704,g__UBA2387,2.617107319
22705,g__UBA2391,2.495306808
22706,g__UBA2392,2.958541126
22707,g__UBA2394,2.766891859
22708,g__UBA2396,2.408267683
22709,g__UBA2400,2.982819132
22710,g__UBA2402,2.88430391
22711,g__UBA2421,2.934601524
22712,g__UBA2428,3.962699793
22713,g__UBA2450,2.131992425
22714,g__UBA2463,2.43259956
22715,g__UBA2466,2.54784327
22716,g__UBA2475,3.378993882
22717,g__UBA2487,2.533929239
22718,g__UBA2521,2.83983256
22719,g__UBA2558,1.614058361
22720,g__UBA2561,3.566567667
22721,g__UBA2562,3.229741606
22722,g__UBA2565,3.449154811
22723,g__UBA2588,2.214738822
22724,g__UBA2589,2.763066529
22725,g__UBA2591,1.533817973
22726,g__UBA2593,1.691296463
22727,g__UBA2595,2.032580039
22728,g__UBA2598,2.45108966
22729,g__UBA2632,2.022382096
22730,g__UBA2638,3.039713134
22731,g__UBA2645,2.313894031
22732,g__UBA2645_A,2.532939569
22733,g__UBA2653,2.649510303
22734,g__UBA2658,2.917763315
22735,g__UBA2679,4.078187109
22736,g__UBA2705,3.832178686
22737,g__UBA2730,2.059747054
22738,g__UBA2766,2.885813877
22739,g__UBA2767,3.177290311
22740,g__UBA2770,2.532156935
22741,g__UBA2772,1.665403531
22742,g__UBA2773,1.304787641
22743,g__UBA2774,2.541419984
22744,g__UBA2777,2.483494081
22745,g__UBA2778,3.142900879
22746,g__UBA2779,2.855487689
22747,g__UBA2780,2.89100147
22748,g__UBA2784,2.908271772
22749,g__UBA2796,3.267961812
22750,g__UBA2798,3.729462061
22751,g__UBA2804,3.710667324
22752,g__UBA2810,3.806334632
22753,g__UBA2813,2.60643386
22754,g__UBA2821,3.259513861
22755,g__UBA2834,1.946698669
22756,g__UBA284,1.651369561
22757,g__UBA285,2.010612984
22758,g__UBA2862,3.100646752
22759,g__UBA2868,2.853593827
22760,g__UBA287,1.853159397
22761,g__UBA288,2.254946933
22762,g__UBA2882,3.678812246
22763,g__UBA2883,2.492819975
22764,g__UBA2897,2.712907273
22765,g__UBA2903,2.979412234
22766,g__UBA2912,3.261698695
22767,g__UBA2913,2.69412506
22768,g__UBA2918,2.355913673
22769,g__UBA2922,2.863369992
22770,g__UBA2942,3.801121623
22771,g__UBA2943,2.776703863
22772,g__UBA2962,2.26741425
22773,g__UBA2963,2.284333905
22774,g__UBA2964,2.596702277
22775,g__UBA2965,2.251735387
22776,g__UBA2966,3.302914623
22777,g__UBA2968,3.305788636
22778,g__UBA2970,3.866630726
22779,g__UBA2979,2.430357771
22780,g__UBA2982,2.658970719
22781,g__UBA2985,2.131797952
22782,g__UBA2988,2.355740305
22783,g__UBA2990,2.907002488
22784,g__UBA2991,2.64739697
22785,g__UBA2993,2.836012993
22786,g__UBA2994,3.046289477
22787,g__UBA2995,3.24399326
22788,g__UBA2999,2.265915707
22789,g__UBA3002,2.859692225
22790,g__UBA3006,2.596322082
22791,g__UBA3012,2.914255019
22792,g__UBA3015,1.71212876
22793,g__UBA3031,2.276346783
22794,g__UBA3054,1.906869164
22795,g__UBA3064,2.869011685
22796,g__UBA3065,2.459715716
22797,g__UBA3067,2.797047021
22798,g__UBA3069,3.927926171
22799,g__UBA3071,2.609360158
22800,g__UBA3072,1.934891821
22801,g__UBA3073,1.931341707
22802,g__UBA3076,2.41455158
22803,g__UBA3077,3.3885062
22804,g__UBA3079,2.378006376
22805,g__UBA3081,1.502993
22806,g__UBA3084,2.34765814
22807,g__UBA3086,2.701107887
22808,g__UBA3088,2.171289061
22809,g__UBA3102,2.190146163
22810,g__UBA3103,2.481709987
22811,g__UBA3125,2.383346942
22812,g__UBA3206,2.294283356
22813,g__UBA3207,2.255747697
22814,g__UBA3210,2.645122322
22815,g__UBA3212,2.987901581
22816,g__UBA3222,2.242070094
22817,g__UBA3254,2.867244475
22818,g__UBA3263,2.243093944
22819,g__UBA3282,3.150930088
22820,g__UBA3291,2.442054049
22821,g__UBA3305,3.002658646
22822,g__UBA3361,2.891622218
22823,g__UBA3375,1.982453442
22824,g__UBA3379,2.431366376
22825,g__UBA3384,2.464595741
22826,g__UBA3402,3.157665565
22827,g__UBA3439,2.652616948
22828,g__UBA3465,3.442186165
22829,g__UBA3470,3.044755944
22830,g__UBA3478,2.413219762
22831,g__UBA349,2.833153156
22832,g__UBA3495,2.38050465
22833,g__UBA3496,2.48245374
22834,g__UBA3505,3.081493922
22835,g__UBA3531,1.867264279
22836,g__UBA3532,3.544378692
22837,g__UBA3534,2.348396858
22838,g__UBA3535,2.675131191
22839,g__UBA3537,1.755423931
22840,g__UBA3561,2.51351149
22841,g__UBA3566,2.408368425
22842,g__UBA3567,2.804146736
22843,g__UBA3569,2.232104064
22844,g__UBA3571,1.966850656
22845,g__UBA3574,1.897528714
22846,g__UBA3583,2.578648034
22847,g__UBA36,2.223269836
22848,g__UBA3631,1.4792984
22849,g__UBA3633,2.069514423
22850,g__UBA3636,1.585202396
22851,g__UBA3637,2.021050377
22852,g__UBA3663,2.450231029
22853,g__UBA3680,3.052931998
22854,g__UBA3700,2.184508142
22855,g__UBA3738,2.752207468
22856,g__UBA3747,2.484426484
22857,g__UBA3753,2.165829335
22858,g__UBA3766,2.914315166
22859,g__UBA3774,2.734140924
22860,g__UBA3775,2.871190338
22861,g__UBA3789,2.093938297
22862,g__UBA3792,2.649887393
22863,g__UBA3796,2.614073519
22864,g__UBA3818,3.063492621
22865,g__UBA3824,2.79791485
22866,g__UBA3830,2.14263679
22867,g__UBA3839,2.101790412
22868,g__UBA3855,3.02650295
22869,g__UBA3857,3.289604013
22870,g__UBA3869,1.913557397
22871,g__UBA3871,3.474266587
22872,g__UBA3900,2.220145513
22873,g__UBA3903,2.802904304
22874,g__UBA3906,2.305821051
22875,g__UBA3907,2.301307612
22876,g__UBA3910,2.295434264
22877,g__UBA3913,2.573168164
22878,g__UBA3920,2.084137067
22879,g__UBA3924,2.637145245
22880,g__UBA3933,2.379755782
22881,g__UBA3937,2.30691932
22882,g__UBA3939,1.808889669
22883,g__UBA3940,2.654476929
22884,g__UBA3941,1.942172025
22885,g__UBA3943,2.260136064
22886,g__UBA3946,2.056092102
22887,g__UBA3950,1.872436673
22888,g__UBA3951,2.416209844
22889,g__UBA3961,3.846672424
22890,g__UBA4045,3.499243237
22891,g__UBA4053,1.894884407
22892,g__UBA4054,2.46162981
22893,g__UBA4055,2.149254433
22894,g__UBA4057,2.590639603
22895,g__UBA4064,3.849249655
22896,g__UBA4066,2.428892111
22897,g__UBA4068,2.307453929
22898,g__UBA4080,3.225305059
22899,g__UBA4081,2.278217618
22900,g__UBA4082,2.230240794
22901,g__UBA4085,2.2292826
22902,g__UBA4087,2.21290102
22903,g__UBA4092,2.402767532
22904,g__UBA4093,2.97646458
22905,g__UBA4096,4.198444136
22906,g__UBA4116,3.579361736
22907,g__UBA412,1.972297438
22908,g__UBA4124,2.104715858
22909,g__UBA4132,3.370230033
22910,g__UBA4142,3.052641356
22911,g__UBA4151,2.987325663
22912,g__UBA4179,0.967610142
22913,g__UBA4181,1.243287146
22914,g__UBA4207,3.627592261
22915,g__UBA4246,2.281398187
22916,g__UBA4248,3.347227991
22917,g__UBA4285,2.794433138
22918,g__UBA4292,3.238431687
22919,g__UBA4293,2.037280363
22920,g__UBA4311,1.898233532
22921,g__UBA4312,3.126669015
22922,g__UBA4334,2.51107292
22923,g__UBA4345,2.946361829
22924,g__UBA4363,2.078462455
22925,g__UBA4372,2.2297614
22926,g__UBA4408,3.187963922
22927,g__UBA4416,3.409674133
22928,g__UBA4417,3.112712767
22929,g__UBA4419,2.661171473
22930,g__UBA4421,2.974037375
22931,g__UBA4427,3.6333363
22932,g__UBA4457,2.576491699
22933,g__UBA4459,2.6355307
22934,g__UBA4465,2.496908118
22935,g__UBA4466,3.085470991
22936,g__UBA447,2.023694334
22937,g__UBA4473,2.208184927
22938,g__UBA4479,3.396063054
22939,g__UBA4486,2.89031136
22940,g__UBA4572,2.652094929
22941,g__UBA4575,2.44034676
22942,g__UBA4581,2.636422248
22943,g__UBA4582,3.307836657
22944,g__UBA4588,2.685764912
22945,g__UBA4592,2.88667085
22946,g__UBA460,2.75243147
22947,g__UBA4615,3.200620812
22948,g__UBA4636,2.393041398
22949,g__UBA4644,3.060792353
22950,g__UBA4647,2.428537943
22951,g__UBA4655,2.691811601
22952,g__UBA4656,2.911026242
22953,g__UBA4657,2.687928136
22954,g__UBA4658,2.71439203
22955,g__UBA4660,2.938292748
22956,g__UBA4661,2.649633016
22957,g__UBA4664,2.028405802
22958,g__UBA4665,2.185710718
22959,g__UBA467,2.977863965
22960,g__UBA4675,2.070117472
22961,g__UBA4716,3.097207596
22962,g__UBA4717,2.798754781
22963,g__UBA4719,3.481053337
22964,g__UBA472,2.418692433
22965,g__UBA4720,2.936517939
22966,g__UBA4722,2.365418058
22967,g__UBA4729,2.155511752
22968,g__UBA4732,4.130138597
22969,g__UBA4733,3.835282928
22970,g__UBA4735,2.261321995
22971,g__UBA4736,2.471482472
22972,g__UBA4738,2.692742817
22973,g__UBA4742,2.904407645
22974,g__UBA4744,2.680808563
22975,g__UBA4763,2.627997524
22976,g__UBA4765,2.780663348
22977,g__UBA4767,2.426754397
22978,g__UBA4770,1.926513006
22979,g__UBA4778,2.807801239
22980,g__UBA4781,2.254488795
22981,g__UBA4782,2.463777599
22982,g__UBA4787,1.379062936
22983,g__UBA4802,2.78218711
22984,g__UBA4810,2.545883283
22985,g__UBA4811,3.165860597
22986,g__UBA4820,2.233595434
22987,g__UBA4821,2.401571426
22988,g__UBA4823,2.420032408
22989,g__UBA4839,2.284119481
22990,g__UBA4844,2.542995569
22991,g__UBA4851,3.060102154
22992,g__UBA4874,2.189720478
22993,g__UBA4877,2.523574686
22994,g__UBA4881,2.576684245
22995,g__UBA4882,2.777261793
22996,g__UBA489,1.559412789
22997,g__UBA492,1.845346998
22998,g__UBA4923,2.168963926
22999,g__UBA493,1.862667834
23000,g__UBA4951,2.026673323
23001,g__UBA4971,2.333645571
23002,g__UBA4975,2.607681879
23003,g__UBA4996,2.465511517
23004,g__UBA4997,2.554352994
23005,g__UBA5004,1.594049092
23006,g__UBA5005,3.064684255
23007,g__UBA5009,3.586626566
23008,g__UBA5018,2.95927682
23009,g__UBA5026,2.363856725
23010,g__UBA5066,2.918005939
23011,g__UBA5069,2.605853625
23012,g__UBA5070,3.494542495
23013,g__UBA5072,2.200361593
23014,g__UBA5073,1.056843068
23015,g__UBA5078,3.434354532
23016,g__UBA5081,2.932211349
23017,g__UBA509,2.172317035
23018,g__UBA5109,2.677510671
23019,g__UBA5122,3.380433
23020,g__UBA5123,2.906114733
23021,g__UBA5124,2.573896415
23022,g__UBA5150,1.79619379
23023,g__UBA5157,4.017716156
23024,g__UBA5158,2.869775972
23025,g__UBA5169,2.258602607
23026,g__UBA5177,2.856977725
23027,g__UBA5182,2.45657687
23028,g__UBA5186,2.346817288
23029,g__UBA5189,2.339389499
23030,g__UBA5195,3.267824846
23031,g__UBA5200,2.99749152
23032,g__UBA5202,2.23274372
23033,g__UBA5203,3.330606467
23034,g__UBA5206,3.404012443
23035,g__UBA5209,1.605234021
23036,g__UBA5214,2.143229394
23037,g__UBA5216,3.853396766
23038,g__UBA5232,1.436295961
23039,g__UBA5239,2.672271838
23040,g__UBA525,2.263243504
23041,g__UBA5266,2.208056949
23042,g__UBA5272,1.668822831
23043,g__UBA5278,1.886543395
23044,g__UBA5287,1.538687659
23045,g__UBA5301,2.516158873
23046,g__UBA5314,3.058215251
23047,g__UBA5318,2.616080898
23048,g__UBA5336,2.819006718
23049,g__UBA5342,2.476459867
23050,g__UBA5343,2.382669272
23051,g__UBA5348,1.800373701
23052,g__UBA5352,2.433462694
23053,g__UBA5356,2.286452295
23054,g__UBA5359,1.984694648
23055,g__UBA5364,1.85256653
23056,g__UBA5368,3.190958895
23057,g__UBA5385,3.602276897
23058,g__UBA5388,2.522633226
23059,g__UBA5389,2.691619013
23060,g__UBA5399,2.442709534
23061,g__UBA5409,1.992884651
23062,g__UBA5420,2.819570775
23063,g__UBA5429,2.440084523
23064,g__UBA543,1.778742251
23065,g__UBA5435,2.165609857
23066,g__UBA5436,2.119879313
23067,g__UBA5444,2.023621231
23068,g__UBA5448,2.550567278
23069,g__UBA5453,1.628339412
23070,g__UBA5454,2.202771393
23071,g__UBA5455,1.85386343
23072,g__UBA5456,2.542593343
23073,g__UBA5486,2.262261836
23074,g__UBA5489,2.080754975
23075,g__UBA5499,1.852257293
23076,g__UBA5500,2.817489298
23077,g__UBA5508,2.849622232
23078,g__UBA5518,3.114701525
23079,g__UBA5532,2.502885218
23080,g__UBA5536,2.776981718
23081,g__UBA5542,2.297954256
23082,g__UBA5550,3.422706012
23083,g__UBA5559,3.391836625
23084,g__UBA5578,2.272520196
23085,g__UBA5603,2.413780803
23086,g__UBA5609,2.738162721
23087,g__UBA5614,2.275062046
23088,g__UBA5615,1.102581414
23089,g__UBA5616,3.176037302
23090,g__UBA5619,2.705045784
23091,g__UBA5620,2.170030602
23092,g__UBA5623,3.263801871
23093,g__UBA5627,2.197991872
23094,g__UBA5628,2.194019189
23095,g__UBA5629,1.963705105
23096,g__UBA5633,1.607509828
23097,g__UBA5680,2.567047795
23098,g__UBA57,1.880914457
23099,g__UBA5701,2.409119843
23100,g__UBA5704,3.740507889
23101,g__UBA5734,2.854911543
23102,g__UBA5738,1.904095351
23103,g__UBA5745,2.72985205
23104,g__UBA5754,2.281090446
23105,g__UBA5755,2.15708169
23106,g__UBA5757,2.336361882
23107,g__UBA5760,2.449655584
23108,g__UBA5767,3.036105754
23109,g__UBA5774,2.98771704
23110,g__UBA5793,3.221947562
23111,g__UBA5794,2.827151309
23112,g__UBA5796,2.91353685
23113,g__UBA5799,2.230325376
23114,g__UBA5808,2.733884601
23115,g__UBA5809,2.110009776
23116,g__UBA582,2.23251714
23117,g__UBA5829,2.674136411
23118,g__UBA583,2.16570777
23119,g__UBA5851,2.468952346
23120,g__UBA5852,3.539688964
23121,g__UBA5859,2.650901227
23122,g__UBA5861,3.446432131
23123,g__UBA5862,2.714403388
23124,g__UBA5868,3.408891613
23125,g__UBA587,2.84601897
23126,g__UBA5884,2.607864344
23127,g__UBA5893,2.140745633
23128,g__UBA5905,2.281372004
23129,g__UBA5938,2.164051586
23130,g__UBA5941,1.811855767
23131,g__UBA5946,2.147547379
23132,g__UBA5951,2.560715514
23133,g__UBA5972,3.156145742
23134,g__UBA5976,3.05344066
23135,g__UBA6,2.595265972
23136,g__UBA60,2.626692887
23137,g__UBA6002,2.361282994
23138,g__UBA6013,2.909200611
23139,g__UBA6016,3.241230991
23140,g__UBA6019,2.125290114
23141,g__UBA6022,2.33207518
23142,g__UBA6024,3.045649779
23143,g__UBA6049,3.228255136
23144,g__UBA6053,3.101525634
23145,g__UBA6054,2.420310954
23146,g__UBA6055,2.837227051
23147,g__UBA6056,3.943193443
23148,g__UBA6057,3.714485966
23149,g__UBA6059,4.293048661
23150,g__UBA6065,1.992202467
23151,g__UBA6077,3.686250583
23152,g__UBA6078,2.727870907
23153,g__UBA6079,3.063376911
23154,g__UBA6080,2.404186343
23155,g__UBA6082,3.493582531
23156,g__UBA6084,2.984108216
23157,g__UBA6092,3.027734598
23158,g__UBA6094,2.247810681
23159,g__UBA6098,2.224845516
23160,g__UBA6099,2.394465398
23161,g__UBA6100,2.271826028
23162,g__UBA6103,2.904536417
23163,g__UBA6107,2.482269703
23164,g__UBA6109,3.158582281
23165,g__UBA6114,2.753061037
23166,g__UBA6115,2.226695221
23167,g__UBA6116,2.207527538
23168,g__UBA6118,2.75648413
23169,g__UBA6120,1.831774877
23170,g__UBA6126,2.388688806
23171,g__UBA6128,2.024972827
23172,g__UBA6129,2.710389775
23173,g__UBA6130,1.402312119
23174,g__UBA6131,2.212861342
23175,g__UBA6136,2.824990745
23176,g__UBA6140,3.231747346
23177,g__UBA6144,3.94000876
23178,g__UBA6145,2.693382864
23179,g__UBA6147,3.171458052
23180,g__UBA6149,2.892715554
23181,g__UBA6154,2.86461802
23182,g__UBA6156,2.402657522
23183,g__UBA6161,2.933161815
23184,g__UBA6163,3.726744922
23185,g__UBA6164,2.553643089
23186,g__UBA6166,3.713103893
23187,g__UBA6168,4.039853834
23188,g__UBA6170,3.28925266
23189,g__UBA6176,3.305996033
23190,g__UBA6177,1.708508794
23191,g__UBA6178,2.499933707
23192,g__UBA6181,2.365882838
23193,g__UBA6182,2.54038586
23194,g__UBA6183,2.802302563
23195,g__UBA6184,2.60533357
23196,g__UBA6186,2.010217586
23197,g__UBA6187,2.979614719
23198,g__UBA6191,3.312350069
23199,g__UBA6192,2.752649165
23200,g__UBA6197,3.363677918
23201,g__UBA6211,2.565035725
23202,g__UBA6213,3.020729313
23203,g__UBA6215,1.289544782
23204,g__UBA6220,1.926964994
23205,g__UBA6224,1.940064379
23206,g__UBA6230,2.038643013
23207,g__UBA6233,1.6278494
23208,g__UBA6240,3.461583063
23209,g__UBA6244,3.113480416
23210,g__UBA6249,1.76366881
23211,g__UBA6251,2.054035872
23212,g__UBA6256,2.440451471
23213,g__UBA6257,1.416183119
23214,g__UBA6259,3.281798993
23215,g__UBA6262,1.957474776
23216,g__UBA6264,1.261463819
23217,g__UBA6265,2.908706962
23218,g__UBA6266,1.541870685
23219,g__UBA6267,2.725458715
23220,g__UBA629,2.902057799
23221,g__UBA6345,2.208836588
23222,g__UBA636,2.481171155
23223,g__UBA6382,2.169806479
23224,g__UBA6398,2.309788596
23225,g__UBA6414,1.607735621
23226,g__UBA644,2.706652472
23227,g__UBA6448,1.997276927
23228,g__UBA646,1.910249112
23229,g__UBA647,2.41176276
23230,g__UBA6490,2.289822776
23231,g__UBA6491,2.584826329
23232,g__UBA6492,3.049728088
23233,g__UBA6502,3.848317814
23234,g__UBA6503,2.777465258
23235,g__UBA652,2.198760283
23236,g__UBA6522,2.5731658
23237,g__UBA6532,1.281180714
23238,g__UBA6534,1.641685204
23239,g__UBA6539,1.561049965
23240,g__UBA6544,3.442014166
23241,g__UBA6594,1.981454846
23242,g__UBA6595,2.189075043
23243,g__UBA660,1.663994403
23244,g__UBA6601,3.22531033
23245,g__UBA6614,2.41505003
23246,g__UBA6615,2.574802044
23247,g__UBA6620,3.621256783
23248,g__UBA6623,2.28806719
23249,g__UBA6624,1.626852426
23250,g__UBA6626,2.416204604
23251,g__UBA6627,2.778144365
23252,g__UBA665,2.329115791
23253,g__UBA6659,2.942588463
23254,g__UBA6663,3.268795735
23255,g__UBA6668,2.994367195
23256,g__UBA6669,3.078881288
23257,g__UBA668,3.177211254
23258,g__UBA6680,3.57450981
23259,g__UBA6688,2.463923578
23260,g__UBA6729,2.375200875
23261,g__UBA6770,2.698977282
23262,g__UBA6772,2.372885885
23263,g__UBA6776,3.235854522
23264,g__UBA6777,5.525593497
23265,g__UBA6794,2.186491929
23266,g__UBA6796,3.846129287
23267,g__UBA6803,2.279130261
23268,g__UBA6807,2.643365017
23269,g__UBA6808,1.95811594
23270,g__UBA6810,2.736699967
23271,g__UBA6814,2.469461415
23272,g__UBA6821,2.5057608
23273,g__UBA6824,1.61122529
23274,g__UBA685,3.354090352
23275,g__UBA6857,2.754966296
23276,g__UBA6894,3.088051142
23277,g__UBA6898,2.777574591
23278,g__UBA6899,1.682811534
23279,g__UBA6901,2.659066492
23280,g__UBA6902,2.608635342
23281,g__UBA6906,2.513581435
23282,g__UBA6910,2.950205784
23283,g__UBA6911,3.000829011
23284,g__UBA6912,2.891036076
23285,g__UBA6915,3.407764084
23286,g__UBA6918,2.747630737
23287,g__UBA6919,3.104165389
23288,g__UBA6920,3.267827113
23289,g__UBA6921,3.307542354
23290,g__UBA6926,2.139795748
23291,g__UBA6929,3.288877296
23292,g__UBA693,3.149396505
23293,g__UBA6930,2.708137519
23294,g__UBA6934,1.788565596
23295,g__UBA6935,3.239779122
23296,g__UBA6940,3.700461003
23297,g__UBA6944,2.787573241
23298,g__UBA695,2.303434313
23299,g__UBA6952,2.120948174
23300,g__UBA6955,2.448362584
23301,g__UBA6957,2.236971309
23302,g__UBA6984,2.363436564
23303,g__UBA6985,2.079725129
23304,g__UBA6987,2.604304473
23305,g__UBA699,4.625601187
23306,g__UBA700,2.592434061
23307,g__UBA701,3.336441641
23308,g__UBA7050,3.0028776
23309,g__UBA7067,2.94505
23310,g__UBA71,2.803919249
23311,g__UBA710,2.165622659
23312,g__UBA7109,3.255564653
23313,g__UBA7173,2.232718868
23314,g__UBA7177,2.541360025
23315,g__UBA7185,3.768905014
23316,g__UBA721,3.145662549
23317,g__UBA7236,3.513864301
23318,g__UBA7239,2.83101462
23319,g__UBA724,1.84388956
23320,g__UBA729,1.947308216
23321,g__UBA73,1.889929869
23322,g__UBA7312,1.91434718
23323,g__UBA7317,3.020280737
23324,g__UBA7326,2.703417111
23325,g__UBA7328,3.508638955
23326,g__UBA7330,3.758531126
23327,g__UBA7332,3.105210387
23328,g__UBA7359,2.680785741
23329,g__UBA7366,2.673705717
23330,g__UBA737,2.573359313
23331,g__UBA7374,2.039611362
23332,g__UBA7377,2.293276319
23333,g__UBA7378,2.316602729
23334,g__UBA738,2.789657763
23335,g__UBA7388,2.835949863
23336,g__UBA7396,2.763688968
23337,g__UBA7398,2.804613888
23338,g__UBA7430,2.477205984
23339,g__UBA7434,2.586406965
23340,g__UBA7441,2.431427797
23341,g__UBA7445,2.068634141
23342,g__UBA7446,1.999344553
23343,g__UBA7451,2.725323127
23344,g__UBA7455,2.935115757
23345,g__UBA7477,2.638522745
23346,g__UBA7485,2.542767516
23347,g__UBA7488,2.666914202
23348,g__UBA7522,1.857063414
23349,g__UBA7523,2.799755543
23350,g__UBA7524,2.270414449
23351,g__UBA7526,1.805898657
23352,g__UBA7540,3.768653392
23353,g__UBA7542,2.493131471
23354,g__UBA7573,2.711604837
23355,g__UBA7584,2.239915755
23356,g__UBA7623,3.288317491
23357,g__UBA7640,2.178315394
23358,g__UBA7656,4.732158103
23359,g__UBA7657,2.495168761
23360,g__UBA7662,3.155951741
23361,g__UBA7672,3.338729121
23362,g__UBA7675,3.179695223
23363,g__UBA7683,2.285635237
23364,g__UBA7692,3.056412148
23365,g__UBA7694,3.805843124
23366,g__UBA7701,3.284360014
23367,g__UBA7702,2.745336092
23368,g__UBA7703,2.550777773
23369,g__UBA7706,2.129691201
23370,g__UBA7707,2.860429591
23371,g__UBA7708,1.948367222
23372,g__UBA7741,2.633725174
23373,g__UBA7748,3.06165795
23374,g__UBA7797,3.4286453
23375,g__UBA7800,3.540856983
23376,g__UBA7803,3.110524236
23377,g__UBA7805,2.322495919
23378,g__UBA7862,2.01643205
23379,g__UBA7867,2.639259102
23380,g__UBA7868,2.081975114
23381,g__UBA7879,2.373488694
23382,g__UBA7883,2.07798293
23383,g__UBA7887,2.76961383
23384,g__UBA7888,2.62960459
23385,g__UBA791,2.203774297
23386,g__UBA7916,2.202900613
23387,g__UBA7937,1.978755597
23388,g__UBA7950,2.357616317
23389,g__UBA7951,3.16185012
23390,g__UBA7957,3.609081037
23391,g__UBA796,3.455566235
23392,g__UBA7960,2.444938568
23393,g__UBA7966,2.292505794
23394,g__UBA7971,3.000992126
23395,g__UBA7985,3.220332936
23396,g__UBA8079,2.84222959
23397,g__UBA8087,2.429387114
23398,g__UBA8106,2.26208923
23399,g__UBA8108,2.857759035
23400,g__UBA8110,2.592795793
23401,g__UBA8129,2.201353401
23402,g__UBA8130,2.648034708
23403,g__UBA8131,2.893096202
23404,g__UBA8133,2.91730351
23405,g__UBA8153,2.436769566
23406,g__UBA8154,2.445495383
23407,g__UBA8156,2.503071992
23408,g__UBA8158,3.345232602
23409,g__UBA816,1.96533647
23410,g__UBA817,2.758785472
23411,g__UBA8190,2.323329672
23412,g__UBA8199,2.240782119
23413,g__UBA8202,1.995571877
23414,g__UBA822,2.773053743
23415,g__UBA8229,2.05493429
23416,g__UBA823,2.186435229
23417,g__UBA8231,3.588146512
23418,g__UBA8248,3.017213664
23419,g__UBA826,2.067410368
23420,g__UBA8260,2.256926468
23421,g__UBA828,2.370194129
23422,g__UBA8290,1.848542316
23423,g__UBA8296,2.21636316
23424,g__UBA830,2.926188909
23425,g__UBA8309,2.732083488
23426,g__UBA8316,1.809112569
23427,g__UBA8317,2.519318097
23428,g__UBA8337,2.703136039
23429,g__UBA8346,3.695288686
23430,g__UBA8349,2.561363568
23431,g__UBA8363,3.298695552
23432,g__UBA8366,2.831103542
23433,g__UBA8389,1.831673375
23434,g__UBA8401,2.651374682
23435,g__UBA8403,2.026942945
23436,g__UBA8416,2.352714044
23437,g__UBA8437,3.121434772
23438,g__UBA8438,3.420274117
23439,g__UBA8444,2.00058586
23440,g__UBA845,3.732021123
23441,g__UBA8468,1.877372718
23442,g__UBA8471,2.064293747
23443,g__UBA8473,2.808364861
23444,g__UBA8475,1.501534794
23445,g__UBA8477,2.578160336
23446,g__UBA8480,2.099463215
23447,g__UBA8481,2.131219062
23448,g__UBA8498,1.594632343
23449,g__UBA8514,2.985345109
23450,g__UBA8515,2.008279455
23451,g__UBA8516,2.289596639
23452,g__UBA8517,1.1868751
23453,g__UBA8518,1.89337773
23454,g__UBA852,2.725456203
23455,g__UBA8522,2.288597166
23456,g__UBA8524,3.175373278
23457,g__UBA8525,3.240710891
23458,g__UBA8529,3.359847671
23459,g__UBA8530,2.844634289
23460,g__UBA854,2.521951653
23461,g__UBA8558,1.974583335
23462,g__UBA8592,2.268305279
23463,g__UBA8612,2.438620786
23464,g__UBA8639,3.499267985
23465,g__UBA8649,2.267258377
23466,g__UBA8653,2.743823541
23467,g__UBA866,2.827484889
23468,g__UBA8670,2.31393435
23469,g__UBA868,2.525763877
23470,g__UBA8687,2.378907721
23471,g__UBA8752,2.451298261
23472,g__UBA876,2.304678427
23473,g__UBA877,2.513941159
23474,g__UBA8783,1.415537813
23475,g__UBA8801,2.66134418
23476,g__UBA8803,4.182003294
23477,g__UBA8828,2.179490876
23478,g__UBA8886,1.933575106
23479,g__UBA8898,1.916621426
23480,g__UBA890,2.216545311
23481,g__UBA8901,2.202913094
23482,g__UBA8904,2.693441041
23483,g__UBA8905,2.357774021
23484,g__UBA8914,2.49585864
23485,g__UBA8919,1.949955115
23486,g__UBA8921,1.94788009
23487,g__UBA8941,2.46307822
23488,g__UBA8949,2.161536137
23489,g__UBA8950,3.261161574
23490,g__UBA8958,2.748826172
23491,g__UBA8987,2.536989439
23492,g__UBA9002,2.477039527
23493,g__UBA9040,2.7302118
23494,g__UBA9042,3.814317849
23495,g__UBA9076,2.31451578
23496,g__UBA9087,1.961162427
23497,g__UBA9088,1.958223158
23498,g__UBA9089,1.682681833
23499,g__UBA910,1.976375021
23500,g__UBA912,2.297928878
23501,g__UBA9145,2.993652161
23502,g__UBA9148,2.236223973
23503,g__UBA9159,3.85418758
23504,g__UBA9160,3.505042548
23505,g__UBA917,1.718688493
23506,g__UBA919,1.951072755
23507,g__UBA92,1.790280037
23508,g__UBA920,2.180830415
23509,g__UBA9212,2.00425883
23510,g__UBA9214,2.572986032
23511,g__UBA9215,2.600874045
23512,g__UBA9216,3.471306673
23513,g__UBA9217,2.675062995
23514,g__UBA9219,1.932700632
23515,g__UBA922,1.704640912
23516,g__UBA9220,2.398992196
23517,g__UBA923,3.1389705
23518,g__UBA924,1.844164994
23519,g__UBA925,1.334256211
23520,g__UBA9264,3.371029567
23521,g__UBA927,1.565433947
23522,g__UBA929,2.153032235
23523,g__UBA9294,2.426682631
23524,g__UBA9296,1.716378809
23525,g__UBA93,1.661968772
23526,g__UBA9300,2.130679977
23527,g__UBA931,2.146958496
23528,g__UBA9312,2.192136458
23529,g__UBA932,2.154033577
23530,g__UBA9320,2.427990617
23531,g__UBA933,2.391713413
23532,g__UBA9337,1.874648204
23533,g__UBA9338,1.639177031
23534,g__UBA9339,1.874099766
23535,g__UBA935,2.134274467
23536,g__UBA937,2.734563084
23537,g__UBA9382,3.327412343
23538,g__UBA940,2.274220905
23539,g__UBA941,3.112432519
23540,g__UBA9410,2.508800348
23541,g__UBA9414,3.966834699
23542,g__UBA946,2.726083838
23543,g__UBA9464,3.652983151
23544,g__UBA947,2.053163229
23545,g__UBA949,1.798197174
23546,g__UBA95,1.952635919
23547,g__UBA952,2.544595994
23548,g__UBA953,2.177368068
23549,g__UBA954,2.485022202
23550,g__UBA9547,2.861015537
23551,g__UBA955,2.499058398
23552,g__UBA9554,3.352109399
23553,g__UBA956,3.501186749
23554,g__UBA9568,1.546877027
23555,g__UBA9570,1.908239541
23556,g__UBA9579,2.359948401
23557,g__UBA961,2.793516711
23558,g__UBA9611,2.638682531
23559,g__UBA9619,2.801678686
23560,g__UBA9620,2.708439938
23561,g__UBA9627,1.941754152
23562,g__UBA9628,2.279268749
23563,g__UBA9629,1.792871021
23564,g__UBA963,2.613468846
23565,g__UBA9630,1.438821684
23566,g__UBA9631,1.691045089
23567,g__UBA9634,2.307078011
23568,g__UBA9636,1.927664142
23569,g__UBA9637,2.340347241
23570,g__UBA9639,2.581876382
23571,g__UBA964,2.692875714
23572,g__UBA9640,2.365304747
23573,g__UBA9642,2.003340995
23574,g__UBA9644,1.438125284
23575,g__UBA9645,1.606946477
23576,g__UBA9647,2.701004427
23577,g__UBA965,2.573593277
23578,g__UBA9650,1.453021755
23579,g__UBA9653,2.292158234
23580,g__UBA9655,2.617417024
23581,g__UBA9659,3.079121575
23582,g__UBA966,2.577933626
23583,g__UBA9662,3.460795175
23584,g__UBA9664,2.962596812
23585,g__UBA967,2.604996244
23586,g__UBA9673,1.830702779
23587,g__UBA9676,4.544775807
23588,g__UBA969,3.01871668
23589,g__UBA97,2.109665852
23590,g__UBA970,1.808873077
23591,g__UBA9715,2.889943203
23592,g__UBA9722,2.835490909
23593,g__UBA9732,2.687435704
23594,g__UBA974,2.810674883
23595,g__UBA9775,2.441913403
23596,g__UBA9786,2.811063472
23597,g__UBA981,3.643414955
23598,g__UBA9845,1.967546161
23599,g__UBA9848,2.327148389
23600,g__UBA9862,2.354707521
23601,g__UBA9865,2.313552819
23602,g__UBA987,3.29668976
23603,g__UBA9904,2.202781772
23604,g__UBA9910,2.181965666
23605,g__UBA9915,2.364683543
23606,g__UBA9926,3.033322682
23607,g__UBA993,2.323580015
23608,g__UBA9933,2.12692734
23609,g__UBA9934,1.966739577
23610,g__UBA9936,1.37217538
23611,g__UBA994,2.584813781
23612,g__UBA9942,2.342547648
23613,g__UBA9949,2.3588217
23614,g__UBA995,2.347938096
23615,g__UBA9959,2.39662098
23616,g__UBA996,2.691125088
23617,g__UBA9968,2.794172675
23618,g__UBA997,2.853288924
23619,g__UBA9971,2.466319862
23620,g__UBA9973,1.856715107
23621,g__UBA9978,2.064515164
23622,g__UBA998,2.584906167
23623,g__UBA9980,3.440433199
23624,g__UBA9983,1.765469628
23625,g__UBA9988,1.630379225
23626,g__UBA9989,2.105272098
23627,g__UBA999,2.910448541
23628,g__UCB2,2.816702763
23629,g__UCB3,2.10465155
23630,g__UDEA-SF1,2.259330227
23631,g__UJ101,2.71534279
23632,g__UKL13-2,3.376899908
23633,g__UKL13-3,3.188229188
23634,g__ULC077BIN1,4.11051454
23635,g__UM-FILTER-33-9,1.423121368
23636,g__UM-FILTER-34-10,2.276495357
23637,g__UM-FILTER-34-12,1.368510856
23638,g__UM-FILTER-36-11,1.579224699
23639,g__UM-FILTER-36-13,1.428631091
23640,g__UM-FILTER-36-7,1.4631741
23641,g__UM-FILTER-37-10,1.542429171
23642,g__UM-FILTER-37-12,1.704446901
23643,g__UM-FILTER-38-24,2.049105064
23644,g__UM-FILTER-39-15,1.515485945
23645,g__UM-FILTER-39-64,1.709641405
23646,g__UM-FILTER-40-11,1.113596366
23647,g__UM-FILTER-40-16,1.760490445
23648,g__UM-FILTER-40-17,2.651066053
23649,g__UM-FILTER-41-14,1.940918409
23650,g__UM-FILTER-41-21,1.926246222
23651,g__UM-FILTER-41-35,2.700918252
23652,g__UM-FILTER-42-10,1.52805684
23653,g__UM-FILTER-42-14,1.480807837
23654,g__UM-FILTER-42-9,1.197228628
23655,g__UM-FILTER-43-11,1.993221484
23656,g__UM-FILTER-43-11-A,1.201080154
23657,g__UM-FILTER-45-8,2.096114338
23658,g__UM-FILTER-46-8,2.537077325
23659,g__UM-FILTER-47-13,2.775393881
23660,g__UM-FILTER-48-10,1.331700199
23661,g__UM-FILTER-49-7,2.39279982
23662,g__UM-FILTER-50-9,1.861899407
23663,g__UM-FILTER-53-11,2.209448424
23664,g__UM-FILTER-53-9,1.986792632
23665,g__UM-FILTER-63-12,4.773473636
23666,g__UMGS1002,2.784327192
23667,g__UMGS1045,2.088665728
23668,g__UMGS1052,2.923924212
23669,g__UMGS1071,2.977075964
23670,g__UMGS1109,2.345023695
23671,g__UMGS1124,1.827234923
23672,g__UMGS1202,3.721219115
23673,g__UMGS1224,1.961449918
23674,g__UMGS1225,3.01587389
23675,g__UMGS124,3.170094337
23676,g__UMGS1251,4.83132167
23677,g__UMGS1260,3.729941298
23678,g__UMGS1264,2.876203774
23679,g__UMGS1271,1.914575203
23680,g__UMGS1279,2.428193967
23681,g__UMGS1307,2.438543905
23682,g__UMGS1312,2.458734029
23683,g__UMGS1322,2.282749607
23684,g__UMGS1338,2.987098648
23685,g__UMGS1370,3.965160177
23686,g__UMGS1387,2.910252831
23687,g__UMGS1388,2.463026961
23688,g__UMGS1449,1.733617528
23689,g__UMGS1470,2.325333954
23690,g__UMGS1474,2.262839644
23691,g__UMGS1477,2.780231939
23692,g__UMGS1484,2.422757229
23693,g__UMGS1487,1.897016908
23694,g__UMGS1490,2.484548358
23695,g__UMGS1491,2.131798247
23696,g__UMGS1494,3.264491268
23697,g__UMGS1498,2.227939466
23698,g__UMGS1502,2.669108906
23699,g__UMGS1518,2.846029977
23700,g__UMGS1519,2.722579179
23701,g__UMGS1532,2.363318045
23702,g__UMGS1540,2.410595645
23703,g__UMGS1572,1.909733621
23704,g__UMGS1585,2.624658618
23705,g__UMGS1590,3.321976324
23706,g__UMGS1591,2.147324722
23707,g__UMGS1601,2.442885391
23708,g__UMGS1611,1.917714769
23709,g__UMGS1613,2.217820661
23710,g__UMGS1623,2.515461762
23711,g__UMGS1649,2.020414688
23712,g__UMGS1663,1.947489439
23713,g__UMGS1668,3.201080659
23714,g__UMGS1696,2.991351595
23715,g__UMGS172,2.549157707
23716,g__UMGS1754,1.752335179
23717,g__UMGS1766,3.386801387
23718,g__UMGS1781,1.797855181
23719,g__UMGS1783,2.272259163
23720,g__UMGS1810,2.663550414
23721,g__UMGS1820,2.339933478
23722,g__UMGS1840,2.440022433
23723,g__UMGS1851,2.354004255
23724,g__UMGS1858,2.115194057
23725,g__UMGS1864,1.833936433
23726,g__UMGS1865,2.712032744
23727,g__UMGS1883,2.749712971
23728,g__UMGS1889,3.881835992
23729,g__UMGS1901,1.63530044
23730,g__UMGS1908,2.336890412
23731,g__UMGS1933,1.962323546
23732,g__UMGS1958,3.457390385
23733,g__UMGS1975,2.425336356
23734,g__UMGS1976,2.448923732
23735,g__UMGS1994,1.818321506
23736,g__UMGS2016,1.998993798
23737,g__UMGS2037,3.251441904
23738,g__UMGS2055,2.606315253
23739,g__UMGS2068,1.531625065
23740,g__UMGS2069,2.279868487
23741,g__UMGS2070,2.067302483
23742,g__UMGS263,2.653355408
23743,g__UMGS27,2.557383993
23744,g__UMGS363,3.469525132
23745,g__UMGS621,2.27968317
23746,g__UMGS687,2.041720068
23747,g__UMGS692,2.560939062
23748,g__UMGS693,2.729084736
23749,g__UMGS731,2.88477786
23750,g__UMGS75,2.320088865
23751,g__UMGS755,2.355462006
23752,g__UMGS775,2.031766167
23753,g__UMGS856,2.436571525
23754,g__UMGS872,2.166520122
23755,g__UMGS882,2.616953665
23756,g__UMGS902,2.715917306
23757,g__UMGS911,2.564226439
23758,g__UMGS915,4.050129273
23759,g__UMGS929,2.209589726
23760,g__UMGS946,2.699605956
23761,g__UMGS973,3.943710407
23762,g__UMGS995,2.17773949
23763,g__UNRQ01,2.864647743
23764,g__UPXZ01,2.156559394
23765,g__URHD0088,3.647396698
23766,g__URXU01,3.429301816
23767,g__USCg-Taylor,2.87494727
23768,g__UTBCD1,2.669420242
23769,g__UTCFX2,2.827479261
23770,g__UTCHB3,3.005924934
23771,g__UTPLA1,2.971927381
23772,g__UTPRO1,2.922420866
23773,g__UWMA-0041,2.398380067
23774,g__UWMA-0117,2.099064993
23775,g__UWMA-0217,2.75371673
23776,g__UWMA-0277,1.894682576
23777,g__UWMA-0346,3.8934725
23778,g__UWPOB-MICAV1,2.494239067
23779,g__Uabimicrobium,4.953582371
23780,g__Udaeobacter,2.552448573
23781,g__Uliginosibacterium,4.088295656
23782,g__Uliginosibacterium_A,3.296542251
23783,g__Ulvibacter,3.176929416
23784,g__Ulvibacter_A,3.288854682
23785,g__Ulvibacterium,3.53343106
23786,g__Umboniibacter,3.792891497
23787,g__Umezakia,2.927891746
23788,g__Umezawaea,6.006706025
23789,g__Umezawaea_A,4.158796368
23790,g__Undibacterium,4.633639566
23791,g__Undinarchaeum,1.79893806
23792,g__Undivivens,1.718728091
23793,g__UphvI-Ar2,2.790523199
23794,g__Urbifossiella,4.584657928
23795,g__Ureaplasma,2.31055273
23796,g__Urechidicola,2.509726004
23797,g__Ureibacillus,5.068599472
23798,g__Urinicoccus,3.326382433
23799,g__Ursidibacter,2.930008277
23800,g__Usitatibacter,2.923168179
23801,g__Uzinura,1.652739507
23802,g__V1-115,3.284145294
23803,g__V1-33,2.272567226
23804,g__V9D3004,2.313974094
23805,g__VATK01,4.812910824
23806,g__VAUL01,2.624622642
23807,g__VAWY01,3.5792916
23808,g__VAXT01,2.142056564
23809,g__VAYN01,2.655903837
23810,g__VAZQ01,3.692210842
23811,g__VBAR01,3.552842112
23812,g__VBAS01,2.851387342
23813,g__VBAT01,3.266315678
23814,g__VBAU01,3.331357665
23815,g__VBCG01,2.811701986
23816,g__VBCK01,3.152545777
23817,g__VBDL01,3.528601035
23818,g__VBDM01,2.758117094
23819,g__VBDY01,2.51448016
23820,g__VBGR01,2.348800911
23821,g__VBKO01,3.259220883
23822,g__VBOC01,2.062498814
23823,g__VBQI01,2.189932303
23824,g__VBQP01,2.078486569
23825,g__VBWC01,2.553985412
23826,g__VBWE01,3.6699542
23827,g__VEMY01,3.14974442
23828,g__VENG01,3.404784352
23829,g__VEOV01,3.231460713
23830,g__VEPB01,3.215702947
23831,g__VEPF01,2.164686243
23832,g__VEQN01,2.533595494
23833,g__VEXD01,1.988956771
23834,g__VEXF01,2.319978345
23835,g__VFBF01,3.06501344
23836,g__VFHL01,2.155464457
23837,g__VFHP01,2.229849356
23838,g__VFJJ01,3.48224306
23839,g__VFJL01,2.336362737
23840,g__VFJN01,2.547425651
23841,g__VFJQ01,4.045778806
23842,g__VFJR01,3.057222049
23843,g__VFJS01,3.751509812
23844,g__VFJZ01,2.809000573
23845,g__VFKA01,3.021383466
23846,g__VFKB01,2.336310895
23847,g__VFKD01,3.255827717
23848,g__VFKE01,2.873012962
23849,g__VFKH01,2.170012317
23850,g__VFKI01,1.941698937
23851,g__VFKP01,2.20698946
23852,g__VFKU01,2.612970649
23853,g__VFKW01,1.877531562
23854,g__VFLI01,3.068410371
23855,g__VFLK01,1.569488305
23856,g__VFMC01,3.575439217
23857,g__VFZE01,3.57862864
23858,g__VFZH01,2.607614759
23859,g__VFZK01,4.107061997
23860,g__VFZN01,2.959641026
23861,g__VFZS01,3.31538289
23862,g__VFZY01,3.519942692
23863,g__VGAH01,1.98678506
23864,g__VGAZ01,1.995665314
23865,g__VGBK01,2.14958171
23866,g__VGBO01,2.331600213
23867,g__VGBV01,2.290109633
23868,g__VGCC01,2.545656907
23869,g__VGCF01,2.281459297
23870,g__VGCH01,3.170369899
23871,g__VGCI01,2.497976176
23872,g__VGCX01,2.178125406
23873,g__VGDC01,3.000905963
23874,g__VGDP01,2.837004419
23875,g__VGDZ01,2.946014398
23876,g__VGEI01,3.5812634
23877,g__VGEJ01,2.636031107
23878,g__VGEM01,3.148745335
23879,g__VGEU01,3.015542526
23880,g__VGEV01,3.06944055
23881,g__VGFA01,2.367940364
23882,g__VGFC01,2.867926237
23883,g__VGFD01,4.193405619
23884,g__VGFF01,2.179687346
23885,g__VGGL01,2.498937933
23886,g__VGIO01,2.62374308
23887,g__VGIQ01,2.462090889
23888,g__VGIW01,2.265657013
23889,g__VGIX01,1.601721457
23890,g__VGIY01,1.877402054
23891,g__VGIZ01,1.764701436
23892,g__VGJA01,1.911341886
23893,g__VGJJ01,2.156884175
23894,g__VGJL01,2.368428078
23895,g__VGJO01,1.614764033
23896,g__VGJU01,3.080234508
23897,g__VGJV01,1.770374961
23898,g__VGJW01,2.907475686
23899,g__VGJY01,3.708966175
23900,g__VGKB01,1.503432401
23901,g__VGKE01,1.49079705
23902,g__VGKF01,1.539331939
23903,g__VGKG01,1.935253808
23904,g__VGKH01,1.762362121
23905,g__VGKK01,1.675494465
23906,g__VGKM01,1.772205379
23907,g__VGKN01,1.837067836
23908,g__VGKP01,1.750726684
23909,g__VGKQ01,1.85054717
23910,g__VGKU01,1.446202151
23911,g__VGKX01,2.167498343
23912,g__VGKZ01,1.72061385
23913,g__VGLH01,2.57120338
23914,g__VGLJ01,3.683375295
23915,g__VGLK01,1.973349953
23916,g__VGLL01,1.515535082
23917,g__VGLO01,1.410250661
23918,g__VGLT01,1.758788913
23919,g__VGLU01,2.083310225
23920,g__VGLX01,2.096609262
23921,g__VGMA01,2.517991387
23922,g__VGMB01,2.511287674
23923,g__VGMD01,2.356752743
23924,g__VGNF01,2.872587542
23925,g__VGNK01,2.729077533
23926,g__VGNO01,2.72550997
23927,g__VGNW01,2.611334469
23928,g__VGNY01,3.040479004
23929,g__VGOB01,3.223969491
23930,g__VGOD01,3.759560089
23931,g__VGOE01,2.941759956
23932,g__VGOF01,2.280574006
23933,g__VGOG01,2.553911001
23934,g__VGOW01,2.843046257
23935,g__VGOZ01,2.772271945
23936,g__VGPE01,2.465291802
23937,g__VGPF01,2.508180166
23938,g__VGPI01,2.109676723
23939,g__VGRA01,3.917292992
23940,g__VGRB01,2.949440538
23941,g__VGRF01,3.303934093
23942,g__VGRW01,2.993866188
23943,g__VGSG01,3.449160492
23944,g__VGSO01,2.634961611
23945,g__VGSQ01,2.413188486
23946,g__VGSZ01,4.010177271
23947,g__VGTA01,3.649441203
23948,g__VGTB01,2.434425481
23949,g__VGTG01,3.753854351
23950,g__VGTJ01,4.186589956
23951,g__VGTK01,3.834345832
23952,g__VGTL01,2.236515461
23953,g__VGTM01,2.448550028
23954,g__VGVZ01,2.592402589
23955,g__VGWA01,2.209423354
23956,g__VGWB01,2.746097459
23957,g__VGWF01,1.545574433
23958,g__VGWG01,1.916527665
23959,g__VGWI01,2.102183142
23960,g__VGWJ01,1.818584745
23961,g__VGWX01,2.314639915
23962,g__VGWY01,2.291303044
23963,g__VGWZ01,2.244859959
23964,g__VGXF01,2.326496958
23965,g__VGXG01,2.542683651
23966,g__VGXI01,2.441775915
23967,g__VGXK01,2.661773481
23968,g__VGXM01,1.993252223
23969,g__VGXO01,2.180447918
23970,g__VGXW01,3.203346691
23971,g__VGYC01,4.411067389
23972,g__VGYT01,2.509302741
23973,g__VGZA01,3.348006013
23974,g__VGZC01,2.753262709
23975,g__VGZR01,2.443287987
23976,g__VGZT01,2.388615388
23977,g__VGZX01,2.328827618
23978,g__VGZY01,2.681522665
23979,g__VGZZ01,2.139869263
23980,g__VHBL01,2.396222238
23981,g__VHBM01,2.198071445
23982,g__VHBT01,2.365324731
23983,g__VHCN01,2.768124175
23984,g__VHCO01,4.036365054
23985,g__VHCZ01,4.040231679
23986,g__VHDF01,3.026731151
23987,g__VIKH01,2.637389494
23988,g__VISM01,2.616675321
23989,g__VJS01,2.606930681
23990,g__VKGY01,2.854505407
23991,g__VKM-B-2647,4.76826036
23992,g__VKMB-3413,3.928789446
23993,g__VLJP01,3.633541476
23994,g__VMCJ01,3.254416144
23995,g__VMCP01,2.619972968
23996,g__VMDH01,2.095028741
23997,g__VMDI01,2.392209263
23998,g__VMDJ01,2.550819028
23999,g__VMDK01,2.782996308
24000,g__VMEP01,2.000269623
24001,g__VMEU01,1.795251493
24002,g__VMEV01,1.613858136
24003,g__VMEW01,1.859971581
24004,g__VMFF01,1.697480649
24005,g__VMFH01,1.402576717
24006,g__VMFP01,1.386289007
24007,g__VMFQ01,1.634537837
24008,g__VMFR01,1.571774158
24009,g__VMFS01,1.66372444
24010,g__VMFT01,1.653311749
24011,g__VMFU01,1.443092602
24012,g__VMFW01,1.641283963
24013,g__VMGA01,1.572968311
24014,g__VMGD01,1.489140962
24015,g__VMGE01,1.252970868
24016,g__VMGF01,1.699565401
24017,g__VMGJ01,1.490139008
24018,g__VMGK01,1.678194114
24019,g__VMGT01,1.828144284
24020,g__VMGU01,1.207859906
24021,g__VMGX01,1.525846143
24022,g__VMGY01,1.18603452
24023,g__VMSU01,3.151370252
24024,g__VMSV01,3.918751802
24025,g__VMTK01,1.626802759
24026,g__VOQV01,1.713363012
24027,g__VRUB01,2.582933787
24028,g__VRUD01,3.099588781
24029,g__VRUE01,2.165488451
24030,g__VRUF01,2.293705587
24031,g__VRUG01,3.178328519
24032,g__VRUJ01,2.827899021
24033,g__VSJD01,1.93770339
24034,g__VSOB01,3.079980478
24035,g__VXLM01,2.529633318
24036,g__VXMF01,3.739609015
24037,g__VXMO01,2.235067697
24038,g__VXMT01,2.350660237
24039,g__VXNE01,3.097277402
24040,g__VXNF01,2.455080388
24041,g__VXNJ01,2.048265032
24042,g__VXOI01,2.981354488
24043,g__VXOY01,1.458321423
24044,g__VXOZ01,2.459299352
24045,g__VXPC01,2.250762741
24046,g__VXPQ01,2.328867694
24047,g__VXPW01,2.818520085
24048,g__VXRD01,3.047102065
24049,g__VXRJ01,2.929058784
24050,g__VXRN01,2.867541949
24051,g__VXYK01,2.974973554
24052,g__VXYL01,3.185083681
24053,g__VYCS01,2.343021957
24054,g__VYDC01,2.254157235
24055,g__VYEH01,3.162809404
24056,g__VYFG01,3.174294223
24057,g__VadinCA11,2.313951099
24058,g__Vaginella,3.467069948
24059,g__Vaginimicrobium,2.891436882
24060,g__Vaginisenegalia,3.774370128
24061,g__Vagococcus,3.459054487
24062,g__Vagococcus_A,3.131018341
24063,g__Vagococcus_B,3.791805328
24064,g__Vagococcus_C,3.138767556
24065,g__Vagococcus_D,3.568331593
24066,g__Vagococcus_E,3.679622993
24067,g__Vallicoccus,2.559808622
24068,g__Vallitalea,3.22456888
24069,g__Vallitalea_A,4.558952172
24070,g__Vampirovibrio,3.190676291
24071,g__Vannielia,3.500109836
24072,g__Varibaculum,2.641800826
24073,g__Variibacter,3.681410761
24074,g__Variovorax,4.878015958
24075,g__Variovorax_A,4.049885288
24076,g__Varunaivibrio,2.949928365
24077,g__Vecturithrix,4.685355546
24078,g__Veillonella,2.989475164
24079,g__Veillonella_A,3.258144819
24080,g__Velamenicoccus,1.932655269
24081,g__Velesiimonas,1.651674531
24082,g__Velocimicrobium,3.640785117
24083,g__Velthaea,3.251906583
24084,g__Venatoribacter,4.089189138
24085,g__Venenivibrio,1.913240407
24086,g__Venteria,3.232912008
24087,g__Ventosimonas,2.642569627
24088,g__Ventrenecus,2.07255853
24089,g__Ventricola,2.854772024
24090,g__Ventrisoma,4.87669424
24091,g__Ventrousia,2.776886858
24092,g__Vermiculatibacterium,2.650175819
24093,g__Vermiphilus,2.207117445
24094,g__Veronia,5.847108444
24095,g__Verruco-01,2.220195469
24096,g__Verrucomicrobium,4.444384124
24097,g__Versatilivorator,2.852500638
24098,g__Verticiella,3.729284625
24099,g__Vescimonas,3.216456554
24100,g__Vespertiliibacter,2.926078677
24101,g__Vibrio,5.305817146
24102,g__Vibrio_A,5.246354114
24103,g__Vicingus,2.696280132
24104,g__Vicinibacter,2.95074453
24105,g__Victivallis,2.261873504
24106,g__Villigracilis,3.302843855
24107,g__Vineibacter,4.352313819
24108,g__Virgibacillus,4.129935391
24109,g__Virgibacillus_B,3.464974969
24110,g__Virgibacillus_E,4.096688032
24111,g__Virgibacillus_F,4.094407783
24112,g__Virgibacillus_G,4.157412441
24113,g__Virgibacillus_H,3.775281177
24114,g__Virgibacillus_I,4.231800823
24115,g__Virgisporangium,6.047374401
24116,g__Viridibacillus,5.018544398
24117,g__Viridilinea,3.393842655
24118,g__Vitreimonas,3.232377971
24119,g__Vitreoscilla,4.414912675
24120,g__Vogesella,5.237684805
24121,g__Volucribacter,3.41664468
24122,g__Vondammii,3.578482718
24123,g__Vreelandella,3.91726265
24124,g__Vulcanibacillus,3.249560337
24125,g__Vulcaniibacterium,2.673345117
24126,g__Vulcaniibacterium_B,2.258376699
24127,g__Vulcanisaeta,2.832260145
24128,g__Vulcanococcus,3.015980101
24129,g__Vulgatibacter,3.033925379
24130,g__W-Chloroflexi-9,2.508993216
24131,g__W-Firmicutes-14,2.936044992
24132,g__W0P28-013,2.177124824
24133,g__W0P31-042,2.67634754
24134,g__W0P33-017,3.940356342
24135,g__W1033,2.501400835
24136,g__W111,2.575178043
24137,g__W11650,2.938896053
24138,g__W1P20-047,2.818368372
24139,g__W260,2.770048196
24140,g__W265,2.376421108
24141,g__W281,2.697659164
24142,g__W2P13-069,3.104895116
24143,g__W3P20-009,2.419245784
24144,g__W425,2.334568895
24145,g__W498,2.171601662
24146,g__W5053,2.618999555
24147,g__W589,2.453992449
24148,g__W693,1.891306938
24149,g__WACF01,3.323248468
24150,g__WAJ17,4.996500558
24151,g__WAJW01,2.250461383
24152,g__WAJX01,2.118865472
24153,g__WAKA01,3.176107666
24154,g__WAKM01,2.461601773
24155,g__WAKO01,1.444732627
24156,g__WALA01,1.780090556
24157,g__WALD01,1.901661274
24158,g__WALJ01,2.029647017
24159,g__WALL01,1.958041868
24160,g__WALN01,1.965660408
24161,g__WALP01,1.844186213
24162,g__WALR01,1.799276431
24163,g__WALT01,2.51873931
24164,g__WALU01,2.252011523
24165,g__WALW01,2.182816052
24166,g__WAMD01,1.453854116
24167,g__WAML01,2.278627258
24168,g__WAMV01,1.740981808
24169,g__WAMX01,1.725403818
24170,g__WAMZ01,2.512494106
24171,g__WANL01,1.581643222
24172,g__WANN01,2.422888546
24173,g__WANO01,2.042045738
24174,g__WANQ01,2.266466878
24175,g__WANZ01,1.870653339
24176,g__WAOB01,1.619830049
24177,g__WAOK01,2.224843944
24178,g__WAOL01,2.11788201
24179,g__WAON01,2.104228195
24180,g__WAPJ01,1.464681652
24181,g__WAPT01,1.838555841
24182,g__WAPX01,2.199199841
24183,g__WAPY01,1.697481655
24184,g__WAQA01,1.985502731
24185,g__WAQG01,2.367056607
24186,g__WAQK01,2.385280255
24187,g__WAQM01,2.038184018
24188,g__WAQN01,2.130737107
24189,g__WAQR01,2.174249612
24190,g__WAQT01,1.580139296
24191,g__WAQV01,1.485357082
24192,g__WAQW01,2.003179328
24193,g__WARW01,1.242972971
24194,g__WC36,3.001924245
24195,g__WCHB1-27,2.42140522
24196,g__WFHF3C12,3.449745062
24197,g__WFNF01,3.285495619
24198,g__WFPA01,2.419156559
24199,g__WFQU01,2.536234619
24200,g__WFQV01,2.486510497
24201,g__WFRC01,2.236628873
24202,g__WFRI01,1.739446493
24203,g__WFSE01,2.14958403
24204,g__WFSH01,2.128504973
24205,g__WFSI01,2.173779627
24206,g__WFTC01,2.013003952
24207,g__WFTH01,1.360515645
24208,g__WFUO01,2.418369633
24209,g__WFVA01,2.500696362
24210,g__WFVT01,2.933566148
24211,g__WFWF01,2.046918935
24212,g__WFWG01,2.383009954
24213,g__WFWH01,1.380171006
24214,g__WFXC01,2.264597822
24215,g__WFXD01,2.785605666
24216,g__WFXV01,1.980254169
24217,g__WFYI01,2.173749127
24218,g__WFYJ01,2.692908464
24219,g__WFZT01,2.442997948
24220,g__WG-1,3.948071821
24221,g__WGA-3G,3.382559603
24222,g__WGAB01,2.198190175
24223,g__WGAI01,2.251217136
24224,g__WGAL01,2.367214504
24225,g__WGAO01,2.028647858
24226,g__WGBF01,2.475961851
24227,g__WGBN01,2.387040481
24228,g__WGBX01,2.367502241
24229,g__WGCX01,2.842671963
24230,g__WGDQ01,2.806935764
24231,g__WGFY01,2.242316933
24232,g__WGLT01,2.492894205
24233,g__WGLV01,2.684826516
24234,g__WGMI01,2.615985939
24235,g__WGMK01,2.933558903
24236,g__WGMQ01,3.409803116
24237,g__WGNA01,3.331807901
24238,g__WGNE01,3.047573097
24239,g__WGOA01,2.805476497
24240,g__WH-5701,2.917220962
24241,g__WHSL01,4.147251203
24242,g__WHSM01,3.331816903
24243,g__WHSN01,3.043756862
24244,g__WHSO01,2.689045984
24245,g__WHSP01,3.027046359
24246,g__WHSQ01,3.202280561
24247,g__WHSR01,3.86331247
24248,g__WHST01,3.514321211
24249,g__WHSU01,2.772804548
24250,g__WHSV01,2.737214807
24251,g__WHSW01,2.729070542
24252,g__WHSY01,3.480453923
24253,g__WHTB01,3.372973118
24254,g__WHTC01,3.210150661
24255,g__WHTF01,3.567156205
24256,g__WHTG01,2.826208114
24257,g__WHTI01,2.806015349
24258,g__WHTJ01,3.356965285
24259,g__WHTK01,2.946547219
24260,g__WHTL01,3.054922149
24261,g__WHTM01,3.607582637
24262,g__WHTN01,2.589705527
24263,g__WHTO01,2.631761971
24264,g__WHTP01,3.831424283
24265,g__WHTR01,2.795082866
24266,g__WHTT01,3.650206479
24267,g__WHTX01,3.417406964
24268,g__WHUA01,3.100775374
24269,g__WHUE01,3.201824896
24270,g__WIAN01,1.440007362
24271,g__WJIJ01,2.878452184
24272,g__WJIL01,3.172589668
24273,g__WJIO01,2.937734148
24274,g__WJIP01,2.819098393
24275,g__WJIR01,2.683105423
24276,g__WJIX01,2.314548875
24277,g__WJIY01,1.74678348
24278,g__WJIZ01,2.0201588
24279,g__WJJA01,2.749935525
24280,g__WJJB01,3.088219513
24281,g__WJJD01,2.107625032
24282,g__WJJG01,2.430921489
24283,g__WJJI01,1.260675063
24284,g__WJJJ01,1.919481322
24285,g__WJJK01,2.518676062
24286,g__WJJL01,1.476329669
24287,g__WJJM01,1.923708649
24288,g__WJJN01,2.781811155
24289,g__WJJQ01,2.00650376
24290,g__WJJR01,2.480229982
24291,g__WJJS01,1.955417378
24292,g__WJJT01,1.984166288
24293,g__WJJU01,3.372501294
24294,g__WJJV01,2.009412282
24295,g__WJJW01,2.30273671
24296,g__WJJX01,1.267880376
24297,g__WJJZ01,1.516070593
24298,g__WJKA01,2.710092169
24299,g__WJKB01,1.893382095
24300,g__WJKC01,1.560758855
24301,g__WJKD01,4.000695858
24302,g__WJKE01,2.272151706
24303,g__WJKG01,2.541337851
24304,g__WJKH01,1.908653914
24305,g__WJKI01,2.18087337
24306,g__WJKK01,1.312335247
24307,g__WJKL01,1.866264228
24308,g__WJKM01,1.965396119
24309,g__WJKO01,3.034545332
24310,g__WJKP01,1.63405733
24311,g__WJKQ01,1.946879064
24312,g__WJKR01,1.755121902
24313,g__WJKV01,1.942756526
24314,g__WJKY01,1.739302572
24315,g__WJKZ01,1.754059257
24316,g__WJLA01,1.666887275
24317,g__WJLC01,1.644258264
24318,g__WJLG01,1.533199133
24319,g__WJLJ01,1.682296206
24320,g__WJLK01,1.806893036
24321,g__WJLL01,0.847059576
24322,g__WJLO01,0.923573599
24323,g__WJLW01,3.133300894
24324,g__WJLX01,2.553286897
24325,g__WJLY01,1.820308683
24326,g__WJMA01,2.222898899
24327,g__WJMB01,2.368487681
24328,g__WJMC01,2.568952161
24329,g__WJMD01,1.911190216
24330,g__WJME01,3.163636824
24331,g__WJMF01,2.582462966
24332,g__WJMG01,1.723939845
24333,g__WJMH01,2.002735728
24334,g__WJMI01,2.508674454
24335,g__WJMO01,1.968395015
24336,g__WJMR01,2.359709405
24337,g__WJMS01,2.823807769
24338,g__WJMT01,2.515347844
24339,g__WJOV01,2.117716133
24340,g__WKFI01,4.623722177
24341,g__WKFJ01,5.257740962
24342,g__WLJO01,2.764391352
24343,g__WLMZ01,3.275674231
24344,g__WLND01,2.995979295
24345,g__WLNJ01,2.634929643
24346,g__WLNW01,2.998402912
24347,g__WLQV01,2.269279827
24348,g__WLRQ01,2.834639916
24349,g__WLWN01,3.203432868
24350,g__WLWR01,1.952612988
24351,g__WLWS01,3.184377551
24352,g__WLWT01,4.724749409
24353,g__WLWV01,3.235020326
24354,g__WLWX01,3.687980824
24355,g__WLWZ01,3.212914081
24356,g__WLXB01,3.153466432
24357,g__WLXD01,3.086112208
24358,g__WM-009,1.737608621
24359,g__WM-3-3,3.518769138
24360,g__WM01,2.867381865
24361,g__WMHbin3,2.892070275
24362,g__WMHbin7,3.112768381
24363,g__WMMD1047,4.134185083
24364,g__WMS2,2.567800484
24365,g__WNDY01,3.891859908
24366,g__WNWL01,3.741879085
24367,g__WO2-01-48-18,2.085876018
24368,g__WO2-35-19,1.549585656
24369,g__WO2-39-10b,1.103201871
24370,g__WO2-40-15,1.152118904
24371,g__WO2-42-50,1.386621748
24372,g__WO2-43-9,1.534979007
24373,g__WO2-44-18,1.695529544
24374,g__WO2-46-25,1.448355764
24375,g__WO2-47-17b,1.764589684
24376,g__WO2-48-25,1.349746787
24377,g__WO2-49-40,1.84377187
24378,g__WO2-54-10,1.574561727
24379,g__WO2-FULL-39-10,1.23868834
24380,g__WO2-FULL-39-9,1.647436348
24381,g__WO2-FULL-40-11,1.735196519
24382,g__WOFB19,2.086690062
24383,g__WOR-SM1-SCG,2.621667128
24384,g__WOUP01,2.515697486
24385,g__WOUV01,2.296769206
24386,g__WOZL01,1.399350201
24387,g__WOZS01,2.167808286
24388,g__WPAF01,1.886496878
24389,g__WQRI01,2.000776079
24390,g__WQRX01,2.496589118
24391,g__WQSD01,2.025518267
24392,g__WQSK01,2.111649331
24393,g__WQTQ01,2.509732034
24394,g__WQTU01,2.389218365
24395,g__WQTX01,2.639151254
24396,g__WQTY01,3.031886172
24397,g__WQUF01,2.795690218
24398,g__WQUG01,2.044633352
24399,g__WQUN01,1.850079409
24400,g__WQUT01,1.896015568
24401,g__WQUU01,1.993455113
24402,g__WQUV01,1.504960432
24403,g__WQVB01,2.589352243
24404,g__WQVC01,2.411278
24405,g__WQVK01,2.2522349
24406,g__WQVL01,2.514135229
24407,g__WQVM01,1.997375871
24408,g__WQVN01,1.877402065
24409,g__WQVR01,1.734273266
24410,g__WQVT01,2.770108287
24411,g__WQVX01,2.759584101
24412,g__WQVZ01,2.2912612
24413,g__WQWB01,2.291715796
24414,g__WQWG01,2.190958353
24415,g__WQWN01,1.05279735
24416,g__WQWV01,1.686839946
24417,g__WQXA01,1.827909378
24418,g__WQXF01,2.586005925
24419,g__WQXH01,2.505528948
24420,g__WQXJ01,2.436084016
24421,g__WQXN01,1.768612137
24422,g__WQXQ01,2.295223955
24423,g__WQXZ01,2.291622374
24424,g__WQYD01,2.072250084
24425,g__WQYJ01,2.428594292
24426,g__WQYN01,2.309738916
24427,g__WQYP01,2.454906239
24428,g__WQYW01,3.70125929
24429,g__WQYY01,2.001161609
24430,g__WQZC01,2.445165266
24431,g__WQZE01,2.141963055
24432,g__WQZF01,3.145166345
24433,g__WQZK01,2.779502883
24434,g__WQZR01,1.99103335
24435,g__WRAA01,2.573907092
24436,g__WRAB01,2.282794546
24437,g__WRAC01,2.405370252
24438,g__WRAD01,2.199307013
24439,g__WRAF01,2.137683962
24440,g__WRAG01,2.145472637
24441,g__WRAH01,2.72993499
24442,g__WRAI01,2.36602837
24443,g__WRAN01,2.371593874
24444,g__WRAP01,2.099094711
24445,g__WRAU01,2.041560399
24446,g__WRAV01,2.606828382
24447,g__WRAX01,2.654852862
24448,g__WRAY01,2.212178389
24449,g__WRBA01,2.70631657
24450,g__WRBB01,2.585588662
24451,g__WRBF01,2.401200797
24452,g__WRBG01,2.201366276
24453,g__WRBJ01,2.279993609
24454,g__WRBK01,2.297558708
24455,g__WRBM01,2.462509352
24456,g__WRBN01,2.325342362
24457,g__WRBW01,2.652450262
24458,g__WRBX01,1.227399358
24459,g__WRCA01,2.051441578
24460,g__WRCC01,1.81321171
24461,g__WRCD01,2.32042137
24462,g__WRCH01,2.49479106
24463,g__WRCJ01,1.884893287
24464,g__WRCT01,2.498310773
24465,g__WRCU01,1.385360147
24466,g__WRDA01,2.396401445
24467,g__WRDE01,1.925868536
24468,g__WRDF01,2.196306271
24469,g__WRDG01,1.757409057
24470,g__WRDJ01,2.292536154
24471,g__WRDL01,2.178143989
24472,g__WRDM01,1.985258075
24473,g__WRDS01,2.403353467
24474,g__WRDZ01,1.946364603
24475,g__WREB01,1.742727813
24476,g__WREE01,2.266685405
24477,g__WREN01,2.232046402
24478,g__WREQ01,2.273861852
24479,g__WRER01,2.384076872
24480,g__WRFC01,1.997242215
24481,g__WRFF01,2.124746389
24482,g__WRFJ01,2.31758249
24483,g__WRFS01,2.169359419
24484,g__WRFT01,1.707449977
24485,g__WRFU01,1.809823296
24486,g__WRFW01,2.251515277
24487,g__WRFX01,2.295825802
24488,g__WRFY01,2.253614548
24489,g__WRFZ01,2.050116372
24490,g__WRGA01,2.21078058
24491,g__WRGC01,1.600524293
24492,g__WRGD01,2.209882785
24493,g__WRGF01,5.822276966
24494,g__WRGR01,2.213135809
24495,g__WRGS01,2.152491154
24496,g__WRGT01,3.032822077
24497,g__WRGU01,2.085619058
24498,g__WRGV01,2.252150168
24499,g__WRHF01,2.627266134
24500,g__WRHL01,2.260854107
24501,g__WRHN01,1.827175504
24502,g__WRHT01,2.290216126
24503,g__WRHU01,2.344169409
24504,g__WRHW01,2.476362366
24505,g__WRIE01,3.141147249
24506,g__WRIO01,2.366595029
24507,g__WRIP01,2.304110927
24508,g__WRIV01,2.313805765
24509,g__WRIY01,2.793762431
24510,g__WRJA01,2.548353567
24511,g__WRJC01,2.442971668
24512,g__WRJI01,2.683465594
24513,g__WRJK01,2.436477548
24514,g__WRJS01,1.880536586
24515,g__WRKA01,2.208871129
24516,g__WRKB01,2.152558239
24517,g__WRKD01,2.382955932
24518,g__WRKF01,2.526139796
24519,g__WRKG01,2.358489719
24520,g__WRKH01,2.766036379
24521,g__WRKJ01,2.931636761
24522,g__WRKN01,2.541485882
24523,g__WRKP01,2.546428199
24524,g__WRKR01,2.245999555
24525,g__WRKU01,1.948377864
24526,g__WRKV01,2.24930966
24527,g__WRKW01,1.892449548
24528,g__WRKY01,2.163641316
24529,g__WRLA01,2.571564108
24530,g__WRLB01,2.320924783
24531,g__WRLJ01,2.038508722
24532,g__WRLL01,2.310377234
24533,g__WRLO01,3.162992048
24534,g__WRLR01,2.425490231
24535,g__WRLZ01,1.482804601
24536,g__WRMD01,1.177704535
24537,g__WRME01,1.909580197
24538,g__WRMG01,1.930757704
24539,g__WRMH01,2.44888731
24540,g__WRMI01,2.716050106
24541,g__WRMQ01,2.112517661
24542,g__WRMR01,2.893993356
24543,g__WRMS01,2.732784432
24544,g__WRMU01,1.286484019
24545,g__WRMW01,2.561084721
24546,g__WRNG01,2.208180455
24547,g__WRNP01,2.236742219
24548,g__WRNQ01,2.29357701
24549,g__WRNU01,2.466348002
24550,g__WRNX01,2.435558436
24551,g__WS-11,2.158079608
24552,g__WS-2,2.082078185
24553,g__WS-3,2.238101356
24554,g__WS-7,1.963733433
24555,g__WS-8,2.191925218
24556,g__WS-9,2.141769624
24557,g__WSXW01,3.42726156
24558,g__WSXY01,2.564934705
24559,g__WSYB01,3.445239805
24560,g__WSZJ01,3.397476706
24561,g__WSZY01,2.782354169
24562,g__WTAK01,2.390716302
24563,g__WTAW01,2.573836039
24564,g__WTBG01,1.928768243
24565,g__WTBX01,2.623111065
24566,g__WTCK01,2.515340481
24567,g__WTFV01,3.699507089
24568,g__WTFY01,2.358066883
24569,g__WTGA01,2.658067528
24570,g__WTGJ01,2.370860858
24571,g__WTGU01,2.940714806
24572,g__WTHC01,2.018912577
24573,g__WTHY01,3.052441787
24574,g__WTJD01,2.884689836
24575,g__WTJH01,2.757485726
24576,g__WTJO01,2.990667891
24577,g__WTJX01,2.795141872
24578,g__WTJY01,4.098280459
24579,g__WTJZ01,3.38417599
24580,g__WTKA01,3.141479056
24581,g__WTKD01,2.301391002
24582,g__WTKG01,2.366273637
24583,g__WTXA01,2.23372352
24584,g__WUQU01,2.472268729
24585,g__WUQV01,2.531314887
24586,g__WVHS01,3.598430943
24587,g__WVWN01,2.396708188
24588,g__WVWV01,2.644170429
24589,g__WVWW01,2.505010117
24590,g__WVXJ01,2.28678742
24591,g__WVXK01,2.520607645
24592,g__WVXP01,3.145158796
24593,g__WVXT01,1.804232654
24594,g__WVYX01,2.526747723
24595,g__WVZH01,3.790119175
24596,g__WVZL01,2.593084485
24597,g__WVZY01,2.628301014
24598,g__WYAZ01,4.36265666
24599,g__WYBA01,4.675617495
24600,g__WYBB01,3.525490861
24601,g__WYBJ01,3.935471541
24602,g__WYBL01,2.860934649
24603,g__WYBT01,3.536539332
24604,g__WYBW01,3.823167597
24605,g__WYEG01,2.207952525
24606,g__WYEN01,2.216605633
24607,g__WYEQ01,2.159454908
24608,g__WYZ-LMO10,2.169788744
24609,g__WYZ-LMO11,1.977780027
24610,g__WYZ-LMO2,2.302709782
24611,g__WYZ-LMO6,1.905390112
24612,g__WYZ-LMO8,2.133600092
24613,g__Waddlia,2.499230461
24614,g__Wagnerdoeblera,4.253219329
24615,g__Walczuchella,1.847006727
24616,g__Waterburya,3.893597725
24617,g__Weeksella,3.0546489
24618,g__Weimeria,3.099429601
24619,g__Weissella,3.885929358
24620,g__Weizmannia,3.940376121
24621,g__Wenjunlia,4.263002627
24622,g__Wenxinia,2.977183875
24623,g__Wenyingzhuangia,2.311707371
24624,g__Wenzhouxiangella,2.70241156
24625,g__Westeberhardia,1.756153029
24626,g__Wielerella,2.814736332
24627,g__Wigglesworthia,1.641328871
24628,g__Williamsia,4.38261378
24629,g__Williamsia_A,3.279152036
24630,g__Williamsia_B,3.406822603
24631,g__Williamsoniiplasma,2.753760197
24632,g__Williamwhitmania,3.378787482
24633,g__Winkia,3.103655775
24634,g__Winogradskyella,3.045381405
24635,g__Winslowiella,5.194936426
24636,g__Wocania,2.789249996
24637,g__Woeseia,3.169140877
24638,g__Wohlfahrtiimonas,3.351249432
24639,g__Wolbachia,2.523065978
24640,g__Wolframiiraptor,2.096391321
24641,g__Wolinella,3.138607746
24642,g__Woodsholea,3.460560611
24643,g__Woodwardibium,2.440839849
24644,g__Woronichinia,5.509384693
24645,g__Wujia,3.543387327
24646,g__Wukongarchaeum,2.732079204
24647,g__Ww567,2.998513668
24648,g__Ww85,3.415858052
24649,g__X156,2.745782184
24650,g__X23,4.093732047
24651,g__XBB1006,3.314196125
24652,g__XBB2008,2.792582361
24653,g__XBD2001,3.121037883
24654,g__XH8,2.919680772
24655,g__XN24,2.567240797
24656,g__XY-R5,4.982559013
24657,g__XYA12-FULL-58-9,3.936808583
24658,g__XYA2-FULL-35-8,1.676808835
24659,g__XYA2-FULL-39-19,2.742339599
24660,g__XYA2-FULL-43-10,1.790825202
24661,g__XYA2-FULL-43-15,1.520841656
24662,g__XYA2-FULL-47-19,1.848050722
24663,g__XYA2-FULL-47-53,1.973787919
24664,g__XYB1-36-10,1.321667359
24665,g__XYB1-40-15,1.643732636
24666,g__XYB1-FULL-32-11,1.738935146
24667,g__XYB1-FULL-40-15,1.736172504
24668,g__XYB1-FULL-42-16,1.615515767
24669,g__XYB1-FULL-44-23,1.276995992
24670,g__XYB1-FULL-47-11,1.35405153
24671,g__XYB12-FULL-38-5,2.495373033
24672,g__XYB2-FULL-36-35,2.080612328
24673,g__XYB2-FULL-38-15,1.684955278
24674,g__XYB2-FULL-45-11,1.836395857
24675,g__XYB2-FULL-45-9,1.835589101
24676,g__XYB2-FULL-49-35,3.117818717
24677,g__XYB2-FULL-50-12,1.718290081
24678,g__XYC,2.888031939
24679,g__XYC1-FULL-37-79,3.07551113
24680,g__XYC1-FULL-56-13,2.91418435
24681,g__XYC2-34-220,1.819424737
24682,g__XYC2-FULL-35-21,2.941919291
24683,g__XYC2-FULL-37-10,1.960394702
24684,g__XYC2-FULL-38-9,1.645940882
24685,g__XYC2-FULL-41-22,2.125400713
24686,g__XYC2-FULL-46-14,1.770277058
24687,g__XYC2-FULL-47-12,1.565051898
24688,g__XYD1-37-29,1.432462018
24689,g__XYD1-FULL-39-28,1.849276414
24690,g__XYD1-FULL-40-9,1.495816185
24691,g__XYD1-FULL-44-32,1.709073124
24692,g__XYD1-FULL-46-19,1.711823237
24693,g__XYD1-FULL-53-11,2.734881012
24694,g__XYD1-FULL-55-31,2.932324017
24695,g__XYD12-FULL-36-8,2.58072442
24696,g__XYD12-FULL-50-9,4.568059521
24697,g__XYD2-FULL-39-9,1.927809365
24698,g__XYD2-FULL-41-14,1.771175773
24699,g__XYD2-FULL-41-16,2.891762973
24700,g__XYD2-FULL-41-8,1.80242283
24701,g__XYD2-FULL-50-16,3.084537347
24702,g__XZGYJ-43,3.141618282
24703,g__Xanthobacter,3.611551988
24704,g__Xanthomarina,2.865097744
24705,g__Xanthomonas,3.355975066
24706,g__Xanthomonas_A,3.126924459
24707,g__Xanthomonas_B,2.918286788
24708,g__Xanthovirga,4.166537416
24709,g__Xaviernesmea,4.262101105
24710,g__Xenobium,3.071289511
24711,g__Xenococcus,4.241005428
24712,g__Xenolissoclinum,2.24960106
24713,g__Xenophilus,4.209398519
24714,g__Xenorhabdus,4.605131733
24715,g__Xiamenia,2.87483778
24716,g__Xianfuyuplasma,2.577106225
24717,g__Xinfangfangia,4.007562181
24718,g__Xiphinematobacter,1.917557895
24719,g__Xylanibacillus,3.79482609
24720,g__Xylanimonas,2.726237165
24721,g__Xylanivirga,2.220868775
24722,g__Xylella,3.144885183
24723,g__Xylophilus,3.981468804
24724,g__YA12-FULL-48-11,2.517960632
24725,g__YA12-FULL-51-18,2.258673864
24726,g__YA12-FULL-60-10,2.670292896
24727,g__YA12-FULL-61-11,3.028639692
24728,g__YB1-3,2.168599651
24729,g__YB12-FULL-65-16,4.293568091
24730,g__YB3-1,2.339807777
24731,g__YC12-FULL-57-11,2.055285692
24732,g__YC2-FULL-38-9,1.511509082
24733,g__YD0425bin50,3.147173069
24734,g__YD0425bin51,3.191700157
24735,g__YD12-FULL-39-22,3.17690939
24736,g__YD12-FULL-57-12,3.96206665
24737,g__YD12-FULL-61-37,3.166072126
24738,g__YE71,3.431422056
24739,g__YIM-151500,3.183508304
24740,g__YIM-152171,2.50828515
24741,g__YIM-78166,6.275291392
24742,g__YN15,4.307178075
24743,g__YT-029,3.505047941
24744,g__YT-063,2.56949475
24745,g__YT1-039,4.343798655
24746,g__YT1-057,3.751925608
24747,g__YT1-065,3.41377793
24748,g__Yaniella,3.433870114
24749,g__Yeguia,2.93162135
24750,g__Yeosuana,2.794755149
24751,g__Yersinia,4.410706687
24752,g__Yes70-04,2.315362982
24753,g__Yes70-35,2.050742614
24754,g__Yes71-27,1.925667726
24755,g__Yimella,3.12534872
24756,g__Yinghuangia,5.204453108
24757,g__Yokenella,5.018350057
24758,g__Yoonia,3.899777788
24759,g__Youhaiella,3.762882468
24760,g__Youngiibacter,3.126004181
24761,g__Youxingia,3.2787145
24762,g__Yuhushiella,3.792292926
24763,g__Z2-YC6860,3.837415617
24764,g__ZC3RG03,2.560252408
24765,g__ZC3RG10,2.123939745
24766,g__ZC4RG17,2.561035549
24767,g__ZC4RG19,2.388335098
24768,g__ZC4RG20,2.745465353
24769,g__ZC4RG24,2.795847777
24770,g__ZC4RG25,3.287351571
24771,g__ZC4RG29,3.194257773
24772,g__ZC4RG30,2.795451418
24773,g__ZC4RG34,2.293794326
24774,g__ZC4RG35,2.330341871
24775,g__ZC4RG36,3.158625684
24776,g__ZC4RG37,2.204504422
24777,g__ZC4RG38,2.452131134
24778,g__ZC4RG39,2.933698226
24779,g__ZC4RG40,2.308442732
24780,g__ZC4RG42,2.320175978
24781,g__ZCTH02-B3,2.549282214
24782,g__ZCTH02-B6,2.450796342
24783,g__ZFBP1038,3.847066043
24784,g__ZG21-1,3.397648329
24785,g__ZJ141,3.088303166
24786,g__ZJ293,3.52111401
24787,g__ZJ450,3.383890485
24788,g__ZLKRG04,2.090192013
24789,g__ZLKRG08,3.739267705
24790,g__ZLKRG44,2.484802914
24791,g__ZLKRG46,2.509176124
24792,g__ZODW24,3.274948614
24793,g__ZOR0006,3.648565653
24794,g__ZYF759,3.713297534
24795,g__Zafaria,3.695932634
24796,g__Zag111,2.684942945
24797,g__Zapsychrus,2.049041051
24798,g__Zapsychrus_A,2.286788196
24799,g__Zarconia,2.737105463
24800,g__Zavarzinella,5.878276977
24801,g__Zavarzinia,3.655407489
24802,g__Zeaxanthinibacter,3.109169759
24803,g__Zeimonas,2.877235135
24804,g__Zemynaea,2.417882818
24805,g__Zestosphaera,2.313846981
24806,g__Zgenome-0002,2.471449693
24807,g__Zgenome-0027,2.308870193
24808,g__Zhaonella,3.057945051
24809,g__Zhengella,3.469888577
24810,g__Zhenhengia,4.004389573
24811,g__Zhihengliuella,3.825267758
24812,g__Zhongshania,3.943340215
24813,g__Zhouia,3.462198524
24814,g__Zinderia,1.418600553
24815,g__Zobellella,5.985702379
24816,g__Zobellella_A,5.043778176
24817,g__Zobellella_C,5.742796356
24818,g__Zobellella_D,4.671573627
24819,g__Zobellella_E,5.85905263
24820,g__Zobellia,3.374087745
24821,g__Zongyangia,3.051830959
24822,g__Zoogloea,4.410815702
24823,g__Zooshikella,4.144931974
24824,g__Zophobacter,2.359887873
24825,g__Zophobihabitans,3.079650021
24826,g__Zrk29,2.30523098
24827,g__Zrk34,3.332103127
24828,g__Zrk6,2.842878078
24829,g__Zth2,3.114185448
24830,g__Zunongwangia,3.165371332
24831,g__Zwartia,3.328895161
24832,g__Zymobacter,3.319236114
24833,g__Zymogenus,2.884756594
24834,g__Zymomonas,2.992628965